Customer ID,Recency,Frequency,Monetary,Cluster,Customer_Segment
12346,164,11,372.86,1,Lost Customers
12347,2,2,1323.32,0,Regular Customers
12348,73,1,222.16,0,Regular Customers
12349,42,3,2671.14,0,Regular Customers
12351,10,1,300.93,0,Regular Customers
12352,10,2,343.8,0,Regular Customers
12353,43,1,317.76,0,Regular Customers
12355,202,1,488.21,1,Lost Customers
12356,15,3,3562.25,0,Regular Customers
12357,23,2,12079.99,0,Regular Customers
12358,10,3,2719.01,0,Regular Customers
12359,60,6,2563.36,0,Regular Customers
12360,14,5,1590.83,0,Regular Customers
12361,97,3,321.35,0,Regular Customers
12362,373,1,130.0,1,Lost Customers
12366,268,1,500.24,1,Lost Customers
12368,263,1,917.7,1,Lost Customers
12369,48,3,1791.15,0,Regular Customers
12370,259,3,774.62,1,Lost Customers
12371,44,3,2179.42,0,Regular Customers
12373,259,2,763.0500000000001,1,Lost Customers
12374,56,3,2246.29,0,Regular Customers
12376,24,2,503.15,0,Regular Customers
12377,16,2,1798.2,0,Regular Customers
12378,197,1,1407.7,1,Lost Customers
12379,57,2,767.98,0,Regular Customers
12380,100,7,6951.49,0,Regular Customers
12385,14,1,1938.4,0,Regular Customers
12386,1,1,258.9,0,Regular Customers
12387,50,1,143.94,0,Regular Customers
12388,80,2,1120.45,0,Regular Customers
12389,37,3,1433.33,0,Regular Customers
12391,99,5,2312.53,0,Regular Customers
12392,226,1,234.75000000000003,1,Lost Customers
12393,17,2,816.85,0,Regular Customers
12395,6,4,2048.64,0,Regular Customers
12396,309,1,931.43,1,Lost Customers
12399,20,3,853.65,0,Regular Customers
12400,49,1,205.25,0,Regular Customers
12402,27,5,1031.3,0,Regular Customers
12403,156,1,591.6600000000001,1,Lost Customers
12404,317,1,63.24,1,Lost Customers
12406,34,3,2975.06,0,Regular Customers
12408,20,3,1452.22,0,Regular Customers
12409,55,4,12346.62,0,Regular Customers
12410,137,1,320.38,0,Regular Customers
12411,44,1,346.9,0,Regular Customers
12412,37,3,1370.05,0,Regular Customers
12413,37,1,241.35,0,Regular Customers
12414,98,3,390.0,0,Regular Customers
12415,10,7,19543.84,0,Regular Customers
12416,291,1,202.56,1,Lost Customers
12417,45,11,3167.81,0,Regular Customers
12418,48,3,1352.62,0,Regular Customers
12419,20,2,503.01,0,Regular Customers
12421,50,2,291.56,0,Regular Customers
12422,29,14,4428.24,0,Regular Customers
12423,22,2,763.08,0,Regular Customers
12424,57,2,1579.07,0,Regular Customers
12425,83,1,964.21,0,Regular Customers
12426,297,1,762.48,1,Lost Customers
12427,6,1,303.5,0,Regular Customers
12429,0,5,3735.51,0,Regular Customers
12431,8,13,4370.52,0,Regular Customers
12433,1,5,7205.39,0,Regular Customers
12434,16,1,297.29,0,Regular Customers
12435,31,4,6096.04,0,Regular Customers
12437,30,21,7731.99,0,Regular Customers
12439,317,2,1158.18,1,Lost Customers
12440,97,2,859.2,0,Regular Customers
12441,1,1,173.55,0,Regular Customers
12443,367,1,485.31,1,Lost Customers
12445,55,1,301.58000000000004,0,Regular Customers
12449,45,2,768.6,0,Regular Customers
12450,34,3,490.32,0,Regular Customers
12451,98,3,3634.36,0,Regular Customers
12454,30,4,13151.44,0,Regular Customers
12455,80,4,3413.09,0,Regular Customers
12457,70,1,632.68,0,Regular Customers
12458,62,2,830.09,0,Regular Customers
12459,240,1,454.36,1,Lost Customers
12460,91,1,326.65,0,Regular Customers
12466,317,1,56.73,1,Lost Customers
12467,58,1,132.8,0,Regular Customers
12468,161,3,2941.2,1,Lost Customers
12469,157,2,3070.54,1,Lost Customers
12470,324,1,211.95,1,Lost Customers
12471,9,49,20139.74,3,Loyal Customers
12472,4,13,11308.48,0,Regular Customers
12474,13,13,5048.66,0,Regular Customers
12475,44,1,426.26,0,Regular Customers
12476,31,12,7298.99,0,Regular Customers
12477,34,3,7056.63,0,Regular Customers
12480,34,3,2183.2200000000003,0,Regular Customers
12481,0,6,6765.07,0,Regular Customers
12482,211,29,23691.4,3,Loyal Customers
12483,13,11,2635.6,0,Regular Customers
12484,118,6,1828.43,0,Regular Customers
12485,164,1,708.1,1,Lost Customers
12486,66,1,1037.28,0,Regular Customers
12487,365,1,285.29999999999995,1,Lost Customers
12490,13,11,4405.71,0,Regular Customers
12492,38,1,452.0,0,Regular Customers
12494,0,3,626.77,0,Regular Customers
12495,275,1,357.4,1,Lost Customers
12496,255,2,54.09,1,Lost Customers
12497,35,2,5205.400000000001,0,Regular Customers
12499,195,1,393.72,1,Lost Customers
12500,70,8,1697.39,0,Regular Customers
12503,219,1,1126.0,1,Lost Customers
12504,52,2,297.0,0,Regular Customers
12505,43,1,955.2,0,Regular Customers
12507,219,1,539.25,1,Lost Customers
12510,94,7,4195.45,0,Regular Customers
12511,63,1,3084.02,0,Regular Customers
12514,276,1,580.08,1,Lost Customers
12516,65,2,1336.56,0,Regular Customers
12519,111,1,385.7,0,Regular Customers
12523,9,12,2582.38,0,Regular Customers
12524,23,9,6640.39,0,Regular Customers
12525,133,3,973.73,0,Regular Customers
12527,129,2,386.8,0,Regular Customers
12529,163,1,316.48,1,Lost Customers
12530,50,5,2096.98,0,Regular Customers
12531,321,1,1807.98,1,Lost Customers
12533,262,2,1367.89,1,Lost Customers
12537,43,1,732.94,0,Regular Customers
12538,13,1,276.5,0,Regular Customers
12539,85,3,5646.400000000001,0,Regular Customers
12540,13,16,8854.25,0,Regular Customers
12542,119,2,481.88,0,Regular Customers
12543,83,1,980.25,0,Regular Customers
12547,135,1,175.78,0,Regular Customers
12549,210,6,1575.68,1,Lost Customers
12553,20,2,916.47,0,Regular Customers
12554,83,1,468.5,0,Regular Customers
12555,317,1,129.23,1,Lost Customers
12557,6,4,6725.18,0,Regular Customers
12562,20,2,1185.18,0,Regular Customers
12563,43,1,249.24,0,Regular Customers
12567,2,7,4308.58,0,Regular Customers
12568,279,1,70.0,1,Lost Customers
12570,317,1,77.52,1,Lost Customers
12573,16,4,556.87,0,Regular Customers
12575,92,2,622.8199999999999,0,Regular Customers
12576,27,3,826.89,0,Regular Customers
12577,16,5,995.95,0,Regular Customers
12578,20,2,1847.94,0,Regular Customers
12580,211,1,637.2,1,Lost Customers
12582,57,2,1469.04,0,Regular Customers
12583,8,13,7166.06,0,Regular Customers
12586,9,3,1865.73,0,Regular Customers
12588,34,3,743.88,0,Regular Customers
12589,56,6,4048.98,0,Regular Customers
12591,25,2,899.3,0,Regular Customers
12592,154,3,2145.06,1,Lost Customers
12594,13,5,1751.89,0,Regular Customers
12595,139,1,299.02,1,Lost Customers
12598,98,3,1511.01,0,Regular Customers
12599,16,6,1264.14,0,Regular Customers
12600,6,12,2444.88,0,Regular Customers
12601,39,1,104.2,0,Regular Customers
12605,11,4,1232.95,0,Regular Customers
12606,317,1,21.0,1,Lost Customers
12608,39,1,415.79,0,Regular Customers
12609,9,6,2309.01,0,Regular Customers
12613,23,5,3490.69,0,Regular Customers
12615,48,4,3449.79,0,Regular Customers
12616,23,1,417.8,0,Regular Customers
12619,195,1,140.14,1,Lost Customers
12621,0,16,11086.14,0,Regular Customers
12623,51,6,3442.74,0,Regular Customers
12625,144,2,2481.06,1,Lost Customers
12629,20,2,1558.22,0,Regular Customers
12631,91,5,2841.07,0,Regular Customers
12632,155,2,804.88,1,Lost Customers
12633,17,3,3514.18,0,Regular Customers
12634,170,2,490.0,1,Lost Customers
12635,27,2,1241.23,0,Regular Customers
12636,373,1,141.0,1,Lost Customers
12637,13,4,2318.41,0,Regular Customers
12638,274,1,249.8,1,Lost Customers
12639,69,2,826.27,0,Regular Customers
12643,20,6,5005.78,0,Regular Customers
12644,65,3,1440.58,0,Regular Customers
12645,44,4,1764.12,0,Regular Customers
12647,2,27,14201.53,3,Loyal Customers
12648,72,3,793.95,0,Regular Customers
12649,17,5,1671.14,0,Regular Customers
12651,13,3,263.75,0,Regular Customers
12652,69,1,97.05,0,Regular Customers
12653,161,1,1950.98,1,Lost Customers
12655,58,1,261.35,0,Regular Customers
12656,60,3,2356.66,0,Regular Customers
12661,71,1,162.0,0,Regular Customers
12662,8,10,3138.24,0,Regular Customers
12663,259,2,239.4,1,Lost Customers
12664,149,2,1188.16,1,Lost Customers
12665,52,2,250.6,0,Regular Customers
12666,29,1,1248.42,0,Regular Customers
12668,13,6,7637.53,0,Regular Customers
12670,20,2,764.24,0,Regular Customers
12671,241,1,2622.481,1,Lost Customers
12672,230,1,211.15,1,Lost Customers
12673,36,1,619.5,0,Regular Customers
12675,188,2,958.5,1,Lost Customers
12676,43,5,1511.7,0,Regular Customers
12677,190,2,395.1,1,Lost Customers
12678,10,9,16652.72,0,Regular Customers
12681,2,24,17080.74,3,Loyal Customers
12682,0,23,11745.69,0,Regular Customers
12683,0,8,4220.21,0,Regular Customers
12686,6,1,89.14,0,Regular Customers
12687,115,2,2138.91,0,Regular Customers
12691,55,1,134.6,0,Regular Customers
12692,272,1,110.95,1,Lost Customers
12693,31,3,847.11,0,Regular Customers
12694,56,1,973.68,0,Regular Customers
12695,163,3,825.02,1,Lost Customers
12696,69,2,851.91,0,Regular Customers
12698,225,1,339.75,1,Lost Customers
12699,52,1,638.11,0,Regular Customers
12701,164,4,1648.7,1,Lost Customers
12703,268,3,722.98,1,Lost Customers
12705,18,5,4893.81,0,Regular Customers
12708,3,9,2601.19,0,Regular Customers
12709,1,20,21356.82,0,Regular Customers
12711,246,2,1339.05,1,Lost Customers
12712,0,10,2797.53,0,Regular Customers
12714,23,7,9384.85,0,Regular Customers
12717,225,1,277.93,1,Lost Customers
12720,4,6,2478.94,0,Regular Customers
12721,20,2,1356.95,0,Regular Customers
12724,18,3,1286.11,0,Regular Customers
12725,6,4,2266.76,0,Regular Customers
12726,22,4,1405.5,0,Regular Customers
12727,77,3,1698.8300000000002,0,Regular Customers
12728,18,1,233.84,0,Regular Customers
12730,156,1,829.25,1,Lost Customers
12731,77,5,6879.8,0,Regular Customers
12733,24,3,2040.92,0,Regular Customers
12734,9,2,529.25,0,Regular Customers
12737,133,2,3710.5,0,Regular Customers
12738,7,1,155.35,0,Regular Customers
12739,20,2,1713.69,0,Regular Customers
12741,164,2,406.07,1,Lost Customers
12742,260,1,1201.52,1,Lost Customers
12744,94,4,4037.77,0,Regular Customers
12745,121,3,925.41,0,Regular Customers
12746,175,1,254.55,1,Lost Customers
12747,4,16,5080.53,0,Regular Customers
12748,0,144,22879.66,3,Loyal Customers
12749,34,4,2806.48,0,Regular Customers
12751,79,1,268.27,0,Regular Customers
12755,0,10,5218.709999999999,0,Regular Customers
12758,94,5,7111.650000000001,0,Regular Customers
12759,21,5,3489.3,0,Regular Customers
12760,90,1,347.8,0,Regular Customers
12761,92,2,782.95,0,Regular Customers
12763,4,1,320.08,0,Regular Customers
12765,107,6,1404.58,0,Regular Customers
12766,1,3,3078.65,0,Regular Customers
12767,10,1,949.82,0,Regular Customers
12768,85,1,168.69000000000003,0,Regular Customers
12770,91,1,1895.0,0,Regular Customers
12771,120,1,282.3,0,Regular Customers
12773,199,1,124.25,1,Lost Customers
12774,170,1,98.7,1,Lost Customers
12775,23,2,300.08,0,Regular Customers
12776,302,1,55.5,1,Lost Customers
12777,92,1,519.45,0,Regular Customers
12778,31,3,953.45,0,Regular Customers
12779,6,7,2740.91,0,Regular Customers
12780,233,1,337.4,1,Lost Customers
12782,9,6,2287.32,0,Regular Customers
12784,164,1,1230.33,1,Lost Customers
12785,170,2,788.45,1,Lost Customers
12786,244,1,728.5,1,Lost Customers
12787,48,1,398.52,0,Regular Customers
12788,98,4,444.9,0,Regular Customers
12789,147,2,181.5,1,Lost Customers
12790,45,1,266.93,0,Regular Customers
12791,8,6,863.51,0,Regular Customers
12792,169,1,426.47,1,Lost Customers
12793,6,2,471.85,0,Regular Customers
12796,263,1,381.0,1,Lost Customers
12797,0,2,552.08,0,Regular Customers
12798,56,1,1533.89,0,Regular Customers
12799,164,1,219.35,1,Lost Customers
12800,105,3,584.25,0,Regular Customers
12801,135,1,1071.82,0,Regular Customers
12802,77,6,1988.84,0,Regular Customers
12803,28,1,1092.81,0,Regular Customers
12804,100,2,327.02,0,Regular Customers
12805,16,4,1434.95,0,Regular Customers
12806,70,4,2878.96,0,Regular Customers
12807,18,1,330.35,0,Regular Customers
12808,3,3,422.45,0,Regular Customers
12809,200,2,1266.63,1,Lost Customers
12810,169,2,534.99,1,Lost Customers
12811,13,2,519.05,0,Regular Customers
12813,136,3,1687.8,0,Regular Customers
12817,34,2,524.94,0,Regular Customers
12819,93,1,540.52,0,Regular Customers
12820,32,7,1747.18,0,Regular Customers
12821,246,1,128.07999999999998,1,Lost Customers
12823,29,13,4742.0,0,Regular Customers
12825,156,2,518.63,1,Lost Customers
12826,0,6,1481.03,0,Regular Customers
12829,185,1,92.3,1,Lost Customers
12831,98,2,236.06,0,Regular Customers
12835,62,41,6043.31,3,Loyal Customers
12836,24,11,3972.76,0,Regular Customers
12837,204,1,554.31,1,Lost Customers
12838,8,9,2715.35,0,Regular Customers
12839,2,13,4480.31,0,Regular Customers
12840,72,3,1315.2,0,Regular Customers
12841,4,17,3518.33,0,Regular Customers
12842,39,2,799.0,0,Regular Customers
12843,17,22,4886.15,0,Regular Customers
12844,77,2,322.64,0,Regular Customers
12846,317,1,15.58,1,Lost Customers
12847,22,1,765.36,0,Regular Customers
12848,310,1,208.0,1,Lost Customers
12849,16,4,2039.67,0,Regular Customers
12850,80,1,330.0,0,Regular Customers
12851,112,1,148.95,0,Regular Customers
12853,62,5,1950.4,0,Regular Customers
12854,196,4,1669.52,1,Lost Customers
12855,7,4,612.84,0,Regular Customers
12857,71,4,2581.6,0,Regular Customers
12858,18,1,177.92,0,Regular Customers
12859,93,1,575.1,0,Regular Customers
12860,328,1,55.47,1,Lost Customers
12861,254,1,68.25,1,Lost Customers
12862,60,2,1008.32,0,Regular Customers
12863,14,5,2271.35,0,Regular Customers
12864,143,1,152.45,1,Lost Customers
12865,13,2,1755.24,0,Regular Customers
12866,109,2,668.23,0,Regular Customers
12867,32,6,3876.47,0,Regular Customers
12868,8,3,640.0,0,Regular Customers
12869,316,1,337.67,1,Lost Customers
12870,10,3,1676.95,0,Regular Customers
12871,74,1,363.38,0,Regular Customers
12872,0,11,3085.52,0,Regular Customers
12873,32,2,1653.3,0,Regular Customers
12874,20,2,948.42,0,Regular Customers
12875,106,3,1013.76,0,Regular Customers
12876,29,2,1863.77,0,Regular Customers
12877,36,8,1419.4,0,Regular Customers
12880,16,2,640.13,0,Regular Customers
12887,18,1,222.4,0,Regular Customers
12889,16,4,385.46,0,Regular Customers
12890,22,1,336.8,0,Regular Customers
12891,93,8,509.5,0,Regular Customers
12892,31,1,263.38,0,Regular Customers
12894,210,1,157.35,1,Lost Customers
12897,16,2,297.75,0,Regular Customers
12898,98,2,310.96000000000004,0,Regular Customers
12899,48,1,366.4,0,Regular Customers
12900,57,1,340.33,0,Regular Customers
12903,63,1,833.53,0,Regular Customers
12905,211,2,1018.42,1,Lost Customers
12907,30,2,508.91,0,Regular Customers
12908,15,3,1026.0,0,Regular Customers
12909,59,3,924.52,0,Regular Customers
12910,14,5,2721.48,0,Regular Customers
12911,186,1,1680.47,1,Lost Customers
12913,3,9,4217.2300000000005,0,Regular Customers
12914,35,1,223.98,0,Regular Customers
12915,7,3,811.1,0,Regular Customers
12916,77,3,1647.87,0,Regular Customers
12917,35,5,3765.2,0,Regular Customers
12918,261,1,10953.5,1,Lost Customers
12920,206,3,323.86,1,Lost Customers
12921,1,39,19333.95,3,Loyal Customers
12923,25,2,612.9,0,Regular Customers
12924,28,8,1535.7,0,Regular Customers
12925,227,1,35.28,1,Lost Customers
12926,46,4,1548.46,0,Regular Customers
12927,29,1,197.31,0,Regular Customers
12928,13,7,2242.19,0,Regular Customers
12931,15,42,50291.38,3,Loyal Customers
12932,174,8,1698.56,1,Lost Customers
12933,15,5,1079.5,0,Regular Customers
12934,371,1,181.65,1,Lost Customers
12935,10,8,2083.16,0,Regular Customers
12937,98,5,1593.34,0,Regular Customers
12939,14,12,13683.0,0,Regular Customers
12941,359,1,377.49,1,Lost Customers
12942,0,1,258.75,0,Regular Customers
12943,193,2,496.5,1,Lost Customers
12945,291,1,437.16,1,Lost Customers
12946,71,1,324.45,0,Regular Customers
12947,8,1,304.04,0,Regular Customers
12948,365,2,252.48,1,Lost Customers
12949,17,14,11359.48,0,Regular Customers
12951,21,9,2149.65,0,Regular Customers
12953,157,1,498.96,1,Lost Customers
12954,273,1,162.45,1,Lost Customers
12956,319,3,413.82,1,Lost Customers
12957,176,5,4689.43,1,Lost Customers
12958,35,2,539.49,0,Regular Customers
12959,119,1,150.95,0,Regular Customers
12960,48,4,1322.07,0,Regular Customers
12961,14,1,211.99,0,Regular Customers
12963,0,5,1744.96,0,Regular Customers
12964,72,1,132.24,0,Regular Customers
12967,6,2,2646.02,0,Regular Customers
12969,237,1,122.45,1,Lost Customers
12970,15,6,1072.73,0,Regular Customers
12971,1,33,4782.88,3,Loyal Customers
12972,48,4,1161.2,0,Regular Customers
12973,48,1,385.55,0,Regular Customers
12974,200,1,264.15,1,Lost Customers
12975,71,6,2100.09,0,Regular Customers
12976,13,7,2417.78,0,Regular Customers
12977,136,3,478.39,0,Regular Customers
12978,20,5,2502.82,0,Regular Customers
12979,364,1,517.7,1,Lost Customers
12980,21,12,8870.880000000001,0,Regular Customers
12982,29,7,2354.27,0,Regular Customers
12983,233,1,490.08,1,Lost Customers
12986,63,10,2729.84,0,Regular Customers
12987,55,3,753.51,0,Regular Customers
12989,59,18,6627.64,0,Regular Customers
12990,52,4,546.0,0,Regular Customers
12991,24,1,261.06,0,Regular Customers
12992,360,1,93.35,1,Lost Customers
12993,80,4,844.87,0,Regular Customers
12996,10,1,355.5,0,Regular Customers
12997,29,4,884.02,0,Regular Customers
12998,127,3,920.08,0,Regular Customers
13000,360,1,497.65,1,Lost Customers
13001,39,20,14353.28,0,Regular Customers
13002,51,2,293.18,0,Regular Customers
13004,21,18,5994.94,0,Regular Customers
13005,66,2,485.98,0,Regular Customers
13007,214,1,175.25,1,Lost Customers
13008,32,2,382.66,0,Regular Customers
13009,307,1,234.0,1,Lost Customers
13010,9,2,330.12,0,Regular Customers
13011,7,1,50.55,0,Regular Customers
13012,64,3,1310.99,0,Regular Customers
13013,6,18,7814.83,0,Regular Customers
13014,67,1,1914.8,0,Regular Customers
13015,73,6,3240.14,0,Regular Customers
13018,48,7,2485.46,0,Regular Customers
13019,14,6,1229.95,0,Regular Customers
13020,197,2,618.96,1,Lost Customers
13021,9,8,2270.86,0,Regular Customers
13022,64,1,65.3,0,Regular Customers
13023,163,1,759.13,1,Lost Customers
13024,105,2,555.87,0,Regular Customers
13025,366,1,323.39,1,Lost Customers
13026,123,4,757.72,0,Regular Customers
13027,20,13,10423.2,0,Regular Customers
13029,9,2,679.8,0,Regular Customers
13030,3,1,427.74,0,Regular Customers
13031,42,5,3419.27,0,Regular Customers
13032,27,7,1833.37,0,Regular Customers
13033,64,1,30.0,0,Regular Customers
13034,4,2,279.91,0,Regular Customers
13035,66,1,442.32,0,Regular Customers
13036,319,1,307.1,1,Lost Customers
13037,34,9,3033.88,0,Regular Customers
13039,219,4,1010.73,1,Lost Customers
13041,85,4,799.13,0,Regular Customers
13042,233,3,1556.54,1,Lost Customers
13044,127,10,4293.43,0,Regular Customers
13045,36,2,503.64,0,Regular Customers
13046,91,1,319.94,0,Regular Customers
13047,8,17,5557.62,0,Regular Customers
13048,71,5,2248.3,0,Regular Customers
13049,24,2,751.5600000000001,0,Regular Customers
13050,1,19,6507.67,0,Regular Customers
13051,213,2,155.8,1,Lost Customers
13052,55,6,2820.38,0,Regular Customers
13053,256,1,127.65,1,Lost Customers
13055,64,1,1106.7,0,Regular Customers
13056,186,1,209.48,1,Lost Customers
13057,165,3,722.09,1,Lost Customers
13059,48,9,2119.77,0,Regular Customers
13063,115,1,188.4,0,Regular Customers
13064,185,2,561.25,1,Lost Customers
13065,8,5,1055.05,0,Regular Customers
13067,44,2,393.05,0,Regular Customers
13069,4,16,5247.01,0,Regular Customers
13070,94,3,522.9,0,Regular Customers
13071,247,1,129.22,1,Lost Customers
13073,46,2,418.08,0,Regular Customers
13074,146,4,1378.74,1,Lost Customers
13076,92,1,135.4,0,Regular Customers
13077,1,8,2335.4,0,Regular Customers
13078,1,32,16904.510000000002,3,Loyal Customers
13079,52,1,199.08,0,Regular Customers
13080,36,3,222.65,0,Regular Customers
13081,6,19,30867.77,3,Loyal Customers
13082,59,12,3722.12,0,Regular Customers
13083,60,1,91.68,0,Regular Customers
13084,126,1,122.4,0,Regular Customers
13085,314,6,2017.2,1,Lost Customers
13086,17,1,439.33,0,Regular Customers
13087,361,1,313.64,1,Lost Customers
13088,52,1,236.11,0,Regular Customers
13089,3,109,57912.03,3,Loyal Customers
13090,0,13,5192.27,0,Regular Customers
13091,364,2,1976.0,1,Lost Customers
13092,49,7,1662.45,0,Regular Customers
13093,8,48,47111.18,3,Loyal Customers
13094,3,2,505.8,0,Regular Customers
13096,29,1,419.7000000000001,0,Regular Customers
13097,23,18,7378.8,0,Regular Customers
13101,133,3,594.21,0,Regular Customers
13102,0,14,5272.83,0,Regular Customers
13103,72,2,465.7000000000001,0,Regular Customers
13104,50,3,610.62,0,Regular Customers
13105,71,1,72.0,0,Regular Customers
13106,48,1,526.96,0,Regular Customers
13107,48,5,3721.45,0,Regular Customers
13108,7,2,748.46,0,Regular Customers
13109,186,1,347.49,1,Lost Customers
13110,72,5,1468.8000000000002,0,Regular Customers
13111,353,1,321.88000000000005,1,Lost Customers
13112,176,1,20.6,1,Lost Customers
13113,1,14,6379.77,0,Regular Customers
13114,365,1,234.38,1,Lost Customers
13115,14,6,3199.92,0,Regular Customers
13117,0,12,1658.9,0,Regular Customers
13118,11,4,1217.6,0,Regular Customers
13119,303,1,134.9,1,Lost Customers
13123,107,2,506.75,0,Regular Customers
13124,20,1,916.12,0,Regular Customers
13125,158,1,158.57,1,Lost Customers
13126,1,7,1898.61,0,Regular Customers
13128,266,1,263.5,1,Lost Customers
13129,87,2,233.25,0,Regular Customers
13131,53,4,2240.47,0,Regular Customers
13133,94,1,90.65,0,Regular Customers
13134,37,2,681.65,0,Regular Customers
13135,126,1,275.45,0,Regular Customers
13136,10,8,3666.95,0,Regular Customers
13137,21,8,4062.29,0,Regular Customers
13138,7,2,504.85,0,Regular Customers
13139,72,1,3138.04,0,Regular Customers
13140,1,3,791.96,0,Regular Customers
13141,20,12,5279.83,0,Regular Customers
13143,219,1,405.1,1,Lost Customers
13144,66,1,24.4,0,Regular Customers
13145,7,4,805.0,0,Regular Customers
13148,24,14,4914.6900000000005,0,Regular Customers
13150,119,3,449.97,0,Regular Customers
13151,260,2,1322.87,1,Lost Customers
13152,52,7,2146.38,0,Regular Customers
13154,34,3,1624.84,0,Regular Customers
13155,3,3,778.42,0,Regular Customers
13156,20,3,1586.54,0,Regular Customers
13157,44,5,3946.14,0,Regular Customers
13158,23,1,307.12,0,Regular Customers
13161,135,1,366.13,0,Regular Customers
13162,15,12,7587.2,0,Regular Customers
13163,245,1,17.65,1,Lost Customers
13164,204,2,372.2,1,Lost Customers
13165,48,1,429.68,0,Regular Customers
13166,49,1,466.98,0,Regular Customers
13167,25,1,333.82,0,Regular Customers
13168,177,1,556.12,1,Lost Customers
13169,197,1,127.2,1,Lost Customers
13172,35,1,69.6,0,Regular Customers
13173,2,10,2285.7,0,Regular Customers
13174,4,10,6677.81,0,Regular Customers
13175,217,2,831.45,1,Lost Customers
13177,65,1,229.75,0,Regular Customers
13178,32,10,8333.72,0,Regular Customers
13179,253,1,572.3100000000001,1,Lost Customers
13180,242,1,86.10000000000001,1,Lost Customers
13181,16,1,359.69,0,Regular Customers
13183,29,6,3078.4,0,Regular Customers
13187,259,3,130.99,1,Lost Customers
13190,179,3,570.66,1,Lost Customers
13191,293,1,164.69,1,Lost Customers
13192,170,4,1646.64,1,Lost Customers
13194,56,1,412.08,0,Regular Customers
13195,49,1,172.38,0,Regular Customers
13196,78,3,1271.06,0,Regular Customers
13197,244,1,373.0100000000001,1,Lost Customers
13198,22,2,1572.99,0,Regular Customers
13199,1,30,6615.77,3,Loyal Customers
13201,137,4,1240.61,0,Regular Customers
13202,29,7,1580.3,0,Regular Customers
13203,21,6,1778.79,0,Regular Customers
13204,366,1,966.66,1,Lost Customers
13205,78,1,2803.2,0,Regular Customers
13206,35,13,8377.32,0,Regular Customers
13207,86,2,285.6,0,Regular Customers
13208,84,3,764.6,0,Regular Customers
13209,149,5,2617.9,1,Lost Customers
13211,16,7,1531.9,0,Regular Customers
13213,18,6,2330.94,0,Regular Customers
13214,52,7,3264.23,0,Regular Customers
13215,37,1,81.6,0,Regular Customers
13217,290,1,132.5,1,Lost Customers
13219,253,1,76.23,1,Lost Customers
13220,210,1,516.8,1,Lost Customers
13222,212,1,88.5,1,Lost Customers
13223,58,4,805.9200000000001,0,Regular Customers
13225,56,9,9796.23,0,Regular Customers
13226,28,1,204.25,0,Regular Customers
13230,0,17,3553.81,0,Regular Customers
13233,55,2,571.34,0,Regular Customers
13234,307,2,356.95,1,Lost Customers
13237,22,1,643.0,0,Regular Customers
13238,65,2,305.9,0,Regular Customers
13239,72,4,1265.13,0,Regular Customers
13240,0,5,1074.87,0,Regular Customers
13241,46,1,115.58,0,Regular Customers
13242,86,4,429.0,0,Regular Customers
13243,84,4,677.97,0,Regular Customers
13245,67,1,558.72,0,Regular Customers
13246,28,5,1400.13,0,Regular Customers
13249,36,6,897.52,0,Regular Customers
13250,95,2,256.04,0,Regular Customers
13251,37,1,252.68,0,Regular Customers
13252,29,2,399.3,0,Regular Customers
13253,65,2,1920.71,0,Regular Customers
13254,11,1,51.41,0,Regular Customers
13255,8,2,504.95,0,Regular Customers
13257,71,1,149.75,0,Regular Customers
13258,14,2,336.6,0,Regular Customers
13259,32,8,1141.06,0,Regular Customers
13262,24,2,373.16,0,Regular Customers
13263,28,4,1250.62,0,Regular Customers
13264,77,1,722.5600000000001,0,Regular Customers
13266,48,7,2300.78,0,Regular Customers
13267,1,18,5236.77,0,Regular Customers
13269,4,14,3545.47,0,Regular Customers
13270,1,1,590.0,0,Regular Customers
13274,44,1,360.85,0,Regular Customers
13275,18,2,241.66,0,Regular Customers
13276,32,3,1348.33,0,Regular Customers
13277,15,3,264.9,0,Regular Customers
13278,34,3,893.12,0,Regular Customers
13280,14,4,1507.77,0,Regular Customers
13281,74,1,350.85,0,Regular Customers
13282,41,1,181.05,0,Regular Customers
13283,202,2,279.7,1,Lost Customers
13285,235,2,655.47,1,Lost Customers
13286,235,1,734.91,1,Lost Customers
13287,238,3,781.59,1,Lost Customers
13288,78,5,927.61,0,Regular Customers
13289,358,1,307.95,1,Lost Customers
13290,73,1,208.63,0,Regular Customers
13291,49,10,2959.73,0,Regular Customers
13292,50,3,415.57,0,Regular Customers
13293,27,6,1192.94,0,Regular Customers
13294,281,1,815.79,1,Lost Customers
13295,11,3,900.77,0,Regular Customers
13296,58,5,705.11,0,Regular Customers
13297,20,3,2278.77,0,Regular Customers
13299,58,2,1076.2,0,Regular Customers
13300,23,2,913.62,0,Regular Customers
13302,161,1,95.45,1,Lost Customers
13303,35,1,61.72,0,Regular Customers
13304,90,3,917.57,0,Regular Customers
13305,7,7,1753.85,0,Regular Customers
13306,65,1,53.65,0,Regular Customers
13307,122,2,258.34,0,Regular Customers
13308,231,1,284.86,1,Lost Customers
13309,27,1,249.58,0,Regular Customers
13310,15,2,409.17,0,Regular Customers
13312,86,1,124.75,0,Regular Customers
13313,114,7,1890.0,0,Regular Customers
13315,324,1,310.26,1,Lost Customers
13316,27,6,7213.84,0,Regular Customers
13317,20,13,4212.411,0,Regular Customers
13319,0,34,11236.95,3,Loyal Customers
13320,69,2,679.4,0,Regular Customers
13324,63,8,3391.52,0,Regular Customers
13326,67,1,281.76,0,Regular Customers
13327,0,14,6251.71,0,Regular Customers
13329,1,7,4323.97,0,Regular Customers
13330,90,3,1665.25,0,Regular Customers
13331,36,1,262.4,0,Regular Customers
13333,46,3,1015.74,0,Regular Customers
13334,171,2,2726.93,1,Lost Customers
13337,181,1,1575.26,1,Lost Customers
13338,176,3,1958.6,1,Lost Customers
13340,52,5,11364.08,0,Regular Customers
13346,97,6,299.4,0,Regular Customers
13357,129,4,3228.41,0,Regular Customers
13359,38,1,603.75,0,Regular Customers
13360,66,4,1553.65,0,Regular Customers
13361,107,2,1450.5,0,Regular Customers
13362,13,3,2303.33,0,Regular Customers
13363,44,1,731.36,0,Regular Customers
13367,66,1,510.2000000000001,0,Regular Customers
13368,49,2,498.1,0,Regular Customers
13369,0,1,308.28000000000003,0,Regular Customers
13370,6,1,754.87,0,Regular Customers
13371,140,2,2297.66,0,Regular Customers
13373,50,3,4274.94,0,Regular Customers
13374,49,2,422.8,0,Regular Customers
13375,79,1,1013.58,0,Regular Customers
13377,31,2,1552.88,0,Regular Customers
13380,67,1,62.4,0,Regular Customers
13381,14,6,4585.06,0,Regular Customers
13382,63,4,1164.59,0,Regular Customers
13383,178,1,305.28000000000003,1,Lost Customers
13384,25,4,2528.9,0,Regular Customers
13386,49,2,835.46,0,Regular Customers
13387,52,1,189.44,0,Regular Customers
13388,238,1,508.55,1,Lost Customers
13392,312,1,91.14,1,Lost Customers
13393,218,4,1131.45,1,Lost Customers
13394,14,11,4101.68,0,Regular Customers
13395,35,2,872.51,0,Regular Customers
13397,72,5,1647.74,0,Regular Customers
13398,83,1,213.0,0,Regular Customers
13399,99,3,275.4,0,Regular Customers
13400,217,1,310.83,1,Lost Customers
13402,7,3,913.9,0,Regular Customers
13403,22,2,154.5,0,Regular Customers
13405,116,3,641.36,0,Regular Customers
13406,62,2,568.92,0,Regular Customers
13407,213,3,2244.7,1,Lost Customers
13408,6,46,23616.422,3,Loyal Customers
13410,28,4,1198.9,0,Regular Customers
13412,255,1,487.35,1,Lost Customers
13413,274,6,429.44,1,Lost Customers
13414,98,3,1103.64,0,Regular Customers
13415,107,4,800.67,0,Regular Customers
13416,371,1,228.3,1,Lost Customers
13417,182,4,1028.66,1,Lost Customers
13418,7,15,6106.17,0,Regular Customers
13421,41,6,2252.04,0,Regular Customers
13423,63,1,217.03,0,Regular Customers
13424,84,1,572.77,0,Regular Customers
13425,143,2,1779.42,1,Lost Customers
13426,17,12,4526.06,0,Regular Customers
13427,112,3,423.93,0,Regular Customers
13428,149,2,281.51,1,Lost Customers
13431,41,6,2047.14,0,Regular Customers
13432,206,2,439.1,1,Lost Customers
13433,136,4,658.3199999999999,0,Regular Customers
13434,20,3,1132.62,0,Regular Customers
13435,11,2,665.34,0,Regular Customers
13438,182,1,46.5,1,Lost Customers
13439,23,2,702.9,0,Regular Customers
13440,58,7,1295.25,0,Regular Customers
13441,66,1,424.26,0,Regular Customers
13442,302,3,419.87,1,Lost Customers
13443,83,6,1280.16,0,Regular Customers
13444,9,2,631.6800000000001,0,Regular Customers
13445,261,1,241.9,1,Lost Customers
13446,65,11,3881.89,0,Regular Customers
13448,8,9,5701.5,0,Regular Customers
13450,9,7,2076.32,0,Regular Customers
13451,16,6,4214.77,0,Regular Customers
13452,107,1,139.8,0,Regular Customers
13453,37,1,424.71,0,Regular Customers
13454,276,1,219.87,1,Lost Customers
13455,1,5,1847.59,0,Regular Customers
13457,323,2,148.22,1,Lost Customers
13458,14,2,2312.7,0,Regular Customers
13459,259,2,1160.41,1,Lost Customers
13461,42,3,2715.0,0,Regular Customers
13462,45,4,1002.35,0,Regular Customers
13464,29,5,2422.96,0,Regular Customers
13465,81,2,931.12,0,Regular Customers
13466,43,4,705.45,0,Regular Customers
13468,3,38,7685.54,3,Loyal Customers
13469,288,1,82.4,1,Lost Customers
13472,98,2,592.24,0,Regular Customers
13473,209,6,2235.12,1,Lost Customers
13474,78,2,434.2,0,Regular Customers
13476,41,3,823.0,0,Regular Customers
13477,90,5,1379.59,0,Regular Customers
13478,104,5,2215.78,0,Regular Customers
13479,87,2,550.42,0,Regular Customers
13480,51,2,627.82,0,Regular Customers
13481,9,6,2026.28,0,Regular Customers
13482,262,1,151.45,1,Lost Customers
13484,18,2,476.92,0,Regular Customers
13485,11,10,2564.98,0,Regular Customers
13487,140,2,271.47,1,Lost Customers
13488,2,11,6619.57,0,Regular Customers
13490,289,1,154.25,1,Lost Customers
13491,7,18,3350.74,0,Regular Customers
13495,3,6,3329.39,0,Regular Customers
13497,3,5,972.28,0,Regular Customers
13498,365,1,327.38,1,Lost Customers
13500,36,1,299.53,0,Regular Customers
13501,121,2,1544.79,0,Regular Customers
13502,50,2,488.5,0,Regular Customers
13503,114,5,1688.54,0,Regular Customers
13506,4,4,1180.68,0,Regular Customers
13508,277,1,176.07999999999998,1,Lost Customers
13509,142,1,135.0,1,Lost Customers
13510,10,7,2766.73,0,Regular Customers
13511,311,1,282.76,1,Lost Customers
13512,22,3,462.18,0,Regular Customers
13513,76,2,619.49,0,Regular Customers
13514,63,3,663.7,0,Regular Customers
13515,84,2,374.7,0,Regular Customers
13516,52,1,295.85,0,Regular Customers
13519,77,1,220.46,0,Regular Customers
13520,6,6,3285.05,0,Regular Customers
13523,1,2,1136.64,0,Regular Customers
13526,373,2,1182.0,1,Lost Customers
13527,53,5,2396.23,0,Regular Customers
13530,269,1,402.98,1,Lost Customers
13531,1,5,1254.72,0,Regular Customers
13534,14,10,1850.82,0,Regular Customers
13535,37,1,89.5,0,Regular Customers
13537,60,2,717.85,0,Regular Customers
13538,31,5,1831.88,0,Regular Customers
13539,55,4,938.02,0,Regular Customers
13540,102,3,632.39,0,Regular Customers
13541,62,2,785.25,0,Regular Customers
13542,11,17,4006.17,0,Regular Customers
13543,269,2,1439.61,1,Lost Customers
13544,46,4,537.59,0,Regular Customers
13545,25,2,374.64,0,Regular Customers
13546,17,2,465.15,0,Regular Customers
13547,43,1,175.53,0,Regular Customers
13548,106,1,226.58,0,Regular Customers
13549,22,1,87.6,0,Regular Customers
13550,18,1,349.51,0,Regular Customers
13551,301,1,152.39999999999998,1,Lost Customers
13552,63,10,3238.85,0,Regular Customers
13553,309,1,517.8,1,Lost Customers
13554,15,7,1638.28,0,Regular Customers
13555,13,9,4849.91,0,Regular Customers
13556,64,2,200.82,0,Regular Customers
13557,50,11,2448.2,0,Regular Customers
13559,147,2,990.0,1,Lost Customers
13561,32,10,1678.86,0,Regular Customers
13562,36,5,3038.85,0,Regular Customers
13564,3,35,15500.53,3,Loyal Customers
13565,46,1,174.57999999999998,0,Regular Customers
13566,69,3,833.41,0,Regular Customers
13567,63,4,1083.69,0,Regular Customers
13569,2,3,520.03,0,Regular Customers
13571,17,14,2454.2200000000003,0,Regular Customers
13573,14,4,622.07,0,Regular Customers
13574,46,1,421.25,0,Regular Customers
13576,8,11,4834.400000000001,0,Regular Customers
13577,17,7,1801.68,0,Regular Customers
13578,44,1,147.66,0,Regular Customers
13579,4,4,1072.0,0,Regular Customers
13580,41,1,107.75,0,Regular Customers
13581,49,1,162.53,0,Regular Customers
13582,24,2,241.68,0,Regular Customers
13583,314,1,664.001,1,Lost Customers
13584,133,2,250.05,0,Regular Customers
13585,165,3,684.54,1,Lost Customers
13586,176,1,131.53,1,Lost Customers
13587,84,3,961.1,0,Regular Customers
13589,84,4,741.09,0,Regular Customers
13590,10,12,4367.67,0,Regular Customers
13591,70,4,976.81,0,Regular Customers
13593,22,9,3486.61,0,Regular Customers
13594,120,1,136.35000000000002,0,Regular Customers
13595,151,3,818.22,1,Lost Customers
13597,35,2,396.71,0,Regular Customers
13598,130,4,609.42,0,Regular Customers
13599,1,14,5013.96,0,Regular Customers
13600,269,1,298.9,1,Lost Customers
13601,27,2,491.82,0,Regular Customers
13602,16,3,596.28,0,Regular Customers
13604,293,1,717.62,1,Lost Customers
13605,22,2,522.67,0,Regular Customers
13607,37,1,400.3,0,Regular Customers
13608,175,1,236.2,1,Lost Customers
13609,228,1,167.35,1,Lost Customers
13610,22,7,1044.0,0,Regular Customers
13611,9,7,2147.73,0,Regular Customers
13612,267,1,818.29,1,Lost Customers
13613,87,5,1039.85,0,Regular Customers
13614,28,2,748.73,0,Regular Customers
13615,34,7,5854.84,0,Regular Customers
13616,203,2,288.1,1,Lost Customers
13617,43,5,734.57,0,Regular Customers
13619,179,2,231.69,1,Lost Customers
13620,163,1,112.34,1,Lost Customers
13622,331,1,658.95,1,Lost Customers
13623,15,5,1818.71,0,Regular Customers
13624,23,1,462.08,0,Regular Customers
13625,231,1,301.26,1,Lost Customers
13626,14,1,449.81,0,Regular Customers
13627,123,2,607.43,0,Regular Customers
13628,311,1,310.14,1,Lost Customers
13629,48,8,5578.5,0,Regular Customers
13632,29,3,1526.88,0,Regular Customers
13634,9,11,3498.31,0,Regular Customers
13635,77,3,1928.13,0,Regular Customers
13639,71,1,312.93,0,Regular Customers
13640,246,1,405.0,1,Lost Customers
13641,275,5,1016.47,1,Lost Customers
13642,67,3,159.92,0,Regular Customers
13643,17,7,1637.33,0,Regular Customers
13646,34,2,326.25,0,Regular Customers
13647,129,4,1393.56,0,Regular Customers
13648,35,8,1764.02,0,Regular Customers
13649,1,5,1332.28,0,Regular Customers
13650,9,4,1451.66,0,Regular Customers
13651,16,1,132.65,0,Regular Customers
13652,3,3,1475.77,0,Regular Customers
13653,122,1,152.2,0,Regular Customers
13654,15,5,3600.67,0,Regular Customers
13655,9,4,1347.54,0,Regular Customers
13656,134,2,699.2,0,Regular Customers
13658,18,4,3386.33,0,Regular Customers
13659,51,10,3321.68,0,Regular Customers
13660,35,1,314.59,0,Regular Customers
13661,238,1,325.24,1,Lost Customers
13662,20,8,1352.35,0,Regular Customers
13663,15,4,1858.04,0,Regular Customers
13665,21,3,1711.66,0,Regular Customers
13666,55,2,43.25,0,Regular Customers
13668,18,14,6726.35,0,Regular Customers
13669,42,1,195.0,0,Regular Customers
13671,29,1,194.95,0,Regular Customers
13672,365,1,233.53000000000003,1,Lost Customers
13674,67,1,240.68,0,Regular Customers
13676,174,2,243.9,1,Lost Customers
13677,39,2,556.1899999999999,0,Regular Customers
13679,128,3,281.26,0,Regular Customers
13680,106,8,7713.25,0,Regular Customers
13683,92,1,258.6,0,Regular Customers
13684,25,3,529.75,0,Regular Customers
13686,15,2,337.04,0,Regular Customers
13687,73,1,11880.84,0,Regular Customers
13688,270,1,375.5,1,Lost Customers
13689,79,1,349.5,0,Regular Customers
13691,31,1,212.78,0,Regular Customers
13692,43,2,1626.08,0,Regular Customers
13693,9,9,2011.82,0,Regular Customers
13694,8,94,131443.19,2,VIP Customers
13695,212,1,266.6,1,Lost Customers
13696,56,3,2020.4,0,Regular Customers
13698,231,2,465.53,1,Lost Customers
13699,185,1,455.57,1,Lost Customers
13700,52,3,348.34,0,Regular Customers
13701,81,1,161.0,0,Regular Customers
13702,80,1,135.18,0,Regular Customers
13703,50,1,326.06,0,Regular Customers
13705,8,5,1323.47,0,Regular Customers
13706,261,1,300.38,1,Lost Customers
13707,64,3,2559.45,0,Regular Customers
13709,81,5,1263.7,0,Regular Customers
13710,58,2,329.04,0,Regular Customers
13711,41,7,1540.2,0,Regular Customers
13712,245,1,537.58,1,Lost Customers
13713,43,3,743.26,0,Regular Customers
13714,100,1,161.35,0,Regular Customers
13715,7,13,7403.95,0,Regular Customers
13717,92,2,318.29,0,Regular Customers
13719,28,6,1773.57,0,Regular Customers
13721,30,1,217.4,0,Regular Customers
13722,55,7,3260.0,0,Regular Customers
13723,27,5,1009.35,0,Regular Customers
13724,272,1,213.01,1,Lost Customers
13727,246,6,746.57,1,Lost Customers
13728,22,10,1839.03,0,Regular Customers
13729,70,3,724.73,0,Regular Customers
13733,45,2,487.03,0,Regular Customers
13734,143,4,6701.640000000001,0,Regular Customers
13735,11,9,6927.9800000000005,0,Regular Customers
13736,60,5,2034.31,0,Regular Customers
13738,31,1,440.93,0,Regular Customers
13739,162,1,75.3,1,Lost Customers
13740,50,4,1247.02,0,Regular Customers
13745,181,1,477.32,1,Lost Customers
13746,48,1,176.69,0,Regular Customers
13747,8,2,169.79999999999998,0,Regular Customers
13748,8,5,1320.1,0,Regular Customers
13750,15,6,1954.92,0,Regular Customers
13752,162,1,404.4500000000001,1,Lost Customers
13753,233,3,1353.31,1,Lost Customers
13754,72,1,164.45000000000002,0,Regular Customers
13756,2,10,4017.980000000001,0,Regular Customers
13757,309,1,195.55,1,Lost Customers
13758,1,10,6226.43,0,Regular Customers
13760,39,3,1076.85,0,Regular Customers
13761,137,4,881.52,0,Regular Customers
13762,228,4,2165.76,1,Lost Customers
13763,52,2,3502.48,0,Regular Customers
13764,204,3,1431.5,1,Lost Customers
13765,288,1,352.821,1,Lost Customers
13766,130,1,190.35,0,Regular Customers
13767,4,39,18320.17,3,Loyal Customers
13768,361,2,875.97,1,Lost Customers
13769,2,11,3003.9100000000003,0,Regular Customers
13770,57,4,785.37,0,Regular Customers
13771,168,5,3094.37,1,Lost Customers
13772,35,5,1982.09,0,Regular Customers
13773,31,2,301.54,0,Regular Customers
13775,225,1,1049.66,1,Lost Customers
13776,63,2,623.98,0,Regular Customers
13777,1,37,30501.26,3,Loyal Customers
13778,126,3,945.79,0,Regular Customers
13779,150,1,161.13,1,Lost Customers
13780,42,1,375.81,0,Regular Customers
13781,227,2,650.99,1,Lost Customers
13782,88,7,881.72,0,Regular Customers
13783,122,4,1542.09,0,Regular Customers
13784,69,3,447.44,0,Regular Customers
13785,63,4,542.49,0,Regular Customers
13786,2,6,3128.54,0,Regular Customers
13787,93,4,913.46,0,Regular Customers
13788,140,1,3.75,1,Lost Customers
13789,23,1,239.46,0,Regular Customers
13792,57,1,188.4,0,Regular Customers
13793,281,1,96.0,1,Lost Customers
13794,181,1,126.03,1,Lost Customers
13795,23,4,836.3,0,Regular Customers
13796,134,1,289.7,0,Regular Customers
13797,71,3,1179.45,0,Regular Customers
13798,7,54,38683.02,3,Loyal Customers
13799,79,7,2114.71,0,Regular Customers
13800,65,2,1121.24,0,Regular Customers
13802,9,16,21659.69,0,Regular Customers
13803,66,2,1061.84,0,Regular Customers
13804,70,2,572.73,0,Regular Customers
13807,2,3,422.2,0,Regular Customers
13809,29,2,524.65,0,Regular Customers
13813,162,4,1398.61,1,Lost Customers
13814,162,1,678.2,1,Lost Customers
13815,41,4,3448.38,0,Regular Customers
13818,64,1,61.28,0,Regular Customers
13819,304,3,1502.0,1,Lost Customers
13820,53,3,660.65,0,Regular Customers
13821,28,4,1025.09,0,Regular Customers
13823,15,5,2445.79,0,Regular Customers
13824,14,7,1615.82,0,Regular Customers
13825,256,2,255.59,1,Lost Customers
13829,56,1,102.0,0,Regular Customers
13830,216,1,156.85000000000002,1,Lost Customers
13831,4,13,4820.59,0,Regular Customers
13832,57,1,561.49,0,Regular Customers
13833,39,1,316.56,0,Regular Customers
13834,211,2,324.19,1,Lost Customers
13835,154,3,260.7,1,Lost Customers
13836,34,2,620.37,0,Regular Customers
13838,4,7,1274.36,0,Regular Customers
13839,121,1,139.95000000000002,0,Regular Customers
13840,51,1,651.4,0,Regular Customers
13842,1,10,2244.29,0,Regular Customers
13843,16,1,319.75,0,Regular Customers
13846,34,1,442.73,0,Regular Customers
13847,354,1,310.72,1,Lost Customers
13848,1,6,2080.0,0,Regular Customers
13849,32,3,1931.35,0,Regular Customers
13851,14,5,1955.0,0,Regular Customers
13852,245,1,187.35,1,Lost Customers
13854,0,15,4144.44,0,Regular Customers
13855,135,4,1310.34,0,Regular Customers
13856,98,8,753.53,0,Regular Customers
13857,28,6,1001.01,0,Regular Customers
13859,164,1,314.7,1,Lost Customers
13861,64,2,273.26,0,Regular Customers
13862,24,1,346.73,0,Regular Customers
13863,100,3,933.77,0,Regular Customers
13864,21,1,662.4000000000001,0,Regular Customers
13869,16,6,5006.62,0,Regular Customers
13870,22,7,2941.14,0,Regular Customers
13871,63,4,1482.6,0,Regular Customers
13872,162,3,919.57,1,Lost Customers
13873,18,5,649.32,0,Regular Customers
13874,139,6,1508.7,0,Regular Customers
13875,22,9,3027.58,0,Regular Customers
13877,105,2,332.44,0,Regular Customers
13878,182,3,1191.53,1,Lost Customers
13879,280,1,395.5,1,Lost Customers
13880,2,5,1171.89,0,Regular Customers
13881,10,23,28019.58,3,Loyal Customers
13883,38,10,3885.54,0,Regular Customers
13884,11,5,1100.88,0,Regular Customers
13888,39,5,1563.42,0,Regular Customers
13889,17,5,1574.3300000000002,0,Regular Customers
13890,9,4,1043.57,0,Regular Customers
13891,13,3,863.5600000000001,0,Regular Customers
13892,112,2,634.68,0,Regular Customers
13895,150,2,1415.45,1,Lost Customers
13896,260,1,388.55,1,Lost Customers
13897,73,2,849.56,0,Regular Customers
13898,46,1,530.47,0,Regular Customers
13900,24,3,869.64,0,Regular Customers
13901,9,10,2809.14,0,Regular Customers
13902,267,5,34095.26,1,Lost Customers
13903,35,1,165.45000000000002,0,Regular Customers
13905,367,1,312.65,1,Lost Customers
13906,44,1,42.0,0,Regular Customers
13907,326,1,136.8,1,Lost Customers
13909,58,2,286.6,0,Regular Customers
13911,14,11,1654.08,0,Regular Customers
13912,58,1,124.95,0,Regular Customers
13913,141,1,42.22,1,Lost Customers
13915,29,1,70.80000000000001,0,Regular Customers
13916,98,4,1275.81,0,Regular Customers
13919,59,2,975.87,0,Regular Customers
13920,66,4,1774.68,0,Regular Customers
13921,37,4,730.7,0,Regular Customers
13922,72,2,692.95,0,Regular Customers
13927,72,1,359.27,0,Regular Customers
13929,51,9,2651.45,0,Regular Customers
13931,27,9,4019.85,0,Regular Customers
13935,231,3,6116.92,1,Lost Customers
13936,17,2,563.08,0,Regular Customers
13937,37,1,721.28,0,Regular Customers
13939,66,4,992.41,0,Regular Customers
13941,7,11,6009.34,0,Regular Customers
13942,169,1,320.0,1,Lost Customers
13943,212,1,246.54,1,Lost Customers
13944,288,1,200.43,1,Lost Customers
13945,29,2,854.15,0,Regular Customers
13946,11,3,1314.66,0,Regular Customers
13948,46,3,446.76,0,Regular Customers
13952,15,12,9572.45,0,Regular Customers
13953,44,5,3125.0,0,Regular Customers
13955,10,1,222.21,0,Regular Customers
13957,52,3,458.25,0,Regular Customers
13958,14,8,4709.2300000000005,0,Regular Customers
13959,34,3,477.98,0,Regular Customers
13961,27,1,538.4,0,Regular Customers
13962,70,1,193.25,0,Regular Customers
13963,2,14,2347.33,0,Regular Customers
13964,22,2,438.9,0,Regular Customers
13965,111,3,996.61,0,Regular Customers
13966,70,1,390.86,0,Regular Customers
13967,31,1,85.6,0,Regular Customers
13968,58,1,123.66,0,Regular Customers
13969,0,18,4311.93,0,Regular Customers
13970,21,2,846.55,0,Regular Customers
13971,58,6,1909.31,0,Regular Customers
13974,217,1,264.13,1,Lost Customers
13975,28,6,2832.56,0,Regular Customers
13976,141,3,834.38,0,Regular Customers
13977,46,1,519.8100000000001,0,Regular Customers
13979,28,6,2546.36,0,Regular Customers
13980,74,4,599.78,0,Regular Customers
13981,50,1,331.14,0,Regular Customers
13982,0,6,2573.78,0,Regular Customers
13983,1,10,4505.02,0,Regular Customers
13984,1,8,1128.09,0,Regular Customers
13985,9,7,2960.73,0,Regular Customers
13987,14,2,682.54,0,Regular Customers
13988,18,2,609.84,0,Regular Customers
13989,99,3,759.98,0,Regular Customers
13992,15,2,142.7,0,Regular Customers
13993,14,10,3309.35,0,Regular Customers
13995,14,9,2508.32,0,Regular Customers
13996,21,2,895.76,0,Regular Customers
13997,154,3,382.31,1,Lost Customers
13998,81,3,566.7,0,Regular Customers
13999,9,17,5600.45,0,Regular Customers
14000,49,4,1410.68,0,Regular Customers
14001,8,7,2487.01,0,Regular Customers
14003,367,1,209.41,1,Lost Customers
14004,28,4,1675.81,0,Regular Customers
14006,163,4,1234.48,1,Lost Customers
14007,147,1,79.48,1,Lost Customers
14008,67,1,509.04,0,Regular Customers
14009,97,1,404.3,0,Regular Customers
14010,200,2,445.15,1,Lost Customers
14011,115,2,457.82,0,Regular Customers
14013,15,2,611.5500000000001,0,Regular Customers
14014,11,2,1443.03,0,Regular Customers
14016,31,7,7062.2,0,Regular Customers
14017,206,1,229.75,1,Lost Customers
14018,280,1,367.15,1,Lost Customers
14020,111,2,606.21,0,Regular Customers
14021,9,4,1084.68,0,Regular Customers
14022,121,1,352.15000000000003,0,Regular Customers
14024,25,1,318.04,0,Regular Customers
14025,99,8,4057.9,0,Regular Customers
14026,105,2,713.11,0,Regular Customers
14028,185,3,10396.5,1,Lost Customers
14030,1,14,5902.2,0,Regular Customers
14031,0,27,23712.31,3,Loyal Customers
14032,1,6,1874.68,0,Regular Customers
14033,190,1,109.44,1,Lost Customers
14035,41,4,1428.7,0,Regular Customers
14037,113,4,689.75,0,Regular Customers
14038,32,2,1509.5,0,Regular Customers
14039,210,1,115.08,1,Lost Customers
14040,21,23,9030.65,0,Regular Customers
14042,360,1,431.98,1,Lost Customers
14043,126,2,304.25,0,Regular Customers
14044,53,6,2470.28,0,Regular Customers
14045,8,13,9653.28,0,Regular Customers
14047,7,10,2946.42,0,Regular Customers
14048,17,2,338.76,0,Regular Customers
14049,22,9,7557.309999999999,0,Regular Customers
14051,1,15,6823.610000000001,0,Regular Customers
14052,25,1,255.45,0,Regular Customers
14053,32,2,312.05,0,Regular Customers
14055,212,2,795.3199999999999,1,Lost Customers
14057,16,5,2190.88,0,Regular Customers
14058,97,2,469.19,0,Regular Customers
14060,1,13,3378.66,0,Regular Customers
14061,142,3,917.43,1,Lost Customers
14062,9,12,15139.35,0,Regular Customers
14063,73,9,22710.2,0,Regular Customers
14064,65,10,1978.68,0,Regular Customers
14065,24,3,891.02,0,Regular Customers
14068,238,3,1262.52,1,Lost Customers
14069,149,2,230.06,1,Lost Customers
14070,319,1,326.55,1,Lost Customers
14072,301,1,390.85,1,Lost Customers
14074,258,1,219.4,1,Lost Customers
14075,38,3,792.61,0,Regular Customers
14077,30,1,115.66,0,Regular Customers
14078,8,4,643.26,0,Regular Customers
14079,317,1,243.63,1,Lost Customers
14080,48,4,1070.08,0,Regular Customers
14081,4,9,4435.58,0,Regular Customers
14082,27,1,231.11,0,Regular Customers
14083,6,3,388.83,0,Regular Customers
14084,147,1,150.5,1,Lost Customers
14085,3,16,5656.43,0,Regular Customers
14086,97,1,39.95,0,Regular Customers
14087,39,2,651.8,0,Regular Customers
14088,41,3,13544.99,0,Regular Customers
14091,289,2,9530.08,1,Lost Customers
14092,9,10,3152.54,0,Regular Customers
14094,74,1,335.22,0,Regular Customers
14095,357,1,2.95,1,Lost Customers
14097,116,2,422.86,0,Regular Customers
14099,10,9,2661.54,0,Regular Customers
14101,23,7,3985.14,0,Regular Customers
14104,24,3,555.37,0,Regular Customers
14105,43,4,4722.6,0,Regular Customers
14106,372,1,214.8,1,Lost Customers
14107,83,4,2174.07,0,Regular Customers
14108,366,2,447.05,1,Lost Customers
14110,70,21,7304.8,0,Regular Customers
14112,86,6,2919.44,0,Regular Customers
14113,10,12,5252.1900000000005,0,Regular Customers
14114,30,5,977.56,0,Regular Customers
14115,136,2,622.6700000000001,0,Regular Customers
14118,63,1,458.45,0,Regular Customers
14119,10,2,183.37,0,Regular Customers
14122,41,3,362.42,0,Regular Customers
14123,368,1,436.18,1,Lost Customers
14126,79,1,466.33,0,Regular Customers
14127,15,3,1190.37,0,Regular Customers
14128,186,1,286.71,1,Lost Customers
14129,34,4,1467.48,0,Regular Customers
14130,10,3,1398.81,0,Regular Customers
14131,283,1,187.87,1,Lost Customers
14133,368,1,305.5,1,Lost Customers
14134,17,15,11123.35,0,Regular Customers
14135,2,11,4953.61,0,Regular Customers
14136,35,5,1570.81,0,Regular Customers
14137,330,1,332.7,1,Lost Customers
14139,125,3,670.98,0,Regular Customers
14142,8,2,671.34,0,Regular Customers
14144,121,1,30.6,0,Regular Customers
14145,94,3,3857.85,0,Regular Customers
14146,18,7,5259.3,0,Regular Customers
14147,23,7,2106.8,0,Regular Customers
14148,49,1,309.09000000000003,0,Regular Customers
14151,308,2,679.45,1,Lost Customers
14152,22,5,1376.05,0,Regular Customers
14153,118,1,233.4,0,Regular Customers
14154,16,6,5115.08,0,Regular Customers
14156,6,102,196566.74,2,VIP Customers
14157,24,3,569.9,0,Regular Customers
14159,14,9,3245.0,0,Regular Customers
14160,245,7,8421.47,1,Lost Customers
14161,4,5,2208.36,0,Regular Customers
14163,97,1,148.71,0,Regular Customers
14166,140,2,256.85,1,Lost Customers
14167,99,4,721.65,0,Regular Customers
14168,55,2,370.45,0,Regular Customers
14169,65,2,624.4300000000001,0,Regular Customers
14170,10,3,597.33,0,Regular Customers
14171,365,1,135.0,1,Lost Customers
14172,240,3,402.72,1,Lost Customers
14173,276,2,135.16,1,Lost Customers
14175,53,5,4456.58,0,Regular Customers
14176,2,2,339.11,0,Regular Customers
14177,16,9,1669.93,0,Regular Customers
14180,7,9,1570.73,0,Regular Customers
14181,45,2,310.55,0,Regular Customers
14182,78,4,678.77,0,Regular Customers
14183,46,2,286.29,0,Regular Customers
14186,62,5,1550.63,0,Regular Customers
14187,108,1,123.5,0,Regular Customers
14189,3,2,1160.31,0,Regular Customers
14190,301,1,79.9,1,Lost Customers
14191,29,2,132.9,0,Regular Customers
14192,23,1,293.74,0,Regular Customers
14193,31,1,356.8,0,Regular Customers
14194,27,15,7321.07,0,Regular Customers
14195,74,4,1603.6,0,Regular Customers
14197,45,1,390.05,0,Regular Customers
14198,35,5,868.33,0,Regular Customers
14199,58,3,906.3,0,Regular Customers
14200,252,1,379.2,1,Lost Customers
14201,44,3,446.1,0,Regular Customers
14202,16,3,847.76,0,Regular Customers
14203,32,1,339.34,0,Regular Customers
14204,57,3,901.93,0,Regular Customers
14205,29,7,1947.5,0,Regular Customers
14206,23,2,856.85,0,Regular Customers
14207,322,1,157.8,1,Lost Customers
14208,186,1,415.31,1,Lost Customers
14209,20,9,2919.84,0,Regular Customers
14210,6,11,3955.68,0,Regular Customers
14211,46,9,2161.19,0,Regular Customers
14212,80,1,1119.66,0,Regular Customers
14213,39,1,1192.2,0,Regular Customers
14215,3,4,1626.61,0,Regular Customers
14216,49,1,310.74,0,Regular Customers
14217,1,7,1411.91,0,Regular Customers
14219,44,2,543.89,0,Regular Customers
14220,202,2,882.5999999999999,1,Lost Customers
14221,84,8,3084.69,0,Regular Customers
14224,25,5,847.78,0,Regular Customers
14225,69,4,2037.02,0,Regular Customers
14226,76,1,770.34,0,Regular Customers
14227,49,5,3017.75,0,Regular Customers
14228,72,3,745.5,0,Regular Customers
14229,38,4,1046.84,0,Regular Customers
14230,70,3,979.8,0,Regular Customers
14231,85,1,309.91,0,Regular Customers
14233,100,3,1441.55,0,Regular Customers
14235,133,4,1573.13,0,Regular Customers
14236,7,4,1253.78,0,Regular Customers
14237,8,2,471.14,0,Regular Customers
14238,297,2,287.38,1,Lost Customers
14239,66,10,1882.32,0,Regular Customers
14240,58,1,357.15,0,Regular Customers
14241,331,1,120.0,1,Lost Customers
14243,0,8,4842.28,0,Regular Customers
14244,295,1,366.42,1,Lost Customers
14247,39,4,635.89,0,Regular Customers
14248,94,2,730.37,0,Regular Customers
14249,45,12,5625.461,0,Regular Customers
14252,16,1,350.99,0,Regular Customers
14253,128,2,363.4,0,Regular Customers
14254,67,1,601.03,0,Regular Customers
14255,181,1,1000.63,1,Lost Customers
14256,126,3,1504.93,0,Regular Customers
14257,15,4,2854.73,0,Regular Customers
14258,30,16,19381.36,0,Regular Customers
14260,106,3,824.28,0,Regular Customers
14263,58,1,322.93,0,Regular Customers
14264,14,4,1183.39,0,Regular Customers
14265,99,2,843.17,0,Regular Customers
14266,63,1,40.56,0,Regular Customers
14268,105,1,354.85,0,Regular Customers
14269,74,1,295.73,0,Regular Customers
14271,44,1,106.81,0,Regular Customers
14272,197,2,482.85,1,Lost Customers
14274,321,1,256.6,1,Lost Customers
14275,30,6,1189.38,0,Regular Customers
14276,42,4,982.94,0,Regular Customers
14277,46,6,13009.61,0,Regular Customers
14278,44,1,205.83,0,Regular Customers
14279,155,2,191.86,1,Lost Customers
14281,43,1,245.15,0,Regular Customers
14282,2,11,4120.32,0,Regular Customers
14283,98,4,628.4399999999999,0,Regular Customers
14284,288,1,704.4,1,Lost Customers
14285,148,4,1374.41,1,Lost Customers
14286,39,4,3851.01,0,Regular Customers
14290,48,3,2201.91,0,Regular Customers
14291,15,12,4020.85,0,Regular Customers
14292,45,7,4354.32,0,Regular Customers
14293,3,6,2221.37,0,Regular Customers
14294,42,1,375.34,0,Regular Customers
14295,73,4,2196.71,0,Regular Customers
14296,56,2,456.4,0,Regular Customers
14298,10,38,39667.19,3,Loyal Customers
14299,0,19,10533.87,0,Regular Customers
14301,51,3,1352.04,0,Regular Customers
14302,65,3,742.9000000000001,0,Regular Customers
14303,42,2,277.94,0,Regular Customers
14304,14,2,1341.56,0,Regular Customers
14306,13,4,1058.0800000000002,0,Regular Customers
14307,8,5,2075.31,0,Regular Customers
14308,184,2,1147.02,1,Lost Customers
14309,48,2,1428.28,0,Regular Customers
14310,67,1,492.1,0,Regular Customers
14311,202,1,206.19,1,Lost Customers
14312,13,5,1478.7,0,Regular Customers
14314,65,1,109.8,0,Regular Customers
14315,199,2,716.69,1,Lost Customers
14316,57,5,1370.34,0,Regular Customers
14318,95,1,158.02,0,Regular Customers
14319,59,1,494.85,0,Regular Customers
14320,181,3,868.96,1,Lost Customers
14321,66,2,687.3100000000001,0,Regular Customers
14322,64,4,474.1,0,Regular Customers
14324,44,2,701.61,0,Regular Customers
14325,204,1,245.48,1,Lost Customers
14326,98,2,757.13,0,Regular Customers
14327,17,5,1583.28,0,Regular Customers
14328,73,1,445.05,0,Regular Customers
14329,10,8,4912.38,0,Regular Customers
14330,258,1,200.63,1,Lost Customers
14332,16,2,1077.2,0,Regular Customers
14334,60,4,1766.27,0,Regular Customers
14338,171,1,339.88,1,Lost Customers
14339,63,1,310.75,0,Regular Customers
14341,55,10,2285.04,0,Regular Customers
14342,67,2,249.88,0,Regular Customers
14343,56,4,1088.91,0,Regular Customers
14344,2,14,2443.77,0,Regular Customers
14346,60,3,1294.17,0,Regular Customers
14347,371,1,82.6,1,Lost Customers
14350,15,2,689.1,0,Regular Customers
14353,45,2,285.9,0,Regular Customers
14355,0,3,840.0500000000001,0,Regular Customers
14358,24,2,400.06,0,Regular Customers
14361,213,1,214.71,1,Lost Customers
14363,37,2,227.47000000000003,0,Regular Customers
14365,29,2,634.68,0,Regular Customers
14366,160,1,136.0,1,Lost Customers
14369,277,2,469.13,1,Lost Customers
14370,85,6,1175.78,0,Regular Customers
14372,78,2,860.08,0,Regular Customers
14374,176,1,108.0,1,Lost Customers
14375,85,2,875.31,0,Regular Customers
14376,318,1,215.46,1,Lost Customers
14378,256,1,131.25,1,Lost Customers
14379,28,2,920.81,0,Regular Customers
14380,317,1,48.96,1,Lost Customers
14381,86,1,428.66,0,Regular Customers
14382,25,1,620.73,0,Regular Customers
14384,135,1,58.5,0,Regular Customers
14388,7,9,3488.16,0,Regular Customers
14389,59,3,854.55,0,Regular Customers
14390,7,5,1747.01,0,Regular Customers
14391,211,1,135.6,1,Lost Customers
14392,67,1,266.4,0,Regular Customers
14394,199,1,93.8,1,Lost Customers
14395,7,12,4700.3,0,Regular Customers
14396,6,6,1633.94,0,Regular Customers
14398,36,2,707.79,0,Regular Customers
14399,29,8,2113.16,0,Regular Customers
14400,43,2,1157.77,0,Regular Customers
14401,59,9,2744.42,0,Regular Customers
14402,287,1,285.6,1,Lost Customers
14403,224,2,404.7,1,Lost Customers
14404,4,8,1424.79,0,Regular Customers
14405,21,1,195.0,0,Regular Customers
14408,106,4,1503.2400000000002,0,Regular Customers
14409,3,5,1696.64,0,Regular Customers
14410,11,2,1546.07,0,Regular Customers
14412,59,1,656.16,0,Regular Customers
14413,45,3,647.67,0,Regular Customers
14414,9,1,902.35,0,Regular Customers
14415,14,10,6191.32,0,Regular Customers
14417,22,1,604.2,0,Regular Customers
14419,17,1,202.85,0,Regular Customers
14420,31,3,1251.65,0,Regular Customers
14421,147,4,1656.26,1,Lost Customers
14422,9,13,6007.88,0,Regular Customers
14423,72,2,651.41,0,Regular Customers
14425,69,3,661.39,0,Regular Customers
14426,38,7,7246.27,0,Regular Customers
14427,129,2,900.1800000000001,0,Regular Customers
14429,38,1,516.28,0,Regular Customers
14430,146,3,1220.9,1,Lost Customers
14431,14,3,2143.84,0,Regular Customers
14433,100,1,289.6,0,Regular Customers
14435,136,1,90.42,0,Regular Customers
14436,188,1,182.64,1,Lost Customers
14437,0,5,895.84,0,Regular Customers
14439,78,4,6781.8,0,Regular Customers
14440,0,9,4281.05,0,Regular Customers
14441,9,7,2898.8,0,Regular Customers
14442,49,5,3777.2,0,Regular Customers
14443,3,2,966.27,0,Regular Customers
14444,91,1,132.04,0,Regular Customers
14445,90,1,221.65,0,Regular Customers
14446,21,1,201.73,0,Regular Customers
14447,35,1,548.5,0,Regular Customers
14449,7,5,1575.7,0,Regular Customers
14450,14,4,645.19,0,Regular Customers
14451,24,10,2646.18,0,Regular Customers
14452,30,2,401.15,0,Regular Customers
14454,11,5,977.3,0,Regular Customers
14455,67,4,628.21,0,Regular Customers
14458,15,1,237.42,0,Regular Customers
14459,286,1,3537.821,1,Lost Customers
14460,31,6,659.16,0,Regular Customers
14461,17,10,4610.44,0,Regular Customers
14462,67,1,265.99,0,Regular Customers
14463,134,1,256.95,0,Regular Customers
14464,203,2,111.0,1,Lost Customers
14465,63,8,2887.4100000000003,0,Regular Customers
14466,7,7,2374.5,0,Regular Customers
14467,24,8,1622.23,0,Regular Customers
14468,368,1,204.24,1,Lost Customers
14469,51,4,2112.21,0,Regular Customers
14470,65,1,250.85,0,Regular Customers
14471,226,2,400.95,1,Lost Customers
14472,324,1,291.38,1,Lost Customers
14474,214,1,730.42,1,Lost Customers
14475,43,1,225.3,0,Regular Customers
14477,71,3,660.0,0,Regular Customers
14478,17,4,1276.66,0,Regular Customers
14479,0,3,982.86,0,Regular Customers
14480,37,3,1020.47,0,Regular Customers
14481,42,3,1674.98,0,Regular Customers
14482,14,6,2289.76,0,Regular Customers
14483,371,1,120.0,1,Lost Customers
14484,36,3,749.0600000000001,0,Regular Customers
14486,146,2,175.5,1,Lost Customers
14487,3,2,257.28000000000003,0,Regular Customers
14489,72,3,1111.55,0,Regular Customers
14490,41,2,1273.47,0,Regular Customers
14491,7,1,127.2,0,Regular Customers
14492,65,7,1921.91,0,Regular Customers
14493,25,5,2746.91,0,Regular Customers
14494,36,2,261.9,0,Regular Customers
14495,294,1,51.0,1,Lost Customers
14496,8,6,2129.42,0,Regular Customers
14497,308,1,221.69,1,Lost Customers
14498,36,5,1953.95,0,Regular Customers
14499,9,4,1323.65,0,Regular Customers
14505,39,11,6096.2,0,Regular Customers
14506,4,3,1278.5,0,Regular Customers
14507,13,5,1901.25,0,Regular Customers
14508,11,3,598.52,0,Regular Customers
14509,169,1,110.95,1,Lost Customers
14510,10,3,1007.28,0,Regular Customers
14512,18,5,948.19,0,Regular Customers
14513,71,3,332.42,0,Regular Customers
14514,71,6,3543.63,0,Regular Customers
14515,22,6,1647.17,0,Regular Customers
14516,151,1,163.92,1,Lost Customers
14519,318,2,206.09,1,Lost Customers
14521,126,1,199.45,0,Regular Customers
14522,230,4,784.08,1,Lost Customers
14524,44,4,1066.03,0,Regular Customers
14525,63,8,3908.44,0,Regular Customers
14526,24,1,262.4,0,Regular Customers
14527,0,69,19283.48,3,Loyal Customers
14530,31,10,3271.49,0,Regular Customers
14531,114,1,376.34,0,Regular Customers
14532,46,7,2926.33,0,Regular Customers
14533,42,4,1516.65,0,Regular Customers
14534,32,8,1824.06,0,Regular Customers
14535,30,6,3166.54,0,Regular Customers
14537,258,1,285.84000000000003,1,Lost Customers
14538,165,3,982.59,1,Lost Customers
14540,14,8,2799.08,0,Regular Customers
14541,51,6,1038.03,0,Regular Customers
14543,15,23,11276.44,0,Regular Customers
14544,105,1,957.98,0,Regular Customers
14545,309,1,349.25,1,Lost Customers
14546,11,6,2619.81,0,Regular Customers
14548,119,7,1974.69,0,Regular Customers
14549,55,3,627.3100000000001,0,Regular Customers
14550,23,2,587.69,0,Regular Customers
14551,46,5,693.81,0,Regular Customers
14552,15,2,346.21,0,Regular Customers
14553,46,4,982.27,0,Regular Customers
14555,16,4,1991.49,0,Regular Customers
14556,231,3,835.34,1,Lost Customers
14558,289,3,655.5,1,Lost Customers
14559,25,1,75.6,0,Regular Customers
14560,14,22,3876.26,0,Regular Customers
14562,25,8,1654.63,0,Regular Customers
14563,144,2,679.44,1,Lost Customers
14564,69,2,2605.62,0,Regular Customers
14565,108,1,760.1,0,Regular Customers
14566,52,3,2660.0,0,Regular Customers
14568,70,1,919.7,0,Regular Customers
14569,87,3,371.59,0,Regular Customers
14570,78,1,395.69,0,Regular Customers
14571,60,1,161.65,0,Regular Customers
14572,52,4,2782.34,0,Regular Customers
14573,7,5,968.0,0,Regular Customers
14574,367,1,143.70000000000002,1,Lost Customers
14575,123,1,460.71,0,Regular Customers
14576,7,1,35.400000000000006,0,Regular Customers
14577,29,3,514.54,0,Regular Customers
14579,67,1,105.56,0,Regular Customers
14580,153,1,14.85,1,Lost Customers
14581,179,1,295.2,1,Lost Customers
14583,18,3,728.48,0,Regular Customers
14584,56,4,705.65,0,Regular Customers
14585,17,4,986.22,0,Regular Customers
14588,213,1,135.39,1,Lost Customers
14589,6,1,39.75,0,Regular Customers
14590,59,20,3006.62,0,Regular Customers
14593,32,9,3094.02,0,Regular Customers
14594,8,1,255.0,0,Regular Customers
14595,88,2,423.85,0,Regular Customers
14596,261,1,229.47,1,Lost Customers
14597,14,4,1318.39,0,Regular Customers
14598,204,1,162.07,1,Lost Customers
14599,25,2,474.54,0,Regular Customers
14600,28,1,471.84,0,Regular Customers
14602,291,1,205.36,1,Lost Customers
14604,268,1,143.86,1,Lost Customers
14605,9,4,937.16,0,Regular Customers
14606,1,102,18704.41,3,Loyal Customers
14607,102,8,7568.13,0,Regular Customers
14608,14,7,1567.79,0,Regular Customers
14609,25,6,884.64,0,Regular Customers
14610,30,2,24.35,0,Regular Customers
14611,78,2,604.3299999999999,0,Regular Customers
14612,50,1,877.7,0,Regular Customers
14613,315,1,76.32000000000001,1,Lost Customers
14614,21,1,295.13,0,Regular Customers
14615,29,5,951.76,0,Regular Customers
14616,20,2,121.7,0,Regular Customers
14617,37,2,190.47000000000003,0,Regular Customers
14618,11,4,788.88,0,Regular Customers
14619,176,1,896.8000000000001,1,Lost Customers
14621,146,4,1212.21,1,Lost Customers
14623,15,5,1170.33,0,Regular Customers
14624,50,4,588.22,0,Regular Customers
14625,9,9,3598.25,0,Regular Customers
14626,30,7,2619.65,0,Regular Customers
14627,14,1,462.75,0,Regular Customers
14628,77,3,1326.04,0,Regular Customers
14630,119,1,338.65,0,Regular Customers
14631,21,3,1018.71,0,Regular Customers
14634,72,4,2124.46,0,Regular Customers
14635,88,1,215.22,0,Regular Customers
14637,312,1,106.68,1,Lost Customers
14639,43,3,1994.47,0,Regular Customers
14640,44,4,1541.98,0,Regular Customers
14643,252,3,986.08,1,Lost Customers
14644,49,5,1416.96,0,Regular Customers
14645,269,1,279.8,1,Lost Customers
14646,9,78,248396.5,2,VIP Customers
14647,158,1,276.75,1,Lost Customers
14648,51,15,4546.86,0,Regular Customers
14649,17,5,2358.02,0,Regular Customers
14650,223,1,62.5,1,Lost Customers
14651,29,7,1379.52,0,Regular Customers
14653,148,5,1666.99,1,Lost Customers
14654,373,1,246.86,1,Lost Customers
14655,23,3,1946.28,0,Regular Customers
14656,50,3,523.6,0,Regular Customers
14657,64,2,612.65,0,Regular Customers
14662,62,3,645.16,0,Regular Customers
14663,65,2,490.6,0,Regular Customers
14665,62,2,913.95,0,Regular Customers
14667,0,31,12685.94,3,Loyal Customers
14668,80,1,111.63,0,Regular Customers
14669,268,4,1973.94,1,Lost Customers
14670,367,1,190.47,1,Lost Customers
14671,184,2,1127.45,1,Lost Customers
14672,150,2,347.59,1,Lost Customers
14673,2,3,1674.41,0,Regular Customers
14674,144,1,173.66,1,Lost Customers
14675,23,1,462.15,0,Regular Customers
14676,29,6,5808.55,0,Regular Customers
14677,227,1,184.91,1,Lost Customers
14678,214,1,403.39,1,Lost Customers
14679,16,3,1289.44,0,Regular Customers
14680,6,43,28658.66,3,Loyal Customers
14681,22,3,376.2000000000001,0,Regular Customers
14682,63,4,1462.81,0,Regular Customers
14683,223,1,146.56,1,Lost Customers
14684,25,1,232.27,0,Regular Customers
14685,211,8,4619.79,1,Lost Customers
14686,49,5,885.83,0,Regular Customers
14687,35,2,773.6800000000001,0,Regular Customers
14688,8,8,2082.7,0,Regular Customers
14690,27,2,422.63,0,Regular Customers
14692,15,8,1153.54,0,Regular Customers
14693,60,6,992.46,0,Regular Customers
14694,252,1,244.31,1,Lost Customers
14695,154,3,1620.07,1,Lost Customers
14696,8,2,688.95,0,Regular Customers
14699,70,3,593.47,0,Regular Customers
14700,50,2,880.96,0,Regular Customers
14701,77,6,2012.72,0,Regular Customers
14702,0,13,3462.08,0,Regular Customers
14704,59,2,266.66,0,Regular Customers
14706,253,1,390.69,1,Lost Customers
14707,70,2,139.2,0,Regular Customers
14708,3,3,1085.91,0,Regular Customers
14709,14,12,3965.29,0,Regular Customers
14710,14,9,1316.46,0,Regular Customers
14712,53,1,411.0,0,Regular Customers
14713,0,11,2752.51,0,Regular Customers
14714,42,3,746.05,0,Regular Customers
14715,77,4,973.07,0,Regular Customers
14716,79,1,235.77,0,Regular Customers
14717,368,1,81.3,1,Lost Customers
14718,45,1,226.42,0,Regular Customers
14721,14,1,115.77,0,Regular Customers
14722,112,2,325.45,0,Regular Customers
14723,6,7,934.76,0,Regular Customers
14724,225,1,345.25,1,Lost Customers
14725,29,3,597.16,0,Regular Customers
14726,289,1,124.75,1,Lost Customers
14727,181,2,199.35,1,Lost Customers
14728,48,1,190.58,0,Regular Customers
14729,8,3,593.89,0,Regular Customers
14732,27,11,2814.58,0,Regular Customers
14733,2,4,6599.06,0,Regular Customers
14734,60,4,1056.42,0,Regular Customers
14735,23,24,6174.47,0,Regular Customers
14736,120,2,401.08,0,Regular Customers
14737,35,1,2389.62,0,Regular Customers
14738,195,2,507.45,1,Lost Customers
14739,2,19,8385.22,0,Regular Customers
14740,44,8,2712.85,0,Regular Customers
14741,7,2,497.25,0,Regular Customers
14742,70,1,579.85,0,Regular Customers
14743,227,1,50.48,1,Lost Customers
14744,1,8,2785.1,0,Regular Customers
14745,136,7,1351.55,0,Regular Customers
14746,41,4,593.5,0,Regular Customers
14748,3,7,1736.57,0,Regular Customers
14749,114,1,310.15,0,Regular Customers
14750,371,1,112.03,1,Lost Customers
14751,319,2,126.45,1,Lost Customers
14753,95,1,306.36,0,Regular Customers
14754,60,4,912.43,0,Regular Customers
14755,16,14,4962.27,0,Regular Customers
14756,17,2,1914.8,0,Regular Customers
14758,31,3,1380.91,0,Regular Customers
14761,79,1,192.02,0,Regular Customers
14762,261,1,117.05,1,Lost Customers
14766,1,6,4082.76,0,Regular Customers
14767,109,1,382.81,0,Regular Customers
14769,25,9,5097.13,0,Regular Customers
14770,102,6,2761.2200000000003,0,Regular Customers
14771,256,2,594.62,1,Lost Customers
14773,227,1,140.55,1,Lost Customers
14774,163,1,241.45,1,Lost Customers
14775,7,1,406.56,0,Regular Customers
14776,22,4,1170.0,0,Regular Customers
14777,38,1,307.56,0,Regular Customers
14783,294,1,307.3,1,Lost Customers
14784,24,1,159.94,0,Regular Customers
14786,185,1,90.96,1,Lost Customers
14787,106,1,110.65,0,Regular Customers
14788,231,1,476.88,1,Lost Customers
14790,9,6,1781.56,0,Regular Customers
14791,241,1,303.63,1,Lost Customers
14793,170,1,396.91,1,Lost Customers
14794,37,3,633.99,0,Regular Customers
14796,1,11,2867.15,0,Regular Customers
14797,142,1,300.31,1,Lost Customers
14798,16,5,550.5699999999999,0,Regular Customers
14799,372,1,180.45,1,Lost Customers
14800,4,6,3434.58,0,Regular Customers
14802,73,2,1502.98,0,Regular Customers
14805,39,3,549.99,0,Regular Customers
14806,74,1,110.04,0,Regular Customers
14807,25,2,519.29,0,Regular Customers
14809,256,2,686.76,1,Lost Customers
14810,4,3,449.14,0,Regular Customers
14811,22,1,170.5,0,Regular Customers
14812,233,1,185.8,1,Lost Customers
14813,4,4,935.44,0,Regular Customers
14814,216,1,160.46,1,Lost Customers
14817,30,5,2849.52,0,Regular Customers
14818,93,3,512.61,0,Regular Customers
14819,129,2,198.09,0,Regular Customers
14820,15,5,767.47,0,Regular Customers
14821,1,7,1237.65,0,Regular Customers
14822,120,1,157.70000000000002,0,Regular Customers
14824,14,6,2895.2000000000003,0,Regular Customers
14825,3,13,2698.17,0,Regular Customers
14826,216,2,385.2,1,Lost Customers
14828,23,10,7699.7,0,Regular Customers
14829,7,4,995.29,0,Regular Customers
14831,315,3,1676.57,1,Lost Customers
14832,265,1,322.69,1,Lost Customers
14833,133,1,94.8,0,Regular Customers
14834,42,1,485.86,0,Regular Customers
14835,163,2,297.0,1,Lost Customers
14837,77,5,1810.82,0,Regular Customers
14838,58,2,773.6700000000001,0,Regular Customers
14839,53,3,915.28,0,Regular Customers
14840,174,1,299.86,1,Lost Customers
14841,9,8,3867.24,0,Regular Customers
14843,71,1,211.8,0,Regular Customers
14844,65,6,3512.62,0,Regular Customers
14845,234,1,150.0,1,Lost Customers
14846,62,1,437.4,0,Regular Customers
14847,42,2,1039.55,0,Regular Customers
14848,39,1,310.56,0,Regular Customers
14849,8,21,7832.91,0,Regular Customers
14850,52,6,1468.26,0,Regular Customers
14851,265,1,318.06,1,Lost Customers
14852,59,12,3310.49,0,Regular Customers
14853,58,3,901.07,0,Regular Customers
14854,25,4,1563.03,0,Regular Customers
14855,109,5,5874.65,0,Regular Customers
14857,77,5,2478.731,0,Regular Customers
14858,140,1,180.75,1,Lost Customers
14859,189,1,351.9,1,Lost Customers
14861,15,9,1254.94,0,Regular Customers
14865,7,3,77.52000000000001,0,Regular Customers
14866,1,8,6460.32,0,Regular Customers
14867,30,13,2241.78,0,Regular Customers
14868,15,4,1230.42,0,Regular Customers
14869,23,4,2078.54,0,Regular Customers
14870,48,5,1511.7,0,Regular Customers
14871,128,5,736.59,0,Regular Customers
14872,118,3,816.6,0,Regular Customers
14873,268,1,334.45,1,Lost Customers
14874,170,1,116.18,1,Lost Customers
14875,76,1,1397.08,0,Regular Customers
14876,156,2,256.7,1,Lost Customers
14877,53,2,437.0,0,Regular Customers
14878,11,16,2619.7000000000003,0,Regular Customers
14879,319,1,185.06,1,Lost Customers
14882,25,12,3038.4500000000003,0,Regular Customers
14884,304,1,120.6,1,Lost Customers
14885,62,2,832.8,0,Regular Customers
14890,253,2,691.6,1,Lost Customers
14891,51,2,552.35,0,Regular Customers
14892,325,1,202.35,1,Lost Customers
14893,252,1,571.76,1,Lost Customers
14894,78,2,837.0600000000001,0,Regular Customers
14895,18,18,13980.83,0,Regular Customers
14896,0,7,1623.65,0,Regular Customers
14897,44,4,1774.16,0,Regular Customers
14898,6,9,2204.29,0,Regular Customers
14899,30,1,1384.88,0,Regular Customers
14900,157,1,13.919999999999998,1,Lost Customers
14901,1,5,868.36,0,Regular Customers
14902,30,2,702.96,0,Regular Customers
14904,43,2,615.2,0,Regular Customers
14905,9,6,1355.24,0,Regular Customers
14906,80,1,68.44,0,Regular Customers
14907,2,10,2664.69,0,Regular Customers
14908,98,1,104.1,0,Regular Customers
14909,72,3,1404.68,0,Regular Customers
14911,0,205,152147.57,2,VIP Customers
14912,36,4,1021.4,0,Regular Customers
14913,23,4,2845.7,0,Regular Customers
14915,10,9,1503.77,0,Regular Customers
14916,66,4,1773.97,0,Regular Customers
14917,231,2,1123.75,1,Lost Customers
14918,39,7,4345.66,0,Regular Customers
14919,174,1,359.35,1,Lost Customers
14920,200,1,629.4,1,Lost Customers
14922,28,2,843.74,0,Regular Customers
14924,245,2,620.96,1,Lost Customers
14926,16,2,359.4,0,Regular Customers
14927,31,1,308.2,0,Regular Customers
14928,262,1,223.91000000000005,1,Lost Customers
14929,56,1,612.8100000000001,0,Regular Customers
14930,105,3,2873.77,0,Regular Customers
14932,0,2,666.13,0,Regular Customers
14933,78,4,1770.0,0,Regular Customers
14934,13,3,1612.56,0,Regular Customers
14935,254,1,1065.12,1,Lost Customers
14936,25,4,4273.79,0,Regular Customers
14938,197,2,2322.43,1,Lost Customers
14940,52,2,531.49,0,Regular Customers
14941,213,1,182.1,1,Lost Customers
14942,36,4,746.56,0,Regular Customers
14943,298,1,107.62,1,Lost Customers
14944,24,7,3884.42,0,Regular Customers
14945,48,1,179.4,0,Regular Customers
14947,23,4,758.97,0,Regular Customers
14949,104,4,515.0,0,Regular Customers
14952,31,21,9529.86,0,Regular Customers
14953,53,3,723.95,0,Regular Customers
14954,338,1,167.27,1,Lost Customers
14955,367,1,163.77,1,Lost Customers
14956,56,1,1325.0,0,Regular Customers
14957,279,1,274.8,1,Lost Customers
14958,230,3,458.26,1,Lost Customers
14961,14,13,9365.47,0,Regular Customers
14962,174,3,240.21000000000004,1,Lost Customers
14963,14,7,1676.68,0,Regular Customers
14966,22,5,924.52,0,Regular Customers
14967,76,5,1518.81,0,Regular Customers
14968,93,1,357.4,0,Regular Customers
14969,338,1,906.23,1,Lost Customers
14970,44,8,3327.29,0,Regular Customers
14972,16,1,30.300000000000004,0,Regular Customers
14975,56,1,192.45,0,Regular Customers
14977,360,1,31.93,1,Lost Customers
14978,65,5,1210.72,0,Regular Customers
14979,370,1,439.46,1,Lost Customers
14980,372,1,150.68,1,Lost Customers
14981,58,1,270.8,0,Regular Customers
14982,207,1,237.78,1,Lost Customers
14983,324,1,183.2,1,Lost Customers
14984,23,4,1058.14,0,Regular Customers
14986,11,2,566.9,0,Regular Customers
14987,0,7,1387.4499999999998,0,Regular Customers
14988,15,6,1732.06,0,Regular Customers
14989,296,1,342.4,1,Lost Customers
14990,247,2,305.42,1,Lost Customers
14991,65,1,314.67,0,Regular Customers
14992,77,1,210.5,0,Regular Customers
14993,198,1,36.13,1,Lost Customers
14994,17,5,960.63,0,Regular Customers
14996,116,2,442.29,0,Regular Customers
14997,290,1,230.4,1,Lost Customers
14998,63,2,340.86,0,Regular Customers
14999,227,1,129.48000000000002,1,Lost Customers
15001,29,2,230.86,0,Regular Customers
15002,2,6,3175.52,0,Regular Customers
15003,108,6,1060.7,0,Regular Customers
15005,1,29,7789.63,3,Loyal Customers
15006,88,1,323.05,0,Regular Customers
15008,115,2,360.0,0,Regular Customers
15011,30,2,416.6,0,Regular Customers
15012,8,2,437.58,0,Regular Customers
15013,122,10,1641.3,0,Regular Customers
15015,136,13,2365.02,0,Regular Customers
15016,28,4,460.26,0,Regular Customers
15018,2,1,111.25,0,Regular Customers
15020,14,1,203.42,0,Regular Customers
15021,1,4,869.01,0,Regular Customers
15022,312,1,281.05,1,Lost Customers
15023,4,10,5367.92,0,Regular Customers
15024,2,8,2414.18,0,Regular Customers
15025,203,1,636.08,1,Lost Customers
15026,10,2,592.61,0,Regular Customers
15027,30,6,2129.45,0,Regular Customers
15028,3,3,530.58,0,Regular Customers
15029,254,1,365.1,1,Lost Customers
15030,15,6,1461.63,0,Regular Customers
15031,29,10,2488.44,0,Regular Customers
15032,1,7,8821.55,0,Regular Customers
15034,21,6,4004.79,0,Regular Customers
15037,11,2,402.51,0,Regular Customers
15038,4,4,604.37,0,Regular Customers
15039,3,47,20116.99,3,Loyal Customers
15040,176,1,7.49,1,Lost Customers
15041,79,1,113.67,0,Regular Customers
15042,230,1,179.52,1,Lost Customers
15043,98,5,2336.8,0,Regular Customers
15044,14,18,8504.1,0,Regular Customers
15046,60,10,2598.62,0,Regular Customers
15048,3,1,98.7,0,Regular Customers
15050,56,2,2411.7,0,Regular Customers
15051,14,6,2543.55,0,Regular Customers
15055,109,3,560.07,0,Regular Customers
15056,155,1,133.45,1,Lost Customers
15057,78,3,1766.46,0,Regular Customers
15058,11,5,1285.04,0,Regular Customers
15059,11,10,2185.85,0,Regular Customers
15061,2,86,83284.38,3,Loyal Customers
15062,58,4,1597.76,0,Regular Customers
15064,45,4,1254.41,0,Regular Customers
15065,45,1,168.73,0,Regular Customers
15067,48,2,2133.12,0,Regular Customers
15068,53,2,623.49,0,Regular Customers
15070,7,3,737.0500000000001,0,Regular Customers
15071,21,2,473.49,0,Regular Customers
15072,114,1,187.52,0,Regular Customers
15073,35,5,1744.61,0,Regular Customers
15074,64,2,817.46,0,Regular Customers
15076,127,2,566.89,0,Regular Customers
15077,129,2,2428.08,0,Regular Customers
15078,3,23,8018.77,0,Regular Customers
15079,0,8,2871.74,0,Regular Customers
15080,62,2,546.25,0,Regular Customers
15081,2,8,1460.92,0,Regular Customers
15082,303,1,93.35,1,Lost Customers
15084,14,2,965.2,0,Regular Customers
15085,364,1,347.54,1,Lost Customers
15086,199,2,218.53,1,Lost Customers
15091,309,2,565.9,1,Lost Customers
15092,97,1,318.65,0,Regular Customers
15093,7,18,9729.09,0,Regular Customers
15094,98,2,83.0,0,Regular Customers
15095,55,6,1771.04,0,Regular Customers
15097,218,2,660.27,1,Lost Customers
15100,1,6,2018.7,0,Regular Customers
15101,150,4,1160.41,1,Lost Customers
15102,165,2,554.67,1,Lost Customers
15105,65,2,795.98,0,Regular Customers
15107,7,4,620.85,0,Regular Customers
15109,214,2,498.15,1,Lost Customers
15110,38,2,509.75,0,Regular Customers
15111,7,3,1163.39,0,Regular Customers
15112,246,1,209.4,1,Lost Customers
15114,18,2,639.56,0,Regular Customers
15115,367,1,191.74,1,Lost Customers
15117,83,3,934.19,0,Regular Customers
15122,57,8,2863.69,0,Regular Customers
15123,56,3,2456.86,0,Regular Customers
15124,111,2,266.63,0,Regular Customers
15125,114,9,5496.39,0,Regular Customers
15126,171,2,449.49,1,Lost Customers
15127,154,1,304.97,1,Lost Customers
15128,65,1,312.68,0,Regular Customers
15129,20,12,3412.78,0,Regular Customers
15131,29,1,80.28,0,Regular Customers
15133,17,2,824.48,0,Regular Customers
15134,16,2,208.3,0,Regular Customers
15135,191,1,166.63,1,Lost Customers
15137,155,2,823.4,1,Lost Customers
15138,28,1,502.52,0,Regular Customers
15140,77,1,889.44,0,Regular Customers
15141,92,7,1388.47,0,Regular Customers
15142,45,5,2121.18,0,Regular Customers
15143,67,1,304.18,0,Regular Customers
15144,14,12,5579.87,0,Regular Customers
15149,211,4,1033.81,1,Lost Customers
15150,91,3,3686.61,0,Regular Customers
15151,58,2,2085.61,0,Regular Customers
15152,336,1,518.14,1,Lost Customers
15154,113,2,1091.99,0,Regular Customers
15155,18,1,383.97,0,Regular Customers
15157,204,2,718.04,1,Lost Customers
15158,36,1,204.62,0,Regular Customers
15159,30,4,3475.7200000000003,0,Regular Customers
15160,9,3,431.11,0,Regular Customers
15161,23,1,119.92,0,Regular Customers
15162,366,1,312.9,1,Lost Customers
15164,24,6,1225.87,0,Regular Customers
15165,8,1,487.75,0,Regular Customers
15166,102,1,167.16,0,Regular Customers
15167,42,4,1496.67,0,Regular Customers
15169,17,2,569.22,0,Regular Customers
15170,41,1,81.15,0,Regular Customers
15173,15,7,1494.6,0,Regular Customers
15174,45,1,345.71,0,Regular Customers
15176,302,1,988.04,1,Lost Customers
15177,60,1,948.93,0,Regular Customers
15179,27,8,5284.97,0,Regular Customers
15180,2,3,816.9300000000001,0,Regular Customers
15181,55,2,510.72,0,Regular Customers
15182,20,9,2376.1020000000003,0,Regular Customers
15183,182,3,639.93,1,Lost Customers
15184,22,2,283.19,0,Regular Customers
15186,109,3,991.79,0,Regular Customers
15188,360,1,310.43,1,Lost Customers
15189,16,5,1298.99,0,Regular Customers
15190,69,1,834.4399999999999,0,Regular Customers
15191,98,3,588.05,0,Regular Customers
15192,0,3,937.07,0,Regular Customers
15194,3,14,4811.16,0,Regular Customers
15196,67,2,316.25,0,Regular Customers
15197,29,3,797.9,0,Regular Customers
15198,43,3,377.71,0,Regular Customers
15199,9,6,1853.7,0,Regular Customers
15200,129,1,549.05,0,Regular Customers
15201,74,2,606.4100000000001,0,Regular Customers
15202,55,3,6001.49,0,Regular Customers
15203,25,9,2572.38,0,Regular Customers
15207,51,3,683.9200000000001,0,Regular Customers
15208,58,1,100.4,0,Regular Customers
15209,365,1,178.98000000000002,1,Lost Customers
15210,13,2,845.01,0,Regular Customers
15211,0,1,383.07,0,Regular Customers
15212,11,1,106.48,0,Regular Customers
15215,28,4,1687.49,0,Regular Customers
15216,253,1,389.49,1,Lost Customers
15217,198,1,426.24,1,Lost Customers
15218,24,11,5759.68,0,Regular Customers
15219,283,1,379.7,1,Lost Customers
15221,1,4,2062.2000000000003,0,Regular Customers
15222,107,10,2965.91,0,Regular Customers
15223,244,3,662.2,1,Lost Customers
15224,147,3,549.28,1,Lost Customers
15227,31,4,1269.09,0,Regular Customers
15228,63,2,2193.56,0,Regular Customers
15229,221,1,160.5,1,Lost Customers
15231,256,1,250.26,1,Lost Customers
15233,36,1,59.400000000000006,0,Regular Customers
15235,4,6,690.3000000000001,0,Regular Customers
15240,9,7,2753.41,0,Regular Customers
15241,65,3,1293.72,0,Regular Customers
15242,57,1,302.04,0,Regular Customers
15243,70,1,610.6,0,Regular Customers
15244,301,1,280.51,1,Lost Customers
15245,37,5,2095.0,0,Regular Customers
15246,190,1,266.25,1,Lost Customers
15247,112,2,620.06,0,Regular Customers
15248,46,3,1893.93,0,Regular Customers
15249,65,5,2577.54,0,Regular Customers
15250,275,1,60.0,1,Lost Customers
15251,49,10,9839.55,0,Regular Customers
15252,56,3,1362.63,0,Regular Customers
15253,38,3,1136.89,0,Regular Customers
15254,181,2,787.99,1,Lost Customers
15255,31,8,2838.57,0,Regular Customers
15256,196,1,71.95,1,Lost Customers
15257,49,1,368.75,0,Regular Customers
15259,147,4,1182.38,1,Lost Customers
15260,7,20,7377.46,0,Regular Customers
15261,16,3,1253.18,0,Regular Customers
15262,15,2,239.87,0,Regular Customers
15264,165,1,454.66,1,Lost Customers
15265,239,2,1839.52,1,Lost Customers
15266,14,4,732.91,0,Regular Customers
15268,113,3,961.9,0,Regular Customers
15269,15,2,816.56,0,Regular Customers
15270,35,14,6145.37,0,Regular Customers
15271,0,10,2202.4700000000003,0,Regular Customers
15272,85,4,1363.54,0,Regular Customers
15273,234,1,228.96,1,Lost Customers
15276,29,3,514.22,0,Regular Customers
15277,60,1,220.44,0,Regular Customers
15278,196,4,496.16,1,Lost Customers
15279,15,4,1290.03,0,Regular Customers
15280,123,2,293.1,0,Regular Customers
15281,13,7,6211.42,0,Regular Customers
15282,205,1,348.59,1,Lost Customers
15283,25,3,148.33,0,Regular Customers
15284,135,1,24.75,0,Regular Customers
15285,42,1,94.92,0,Regular Customers
15287,14,3,369.34,0,Regular Customers
15288,0,6,1576.61,0,Regular Customers
15289,93,2,653.3100000000001,0,Regular Customers
15290,28,8,2553.06,0,Regular Customers
15291,8,26,9178.26,0,Regular Customers
15293,300,1,247.5,1,Lost Customers
15294,45,1,233.35,0,Regular Customers
15295,289,1,217.24,1,Lost Customers
15296,55,6,6669.97,0,Regular Customers
15298,1,12,4659.47,0,Regular Customers
15299,7,6,3484.53,0,Regular Customers
15301,3,6,2533.09,0,Regular Customers
15302,365,1,308.0,1,Lost Customers
15303,200,2,650.16,1,Lost Customers
15304,3,2,225.15,0,Regular Customers
15305,190,1,93.6,1,Lost Customers
15306,135,6,2310.38,0,Regular Customers
15309,245,4,797.96,1,Lost Customers
15310,113,1,1634.64,0,Regular Customers
15311,0,121,56003.26,3,Loyal Customers
15312,18,8,2005.34,0,Regular Customers
15314,48,2,492.48,0,Regular Customers
15317,312,1,129.75,1,Lost Customers
15321,72,9,3961.42,0,Regular Customers
15322,111,1,711.18,0,Regular Customers
15323,197,3,434.6,1,Lost Customers
15324,336,1,140.22000000000003,1,Lost Customers
15325,30,7,1439.72,0,Regular Customers
15326,244,4,1388.81,1,Lost Customers
15328,42,1,107.24,0,Regular Customers
15329,9,8,1934.63,0,Regular Customers
15331,134,3,767.91,0,Regular Customers
15332,1,6,4892.68,0,Regular Customers
15336,36,1,240.5,0,Regular Customers
15337,46,1,373.02,0,Regular Customers
15338,312,1,283.43,1,Lost Customers
15339,56,5,1253.77,0,Regular Customers
15340,196,1,105.5,1,Lost Customers
15341,84,1,382.2,0,Regular Customers
15346,60,2,343.7,0,Regular Customers
15347,1,4,1162.0,0,Regular Customers
15350,8,2,547.6,0,Regular Customers
15351,4,4,1778.18,0,Regular Customers
15352,183,1,114.95,1,Lost Customers
15353,2,6,2398.93,0,Regular Customers
15354,238,3,284.4,1,Lost Customers
15356,3,4,698.45,0,Regular Customers
15358,0,22,8703.210000000001,0,Regular Customers
15359,297,8,181.35,1,Lost Customers
15361,161,3,270.15000000000003,1,Lost Customers
15362,83,2,613.08,0,Regular Customers
15363,7,2,678.11,0,Regular Customers
15365,38,6,2242.81,0,Regular Customers
15366,44,5,1786.57,0,Regular Customers
15367,53,7,3203.74,0,Regular Customers
15368,29,1,275.8,0,Regular Customers
15369,127,11,6251.26,0,Regular Customers
15370,45,1,1352.96,0,Regular Customers
15371,297,1,59.400000000000006,1,Lost Customers
15372,85,7,4009.66,0,Regular Customers
15373,6,6,1005.48,0,Regular Customers
15374,259,1,139.32,1,Lost Customers
15375,325,1,60.96,1,Lost Customers
15377,17,4,1211.75,0,Regular Customers
15378,97,2,246.5,0,Regular Customers
15379,35,1,1174.55,0,Regular Customers
15380,0,7,1788.8,0,Regular Customers
15381,58,3,1293.72,0,Regular Customers
15382,9,6,7777.84,0,Regular Customers
15384,16,2,1385.38,0,Regular Customers
15385,27,2,625.2,0,Regular Customers
15387,127,1,468.65,0,Regular Customers
15389,35,4,2233.8,0,Regular Customers
15390,31,2,1216.66,0,Regular Customers
15391,219,1,289.87,1,Lost Customers
15392,9,3,1376.09,0,Regular Customers
15393,202,3,659.48,1,Lost Customers
15394,30,7,3103.26,0,Regular Customers
15396,218,1,508.2000000000001,1,Lost Customers
15400,55,3,586.1,0,Regular Customers
15401,87,2,216.95,0,Regular Customers
15402,22,4,1203.77,0,Regular Customers
15403,126,2,170.88,0,Regular Customers
15404,10,1,257.06,0,Regular Customers
15405,211,1,310.74,1,Lost Customers
15406,88,2,465.16,0,Regular Customers
15409,356,1,131.25,1,Lost Customers
15410,203,2,1234.88,1,Lost Customers
15413,326,5,6798.72,1,Lost Customers
15416,113,3,588.5,0,Regular Customers
15418,60,2,452.32,0,Regular Customers
15420,69,6,743.0,0,Regular Customers
15421,20,6,2854.98,0,Regular Customers
15422,14,5,1522.27,0,Regular Customers
15423,216,2,223.39,1,Lost Customers
15424,98,1,214.44,0,Regular Customers
15425,35,4,1944.57,0,Regular Customers
15426,4,5,1168.0,0,Regular Customers
15428,22,3,668.97,0,Regular Customers
15430,102,2,954.75,0,Regular Customers
15431,137,1,153.24,0,Regular Customers
15432,176,1,149.57,1,Lost Customers
15434,9,6,1525.5800000000002,0,Regular Customers
15437,275,1,193.29,1,Lost Customers
15439,39,4,1269.05,0,Regular Customers
15441,31,3,1254.21,0,Regular Customers
15443,109,7,1939.02,0,Regular Customers
15445,225,1,171.0,1,Lost Customers
15446,11,3,406.95,0,Regular Customers
15447,162,4,337.71000000000004,1,Lost Customers
15448,309,1,294.17,1,Lost Customers
15451,69,2,233.21,0,Regular Customers
15452,25,3,1260.38,0,Regular Customers
15454,253,1,128.59,1,Lost Customers
15455,232,1,38.25,1,Lost Customers
15456,38,7,1672.05,0,Regular Customers
15458,37,1,208.8,0,Regular Customers
15459,52,2,202.83,0,Regular Customers
15461,95,2,429.7,0,Regular Customers
15462,80,1,502.45,0,Regular Customers
15465,4,15,5301.03,0,Regular Customers
15466,24,3,1236.48,0,Regular Customers
15468,27,1,962.97,0,Regular Customers
15469,73,1,335.7,0,Regular Customers
15470,210,1,63.42,1,Lost Customers
15471,15,2,847.0799999999999,0,Regular Customers
15473,79,1,274.8,0,Regular Customers
15474,230,1,163.1,1,Lost Customers
15476,15,4,2209.98,0,Regular Customers
15477,284,1,368.4,1,Lost Customers
15478,210,1,583.56,1,Lost Customers
15479,368,1,147.4,1,Lost Customers
15480,100,4,5373.5,0,Regular Customers
15481,36,1,1993.34,0,Regular Customers
15482,21,7,3537.6,0,Regular Customers
15483,20,6,628.39,0,Regular Customers
15484,175,2,1061.69,1,Lost Customers
15485,8,5,3196.51,0,Regular Customers
15486,162,1,102.0,1,Lost Customers
15487,314,1,231.32,1,Lost Customers
15488,91,4,340.6,0,Regular Customers
15489,35,5,1285.3300000000002,0,Regular Customers
15490,65,1,217.6,0,Regular Customers
15493,24,4,2313.18,0,Regular Customers
15494,113,3,2480.82,0,Regular Customers
15495,14,1,246.5,0,Regular Customers
15496,266,1,146.14,1,Lost Customers
15497,17,7,7395.19,0,Regular Customers
15498,1,19,12723.18,0,Regular Customers
15499,358,1,161.6,1,Lost Customers
15501,39,2,402.5,0,Regular Customers
15502,3,5,3608.54,0,Regular Customers
15503,361,1,120.06,1,Lost Customers
15504,155,3,371.02,1,Lost Customers
15506,16,3,1060.77,0,Regular Customers
15509,15,1,166.51,0,Regular Customers
15512,25,2,210.58,0,Regular Customers
15513,0,18,12992.33,0,Regular Customers
15514,14,7,2459.09,0,Regular Customers
15515,22,1,171.81,0,Regular Customers
15518,14,7,2276.49,0,Regular Customers
15519,18,2,344.61,0,Regular Customers
15521,35,8,4106.49,0,Regular Customers
15523,23,15,16947.98,0,Regular Customers
15524,241,1,151.4,1,Lost Customers
15525,8,2,469.78,0,Regular Customers
15527,29,15,3145.86,0,Regular Customers
15529,1,2,1116.72,0,Regular Customers
15530,147,1,311.37,1,Lost Customers
15532,11,6,2190.9700000000003,0,Regular Customers
15534,360,1,162.25,1,Lost Customers
15535,39,2,551.42,0,Regular Customers
15536,44,1,259.09,0,Regular Customers
15538,172,6,3358.4,1,Lost Customers
15540,10,1,247.38,0,Regular Customers
15542,147,3,918.45,1,Lost Customers
15543,94,1,114.98,0,Regular Customers
15544,7,12,4615.72,0,Regular Customers
15545,6,1,135.32999999999998,0,Regular Customers
15546,241,2,1079.1,1,Lost Customers
15547,11,12,5199.55,0,Regular Customers
15548,230,1,158.09,1,Lost Customers
15549,56,5,652.7,0,Regular Customers
15550,13,8,1643.17,0,Regular Customers
15551,29,6,1274.02,0,Regular Customers
15552,258,1,162.4,1,Lost Customers
15555,0,22,7307.18,0,Regular Customers
15558,274,1,214.13,1,Lost Customers
15559,203,1,1109.4,1,Lost Customers
15560,32,2,153.52,0,Regular Customers
15561,18,4,1133.8,0,Regular Customers
15562,59,2,538.83,0,Regular Customers
15563,149,3,1466.56,1,Lost Customers
15564,98,2,70.74000000000001,0,Regular Customers
15566,27,2,227.87,0,Regular Customers
15569,25,5,2210.64,0,Regular Customers
15570,4,14,5145.52,0,Regular Customers
15571,21,10,3401.2,0,Regular Customers
15572,15,3,1515.81,0,Regular Customers
15573,253,3,599.73,1,Lost Customers
15574,7,3,816.4499999999999,0,Regular Customers
15575,254,1,30.1,1,Lost Customers
15577,358,2,139.1,1,Lost Customers
15579,18,3,953.9,0,Regular Customers
15580,11,8,1381.19,0,Regular Customers
15581,1,26,4114.62,0,Regular Customers
15583,11,1,107.86,0,Regular Customers
15584,34,2,552.39,0,Regular Customers
15586,227,3,1139.1,1,Lost Customers
15587,27,3,608.4000000000001,0,Regular Customers
15588,312,1,579.6,1,Lost Customers
15590,17,5,1496.6,0,Regular Customers
15591,217,3,217.9,1,Lost Customers
15595,122,1,357.6,0,Regular Customers
15596,0,5,1723.45,0,Regular Customers
15597,210,1,238.8,1,Lost Customers
15598,62,1,307.34,0,Regular Customers
15599,80,1,488.32,0,Regular Customers
15600,63,4,1199.31,0,Regular Customers
15601,7,17,8183.56,0,Regular Customers
15602,3,8,1932.64,0,Regular Customers
15603,283,1,40.0,1,Lost Customers
15605,8,5,738.57,0,Regular Customers
15606,25,8,2310.83,0,Regular Customers
15607,178,8,1604.21,1,Lost Customers
15608,50,1,692.3,0,Regular Customers
15611,18,13,1405.83,0,Regular Customers
15613,245,1,433.72,1,Lost Customers
15614,72,4,3147.36,0,Regular Customers
15615,25,24,10974.23,0,Regular Customers
15616,73,1,317.11,0,Regular Customers
15617,31,3,828.5500000000001,0,Regular Customers
15620,44,1,389.18,0,Regular Customers
15622,62,8,4143.05,0,Regular Customers
15623,28,7,2136.02,0,Regular Customers
15625,11,5,1702.14,0,Regular Customers
15626,56,1,391.72,0,Regular Customers
15627,92,2,566.9,0,Regular Customers
15628,1,9,2782.02,0,Regular Customers
15629,85,4,2240.9,0,Regular Customers
15630,279,1,295.05,1,Lost Customers
15631,277,1,596.67,1,Lost Customers
15633,144,13,4352.46,0,Regular Customers
15634,18,1,311.1,0,Regular Customers
15635,30,1,100.35,0,Regular Customers
15636,72,2,719.82,0,Regular Customers
15637,48,4,574.23,0,Regular Customers
15638,13,6,2265.2,0,Regular Customers
15639,86,2,639.76,0,Regular Customers
15640,7,15,11441.92,0,Regular Customers
15641,31,8,3458.35,0,Regular Customers
15642,364,1,105.78000000000002,1,Lost Customers
15645,49,2,443.16,0,Regular Customers
15646,7,3,526.97,0,Regular Customers
15647,50,1,169.0,0,Regular Customers
15649,2,3,1354.35,0,Regular Customers
15650,156,2,553.88,1,Lost Customers
15651,55,2,612.76,0,Regular Customers
15652,22,4,1082.6,0,Regular Customers
15658,7,4,1399.37,0,Regular Customers
15659,21,2,226.04,0,Regular Customers
15660,0,7,1212.13,0,Regular Customers
15661,14,6,906.15,0,Regular Customers
15662,296,2,283.73,1,Lost Customers
15664,84,3,867.6,0,Regular Customers
15665,46,3,1773.11,0,Regular Customers
15666,107,2,632.9399999999999,0,Regular Customers
15670,191,1,152.15,1,Lost Customers
15672,360,1,45.3,1,Lost Customers
15673,86,5,3533.77,0,Regular Customers
15674,52,8,4501.63,0,Regular Customers
15675,39,1,218.35,0,Regular Customers
15677,56,2,648.4,0,Regular Customers
15678,30,2,1541.19,0,Regular Customers
15680,1,8,3173.9,0,Regular Customers
15681,14,9,1563.54,0,Regular Customers
15682,234,2,318.24,1,Lost Customers
15683,108,1,330.79,0,Regular Customers
15684,182,3,173.95,1,Lost Customers
15685,85,1,55.98,0,Regular Customers
15686,55,1,90.0,0,Regular Customers
15688,53,1,190.57,0,Regular Customers
15689,252,1,266.93,1,Lost Customers
15691,29,3,434.5,0,Regular Customers
15693,294,1,37.5,1,Lost Customers
15694,0,12,4331.41,0,Regular Customers
15695,232,2,721.06,1,Lost Customers
15696,58,5,1170.11,0,Regular Customers
15697,324,1,246.75,1,Lost Customers
15698,259,1,46.2,1,Lost Customers
15702,111,2,140.39,0,Regular Customers
15704,137,2,1524.34,0,Regular Customers
15708,4,3,1014.48,0,Regular Customers
15709,224,1,194.6,1,Lost Customers
15710,52,1,898.87,0,Regular Customers
15711,191,2,420.25,1,Lost Customers
15712,14,7,2400.05,0,Regular Customers
15713,1,3,654.09,0,Regular Customers
15714,88,3,453.93,0,Regular Customers
15715,190,5,658.02,1,Lost Customers
15716,4,8,1938.0,0,Regular Customers
15717,56,4,456.7000000000001,0,Regular Customers
15718,175,1,293.79,1,Lost Customers
15719,16,18,5177.45,0,Regular Customers
15720,185,1,143.19,1,Lost Customers
15722,80,6,3035.54,0,Regular Customers
15723,46,3,744.55,0,Regular Customers
15724,35,1,92.6,0,Regular Customers
15726,25,1,321.91,0,Regular Customers
15727,22,8,4266.55,0,Regular Customers
15728,14,2,544.6,0,Regular Customers
15729,35,2,107.55,0,Regular Customers
15730,16,2,605.7,0,Regular Customers
15731,188,1,125.3,1,Lost Customers
15732,7,9,1387.95,0,Regular Customers
15734,71,2,923.85,0,Regular Customers
15735,56,1,327.68,0,Regular Customers
15736,70,2,1815.72,0,Regular Customers
15738,7,26,8560.550000000001,0,Regular Customers
15741,93,2,208.62,0,Regular Customers
15742,254,1,156.87,1,Lost Customers
15747,10,6,1588.57,0,Regular Customers
15748,84,2,465.4500000000001,0,Regular Customers
15750,1,12,4331.711,0,Regular Customers
15751,95,11,1380.44,0,Regular Customers
15752,7,3,1570.16,0,Regular Customers
15754,128,6,2579.04,0,Regular Customers
15755,14,11,3628.87,0,Regular Customers
15757,21,4,2225.94,0,Regular Customers
15759,146,4,577.8900000000001,1,Lost Customers
15760,265,2,13916.34,1,Lost Customers
15761,77,1,143.05,0,Regular Customers
15764,69,2,1223.11,0,Regular Customers
15765,301,1,370.63,1,Lost Customers
15766,91,2,516.0,0,Regular Customers
15768,111,31,14979.26,3,Loyal Customers
15769,6,21,32451.6,3,Loyal Customers
15770,247,1,321.45,1,Lost Customers
15771,239,3,1006.54,1,Lost Customers
15772,53,1,280.88,0,Regular Customers
15773,44,1,138.84,0,Regular Customers
15774,53,5,1059.14,0,Regular Customers
15775,266,1,45.6,1,Lost Customers
15777,31,3,715.5,0,Regular Customers
15778,66,1,307.95,0,Regular Customers
15779,98,2,124.08,0,Regular Customers
15782,65,1,1399.36,0,Regular Customers
15784,102,2,848.3299999999999,0,Regular Customers
15785,14,11,3640.96,0,Regular Customers
15786,52,2,3582.62,0,Regular Customers
15788,143,1,221.83,1,Lost Customers
15789,66,5,1610.71,0,Regular Customers
15791,164,3,1995.65,1,Lost Customers
15792,34,2,933.84,0,Regular Customers
15793,13,5,1433.96,0,Regular Customers
15794,371,2,777.0,1,Lost Customers
15795,65,7,1369.86,0,Regular Customers
15796,9,9,2464.27,0,Regular Customers
15797,216,2,613.6800000000001,1,Lost Customers
15798,127,3,1535.37,0,Regular Customers
15799,53,1,540.15,0,Regular Customers
15800,88,5,543.5,0,Regular Customers
15803,80,3,1513.84,0,Regular Customers
15805,20,13,4660.75,0,Regular Customers
15807,43,2,913.62,0,Regular Customers
15808,4,18,14674.96,0,Regular Customers
15809,94,2,758.67,0,Regular Customers
15810,21,4,1607.06,0,Regular Customers
15811,0,2,1671.9,0,Regular Customers
15812,70,7,3400.33,0,Regular Customers
15814,28,2,689.11,0,Regular Customers
15816,177,2,144.14999999999998,1,Lost Customers
15817,55,3,2766.4,0,Regular Customers
15818,223,1,340.5,1,Lost Customers
15819,66,6,2029.34,0,Regular Customers
15822,128,4,954.59,0,Regular Customers
15823,7,3,3882.17,0,Regular Customers
15824,88,2,890.94,0,Regular Customers
15826,203,1,943.97,1,Lost Customers
15827,7,16,1957.98,0,Regular Customers
15828,10,1,1108.82,0,Regular Customers
15833,372,1,80.4,1,Lost Customers
15834,11,3,1539.24,0,Regular Customers
15837,120,1,385.03,0,Regular Customers
15838,2,16,40519.92,3,Loyal Customers
15841,21,5,1518.35,0,Regular Customers
15842,28,2,548.8,0,Regular Customers
15845,171,3,714.51,1,Lost Customers
15846,20,1,107.01,0,Regular Customers
15847,63,3,433.3,0,Regular Customers
15848,256,1,139.94,1,Lost Customers
15850,11,4,819.87,0,Regular Customers
15851,161,1,109.73,1,Lost Customers
15852,161,1,96.55,1,Lost Customers
15854,11,9,2609.16,0,Regular Customers
15855,111,1,340.48,0,Regular Customers
15856,0,26,17832.77,3,Loyal Customers
15857,65,1,273.48,0,Regular Customers
15858,2,9,2521.52,0,Regular Customers
15859,67,1,438.46,0,Regular Customers
15860,3,10,1528.0,0,Regular Customers
15861,91,4,1236.43,0,Regular Customers
15862,8,10,2095.41,0,Regular Customers
15863,252,3,289.86,1,Lost Customers
15864,16,1,244.44000000000003,0,Regular Customers
15865,48,2,1353.79,0,Regular Customers
15867,4,17,5251.31,0,Regular Customers
15868,218,1,94.53,1,Lost Customers
15869,261,1,174.02,1,Lost Customers
15870,31,3,508.52,0,Regular Customers
15871,72,1,33.099999999999994,0,Regular Customers
15872,13,2,434.75,0,Regular Customers
15873,134,4,313.92,0,Regular Customers
15874,22,14,6878.88,0,Regular Customers
15875,281,1,111.72,1,Lost Customers
15876,44,2,1449.14,0,Regular Customers
15878,196,2,330.77,1,Lost Customers
15879,39,4,1157.3,0,Regular Customers
15880,4,1,343.28000000000003,0,Regular Customers
15882,3,6,979.62,0,Regular Customers
15884,67,2,249.7,0,Regular Customers
15885,18,12,1572.47,0,Regular Customers
15886,51,3,871.78,0,Regular Customers
15887,41,3,1027.15,0,Regular Customers
15888,35,2,260.85,0,Regular Customers
15889,4,7,1359.41,0,Regular Customers
15890,29,5,535.65,0,Regular Customers
15892,304,1,128.2,1,Lost Customers
15893,116,1,305.28000000000003,0,Regular Customers
15894,4,1,156.74,0,Regular Customers
15898,2,22,4207.43,0,Regular Customers
15899,3,1,56.25,0,Regular Customers
15900,48,3,549.29,0,Regular Customers
15901,86,4,339.34,0,Regular Customers
15902,15,1,145.01,0,Regular Customers
15903,13,5,3813.08,0,Regular Customers
15905,178,1,114.69,1,Lost Customers
15906,9,3,987.95,0,Regular Customers
15908,125,2,764.57,0,Regular Customers
15910,35,7,1449.62,0,Regular Customers
15911,258,8,1702.34,1,Lost Customers
15912,71,7,810.08,0,Regular Customers
15913,169,1,6.300000000000001,1,Lost Customers
15914,13,2,205.99,0,Regular Customers
15915,36,1,429.21,0,Regular Customers
15916,1,7,1899.08,0,Regular Customers
15917,241,4,437.53,1,Lost Customers
15918,266,1,248.65,1,Lost Customers
15919,3,1,270.72,0,Regular Customers
15920,59,5,404.14,0,Regular Customers
15921,31,3,466.08,0,Regular Customers
15922,8,1,369.5,0,Regular Customers
15923,7,1,127.08,0,Regular Customers
15924,366,1,102.82,1,Lost Customers
15926,177,1,134.44,1,Lost Customers
15927,282,1,123.39,1,Lost Customers
15928,291,1,293.53,1,Lost Customers
15929,279,1,594.0,1,Lost Customers
15931,63,1,239.9,0,Regular Customers
15934,52,2,2190.66,0,Regular Customers
15936,14,2,282.79,0,Regular Customers
15938,91,4,330.23,0,Regular Customers
15939,9,1,2945.38,0,Regular Customers
15941,272,1,405.0,1,Lost Customers
15943,284,2,271.29,1,Lost Customers
15944,28,3,1839.14,0,Regular Customers
15945,0,4,646.27,0,Regular Customers
15946,137,3,2304.18,0,Regular Customers
15948,59,1,553.85,0,Regular Customers
15950,10,6,5415.2,0,Regular Customers
15951,16,1,304.95,0,Regular Customers
15953,4,11,2010.17,0,Regular Customers
15954,224,1,190.75,1,Lost Customers
15955,7,9,4242.1,0,Regular Customers
15956,186,2,617.6,1,Lost Customers
15957,55,2,501.21,0,Regular Customers
15958,38,3,388.64,0,Regular Customers
15959,317,3,579.49,1,Lost Customers
15960,9,4,410.95,0,Regular Customers
15961,14,1,451.29,0,Regular Customers
15962,84,1,295.83,0,Regular Customers
15964,298,1,272.96000000000004,1,Lost Customers
15965,2,10,2167.45,0,Regular Customers
15966,85,1,426.53,0,Regular Customers
15967,14,10,2622.77,0,Regular Customers
15968,23,1,418.05,0,Regular Customers
15969,60,2,460.95,0,Regular Customers
15970,233,1,703.22,1,Lost Customers
15971,20,6,1702.98,0,Regular Customers
15972,91,5,1810.27,0,Regular Customers
15973,1,3,680.62,0,Regular Customers
15976,45,4,1315.7,0,Regular Customers
15978,67,2,2180.64,0,Regular Customers
15979,237,1,329.22,1,Lost Customers
15980,125,4,4194.82,0,Regular Customers
15981,36,13,5954.29,0,Regular Customers
15982,240,1,324.51,1,Lost Customers
15983,0,6,2483.8,0,Regular Customers
15984,3,21,5921.65,0,Regular Customers
15985,71,5,1572.86,0,Regular Customers
15986,16,1,186.3,0,Regular Customers
15987,3,2,230.85,0,Regular Customers
15988,186,2,612.0600000000001,1,Lost Customers
15989,10,2,372.51,0,Regular Customers
15990,129,5,1217.94,0,Regular Customers
15991,169,1,150.55,1,Lost Customers
15992,31,2,854.61,0,Regular Customers
15994,46,2,775.11,0,Regular Customers
15995,49,1,696.19,0,Regular Customers
15996,1,2,626.22,0,Regular Customers
15998,28,11,5218.37,0,Regular Customers
15999,370,1,20.4,1,Lost Customers
16001,16,1,583.39,0,Regular Customers
16002,260,1,169.21,1,Lost Customers
16003,16,5,2878.46,0,Regular Customers
16004,109,5,2146.39,0,Regular Customers
16005,10,6,1820.83,0,Regular Customers
16006,22,1,245.77,0,Regular Customers
16007,18,3,1373.2,0,Regular Customers
16008,17,12,4905.35,0,Regular Customers
16010,11,8,1316.56,0,Regular Customers
16011,1,14,2517.75,0,Regular Customers
16012,36,2,1574.5,0,Regular Customers
16013,6,39,20315.84,3,Loyal Customers
16014,43,2,467.89,0,Regular Customers
16016,1,4,1025.18,0,Regular Customers
16017,52,4,1341.95,0,Regular Customers
16018,31,2,289.23,0,Regular Customers
16019,16,18,13679.61,0,Regular Customers
16021,30,2,532.25,0,Regular Customers
16024,46,2,232.96,0,Regular Customers
16027,92,9,1113.74,0,Regular Customers
16028,230,1,82.2,1,Lost Customers
16029,7,47,41184.3,3,Loyal Customers
16032,91,6,1970.45,0,Regular Customers
16033,4,8,2019.73,0,Regular Customers
16034,29,3,491.02,0,Regular Customers
16035,195,1,217.73,1,Lost Customers
16036,59,2,1797.92,0,Regular Customers
16037,179,2,654.32,1,Lost Customers
16039,58,2,456.4,0,Regular Customers
16040,65,4,1103.35,0,Regular Customers
16042,14,3,1067.85,0,Regular Customers
16043,14,4,1082.6,0,Regular Customers
16044,70,1,340.84000000000003,0,Regular Customers
16045,51,4,2094.23,0,Regular Customers
16046,197,1,235.78,1,Lost Customers
16047,317,1,107.14,1,Lost Customers
16048,8,4,818.7900000000001,0,Regular Customers
16049,10,3,787.89,0,Regular Customers
16050,18,2,162.8,0,Regular Customers
16051,316,1,188.44,1,Lost Customers
16053,48,4,2122.89,0,Regular Customers
16054,53,3,1327.98,0,Regular Customers
16057,154,3,1591.73,1,Lost Customers
16058,41,1,62.7,0,Regular Customers
16059,2,7,1757.91,0,Regular Customers
16060,35,3,541.95,0,Regular Customers
16061,66,1,89.65,0,Regular Customers
16062,14,4,1709.83,0,Regular Customers
16064,360,1,111.0,1,Lost Customers
16065,0,8,2010.53,0,Regular Customers
16067,197,3,3395.29,1,Lost Customers
16068,228,1,122.93,1,Lost Customers
16069,52,1,457.7,0,Regular Customers
16071,162,3,750.5600000000001,1,Lost Customers
16072,63,3,3744.57,0,Regular Customers
16074,25,1,265.25,0,Regular Customers
16075,137,2,736.9300000000001,0,Regular Customers
16077,260,1,2300.4,1,Lost Customers
16078,304,1,283.79,1,Lost Customers
16080,20,2,385.4,0,Regular Customers
16081,1,4,1653.28,0,Regular Customers
16082,305,1,106.75,1,Lost Customers
16083,17,2,1033.8,0,Regular Customers
16085,15,7,1362.02,0,Regular Customers
16086,2,6,1743.6,0,Regular Customers
16087,24,5,1739.92,0,Regular Customers
16088,210,2,1437.43,1,Lost Customers
16089,21,2,271.44,0,Regular Customers
16090,259,1,205.91,1,Lost Customers
16092,139,3,770.08,0,Regular Customers
16094,10,7,2617.33,0,Regular Customers
16095,91,1,447.05,0,Regular Customers
16096,51,3,1264.35,0,Regular Customers
16098,8,8,2442.47,0,Regular Customers
16099,52,4,841.3,0,Regular Customers
16100,97,1,582.64,0,Regular Customers
16101,69,3,1938.46,0,Regular Customers
16103,24,16,4762.07,0,Regular Customers
16104,53,8,2476.25,0,Regular Customers
16105,73,4,2049.23,0,Regular Customers
16108,69,3,1393.42,0,Regular Customers
16109,333,1,327.6,1,Lost Customers
16110,157,1,481.79,1,Lost Customers
16111,63,1,562.48,0,Regular Customers
16115,32,4,907.17,0,Regular Customers
16117,37,2,422.19,0,Regular Customers
16118,287,1,4376.25,1,Lost Customers
16119,29,6,1297.45,0,Regular Customers
16120,57,2,1747.77,0,Regular Customers
16121,25,3,609.98,0,Regular Customers
16122,1,3,316.92,0,Regular Customers
16124,53,3,1523.49,0,Regular Customers
16125,2,14,4298.3,0,Regular Customers
16126,14,11,8359.03,0,Regular Customers
16127,361,1,145.06,1,Lost Customers
16128,15,6,1920.83,0,Regular Customers
16129,42,3,1396.05,0,Regular Customers
16130,57,4,987.48,0,Regular Customers
16131,10,6,6450.88,0,Regular Customers
16132,179,2,664.1999999999999,1,Lost Customers
16133,11,23,8403.22,0,Regular Customers
16134,58,3,1527.25,0,Regular Customers
16135,218,1,301.9,1,Lost Customers
16136,298,1,237.42,1,Lost Customers
16137,315,1,422.7,1,Lost Customers
16138,13,3,910.35,0,Regular Customers
16139,357,2,475.74,1,Lost Customers
16140,6,2,832.4200000000001,0,Regular Customers
16141,52,1,335.54,0,Regular Customers
16143,4,7,2485.89,0,Regular Customers
16145,23,8,3005.9500000000003,0,Regular Customers
16146,83,1,212.25,0,Regular Customers
16147,35,4,2023.91,0,Regular Customers
16148,71,1,310.3,0,Regular Customers
16149,64,1,141.70000000000002,0,Regular Customers
16150,7,6,2342.57,0,Regular Customers
16153,55,6,3309.26,0,Regular Customers
16155,16,5,796.9,0,Regular Customers
16156,17,11,3096.14,0,Regular Customers
16158,157,9,628.32,1,Lost Customers
16159,105,3,884.59,0,Regular Customers
16161,3,25,7256.24,0,Regular Customers
16163,0,5,1992.98,0,Regular Customers
16165,140,1,79.9,1,Lost Customers
16166,63,2,435.83,0,Regular Customers
16167,49,5,1386.12,0,Regular Customers
16168,4,40,6848.87,3,Loyal Customers
16170,30,14,4983.95,0,Regular Customers
16172,108,3,744.34,0,Regular Customers
16174,126,4,1237.2,0,Regular Customers
16175,106,3,798.85,0,Regular Customers
16176,56,4,2052.69,0,Regular Customers
16177,71,7,1915.36,0,Regular Customers
16178,36,1,414.7,0,Regular Customers
16180,113,5,5995.69,0,Regular Customers
16182,73,5,3354.0,0,Regular Customers
16183,29,3,739.1,0,Regular Customers
16185,199,1,115.31,1,Lost Customers
16186,7,15,5019.17,0,Regular Customers
16188,43,1,105.8,0,Regular Customers
16190,29,7,2508.4700000000003,0,Regular Customers
16191,10,11,10507.5,0,Regular Customers
16192,370,1,351.3,1,Lost Customers
16193,45,1,315.98,0,Regular Customers
16194,10,1,308.6,0,Regular Customers
16195,358,1,323.25,1,Lost Customers
16196,123,1,93.3,0,Regular Customers
16197,104,9,2016.71,0,Regular Customers
16198,72,1,629.36,0,Regular Customers
16199,27,7,942.75,0,Regular Customers
16200,17,10,4562.83,0,Regular Customers
16201,50,1,248.65,0,Regular Customers
16202,52,8,2136.72,0,Regular Customers
16203,7,3,521.64,0,Regular Customers
16204,15,2,538.53,0,Regular Customers
16205,31,3,1069.23,0,Regular Customers
16206,22,9,2065.26,0,Regular Customers
16208,29,8,2776.19,0,Regular Customers
16209,17,4,1884.16,0,Regular Customers
16210,3,19,17403.21,0,Regular Customers
16211,56,2,543.5699999999999,0,Regular Customers
16212,253,2,603.37,1,Lost Customers
16214,70,1,975.5,0,Regular Customers
16218,8,7,1355.29,0,Regular Customers
16219,135,1,40.8,0,Regular Customers
16221,2,7,1370.65,0,Regular Customers
16222,356,1,498.5,1,Lost Customers
16223,9,2,1102.35,0,Regular Customers
16224,22,1,321.24,0,Regular Customers
16225,37,10,1771.09,0,Regular Customers
16226,13,2,417.05,0,Regular Customers
16227,129,2,713.0,0,Regular Customers
16228,20,3,890.8100000000001,0,Regular Customers
16229,16,4,1857.26,0,Regular Customers
16231,14,4,1078.22,0,Regular Customers
16232,55,3,1722.09,0,Regular Customers
16233,1,7,1429.03,0,Regular Customers
16234,111,3,333.18,0,Regular Customers
16235,10,4,1186.4,0,Regular Customers
16237,72,1,136.65,0,Regular Customers
16238,57,1,63.66,0,Regular Customers
16239,17,4,1078.0,0,Regular Customers
16241,4,4,1721.44,0,Regular Customers
16242,16,7,3871.19,0,Regular Customers
16244,7,1,1056.63,0,Regular Customers
16246,94,2,827.25,0,Regular Customers
16250,8,2,401.94,0,Regular Customers
16251,147,1,128.31,1,Lost Customers
16252,17,1,295.09000000000003,0,Regular Customers
16253,55,5,3626.29,0,Regular Customers
16254,13,3,985.14,0,Regular Customers
16255,0,8,2286.89,0,Regular Customers
16256,128,2,876.9399999999999,0,Regular Customers
16258,22,10,6739.01,0,Regular Customers
16259,45,3,361.94,0,Regular Customers
16261,21,2,312.62,0,Regular Customers
16262,13,1,755.15,0,Regular Customers
16263,58,1,351.01,0,Regular Customers
16264,73,2,837.53,0,Regular Customers
16265,21,3,1488.17,0,Regular Customers
16266,58,7,896.06,0,Regular Customers
16267,226,1,186.66,1,Lost Customers
16269,72,1,717.57,0,Regular Customers
16271,92,5,2033.78,0,Regular Customers
16273,283,2,336.04,1,Lost Customers
16274,8,1,357.95,0,Regular Customers
16275,109,2,1591.24,0,Regular Customers
16276,114,2,1818.79,0,Regular Customers
16277,368,1,188.69,1,Lost Customers
16278,115,2,551.46,0,Regular Customers
16279,20,6,4195.5,0,Regular Customers
16280,360,1,238.05,1,Lost Customers
16281,58,2,1361.96,0,Regular Customers
16282,122,2,1139.28,0,Regular Customers
16283,53,3,2833.01,0,Regular Customers
16284,28,1,205.8,0,Regular Customers
16285,281,1,176.9,1,Lost Customers
16286,112,2,328.95,0,Regular Customers
16287,11,4,864.48,0,Regular Customers
16288,105,1,129.85,0,Regular Customers
16289,97,1,136.31,0,Regular Customers
16290,99,4,2069.3,0,Regular Customers
16291,317,1,117.72,1,Lost Customers
16292,15,4,951.51,0,Regular Customers
16293,2,6,2408.96,0,Regular Customers
16294,111,1,126.05,0,Regular Customers
16296,261,4,1313.67,1,Lost Customers
16298,32,4,487.5,0,Regular Customers
16299,112,1,193.65,0,Regular Customers
16300,65,3,1392.43,0,Regular Customers
16301,371,1,107.33,1,Lost Customers
16303,27,4,2567.64,0,Regular Customers
16304,329,1,381.66,1,Lost Customers
16306,2,2,560.55,0,Regular Customers
16307,64,3,1194.92,0,Regular Customers
16308,41,3,2560.0,0,Regular Customers
16310,49,2,460.08,0,Regular Customers
16312,67,1,171.15,0,Regular Customers
16314,24,3,1491.4,0,Regular Customers
16315,171,1,176.34,1,Lost Customers
16316,15,5,2806.0,0,Regular Customers
16317,185,2,850.86,1,Lost Customers
16320,88,4,4590.53,0,Regular Customers
16321,261,2,230.9,1,Lost Customers
16323,212,1,146.16,1,Lost Customers
16325,59,9,3003.26,0,Regular Customers
16326,18,10,1716.03,0,Regular Customers
16327,4,11,6887.12,0,Regular Customers
16328,198,1,310.83,1,Lost Customers
16329,62,4,1703.07,0,Regular Customers
16330,59,4,382.42,0,Regular Customers
16331,67,6,2037.7,0,Regular Customers
16332,66,4,417.21,0,Regular Customers
16334,127,1,277.48,0,Regular Customers
16335,186,7,2774.0,1,Lost Customers
16336,55,4,3517.69,0,Regular Customers
16340,74,2,976.99,0,Regular Customers
16341,72,3,1878.92,0,Regular Customers
16343,42,1,316.59,0,Regular Customers
16344,144,3,741.3199999999999,1,Lost Customers
16345,118,1,623.33,0,Regular Customers
16346,20,1,224.51,0,Regular Customers
16347,23,9,2621.76,0,Regular Customers
16348,65,1,328.77,0,Regular Customers
16350,9,5,1137.42,0,Regular Customers
16351,46,12,3176.13,0,Regular Customers
16353,4,16,3323.75,0,Regular Customers
16354,14,3,733.71,0,Regular Customers
16355,10,1,416.35,0,Regular Customers
16356,11,3,204.1,0,Regular Customers
16357,16,1,209.49,0,Regular Customers
16358,29,1,892.1500000000001,0,Regular Customers
16359,11,7,946.83,0,Regular Customers
16362,72,1,212.17,0,Regular Customers
16365,2,7,1766.78,0,Regular Customers
16366,217,3,1220.83,1,Lost Customers
16367,18,1,557.91,0,Regular Customers
16368,70,1,142.78,0,Regular Customers
16369,71,4,1111.15,0,Regular Customers
16371,83,1,157.2,0,Regular Customers
16372,44,3,960.68,0,Regular Customers
16373,17,2,309.49,0,Regular Customers
16374,37,3,1298.42,0,Regular Customers
16375,105,2,104.0,0,Regular Customers
16377,252,1,632.28,1,Lost Customers
16381,30,2,258.7,0,Regular Customers
16382,43,2,353.1,0,Regular Customers
16383,31,5,2306.48,0,Regular Customers
16384,64,2,774.4499999999999,0,Regular Customers
16385,1,3,474.72,0,Regular Customers
16386,22,1,785.39,0,Regular Customers
16387,30,4,824.19,0,Regular Customers
16388,288,1,186.05,1,Lost Customers
16390,171,3,467.5,1,Lost Customers
16391,35,4,1103.61,0,Regular Customers
16392,48,2,541.86,0,Regular Customers
16393,4,11,2515.45,0,Regular Customers
16395,28,9,2050.95,0,Regular Customers
16396,111,1,137.8,0,Regular Customers
16397,263,1,127.88,1,Lost Customers
16399,24,1,233.25,0,Regular Customers
16400,30,8,2855.51,0,Regular Customers
16401,14,11,2750.83,0,Regular Customers
16402,4,1,211.8,0,Regular Customers
16406,85,2,389.61,0,Regular Customers
16407,24,4,694.72,0,Regular Customers
16408,226,1,231.93,1,Lost Customers
16409,15,7,3680.16,0,Regular Customers
16410,369,1,130.32,1,Lost Customers
16411,4,3,695.54,0,Regular Customers
16412,28,4,495.4,0,Regular Customers
16413,10,1,266.78000000000003,0,Regular Customers
16414,66,3,433.46,0,Regular Customers
16415,218,2,509.09,1,Lost Customers
16416,25,6,1921.48,0,Regular Customers
16417,127,1,35.7,0,Regular Customers
16418,43,2,426.67,0,Regular Customers
16419,212,2,515.1899999999999,1,Lost Customers
16420,31,1,75.0,0,Regular Customers
16421,11,3,526.27,0,Regular Customers
16422,4,59,28967.07,3,Loyal Customers
16424,17,1,309.5,0,Regular Customers
16428,48,3,660.28,0,Regular Customers
16430,16,6,817.09,0,Regular Customers
16433,43,1,200.26,0,Regular Customers
16434,81,5,1219.49,0,Regular Customers
16435,147,3,1011.57,1,Lost Customers
16436,303,3,329.34,1,Lost Customers
16437,16,2,301.25,0,Regular Customers
16439,357,1,310.70000000000005,1,Lost Customers
16440,128,1,216.3,0,Regular Customers
16441,52,3,653.23,0,Regular Customers
16442,239,2,282.68,1,Lost Customers
16443,155,1,162.24,1,Lost Customers
16444,25,13,3001.91,0,Regular Customers
16445,21,3,372.22,0,Regular Customers
16447,225,2,516.13,1,Lost Customers
16448,106,1,178.98000000000002,0,Regular Customers
16450,219,2,1193.81,1,Lost Customers
16451,196,2,746.1800000000001,1,Lost Customers
16452,265,2,332.17,1,Lost Customers
16453,165,2,251.71,1,Lost Customers
16454,241,2,24.05,1,Lost Customers
16455,6,6,2543.19,0,Regular Customers
16456,8,9,4704.54,0,Regular Customers
16458,10,12,2232.6,0,Regular Customers
16459,364,1,71.78999999999999,1,Lost Customers
16461,225,2,1463.8,1,Lost Customers
16465,55,2,746.24,0,Regular Customers
16466,18,8,2235.13,0,Regular Customers
16467,143,7,2869.16,0,Regular Customers
16468,105,2,712.62,0,Regular Customers
16469,149,1,178.48000000000002,1,Lost Customers
16470,31,7,1696.21,0,Regular Customers
16471,28,3,966.03,0,Regular Customers
16472,69,2,789.6,0,Regular Customers
16473,9,1,154.72,0,Regular Customers
16476,66,1,350.35,0,Regular Customers
16477,6,5,1825.56,0,Regular Customers
16481,317,1,453.38,1,Lost Customers
16485,67,4,1931.03,0,Regular Customers
16486,172,1,134.36,1,Lost Customers
16487,212,2,209.4,1,Lost Customers
16489,15,2,303.7,0,Regular Customers
16490,71,1,205.41000000000005,0,Regular Customers
16491,48,1,801.66,0,Regular Customers
16492,175,1,385.56,1,Lost Customers
16493,79,3,780.46,0,Regular Customers
16496,66,3,731.25,0,Regular Customers
16497,48,17,3729.59,0,Regular Customers
16499,9,6,2212.89,0,Regular Customers
16500,9,3,443.05,0,Regular Customers
16501,18,1,1237.23,0,Regular Customers
16502,255,2,266.5,1,Lost Customers
16503,30,7,2182.41,0,Regular Customers
16507,207,1,152.76,1,Lost Customers
16508,265,1,248.8,1,Lost Customers
16510,7,6,1851.9,0,Regular Customers
16511,32,3,868.76,0,Regular Customers
16515,14,5,1589.17,0,Regular Customers
16518,56,2,475.05,0,Regular Customers
16519,0,3,341.18,0,Regular Customers
16520,0,4,1436.05,0,Regular Customers
16521,50,3,1148.01,0,Regular Customers
16522,70,2,433.36,0,Regular Customers
16523,50,7,2497.86,0,Regular Customers
16524,81,2,308.14,0,Regular Customers
16525,1,23,11555.19,0,Regular Customers
16526,219,1,426.85,1,Lost Customers
16527,59,1,1044.38,0,Regular Customers
16529,112,3,1556.75,0,Regular Customers
16530,303,1,48.35,1,Lost Customers
16531,16,4,1053.74,0,Regular Customers
16532,66,2,2007.84,0,Regular Customers
16534,277,1,635.9,1,Lost Customers
16535,20,2,407.84,0,Regular Customers
16537,276,1,23.35,1,Lost Customers
16538,176,3,399.62,1,Lost Customers
16539,8,7,2343.2,0,Regular Customers
16540,49,1,226.7,0,Regular Customers
16541,370,1,424.03,1,Lost Customers
16542,36,1,137.7,0,Regular Customers
16543,226,1,292.21,1,Lost Customers
16544,154,4,376.7000000000001,1,Lost Customers
16545,10,1,350.52,0,Regular Customers
16546,7,4,4819.32,0,Regular Customers
16547,181,1,111.71,1,Lost Customers
16548,234,1,30.15,1,Lost Customers
16549,32,24,9027.55,0,Regular Customers
16550,3,14,7136.16,0,Regular Customers
16551,58,4,1315.0,0,Regular Customers
16552,8,1,95.29,0,Regular Customers
16553,31,21,10924.19,0,Regular Customers
16554,21,5,2004.62,0,Regular Customers
16555,140,4,1629.79,0,Regular Customers
16556,10,10,4698.79,0,Regular Customers
16558,1,19,5535.02,0,Regular Customers
16559,32,1,185.2,0,Regular Customers
16560,32,6,2206.9700000000003,0,Regular Customers
16562,111,1,223.86,0,Regular Customers
16563,35,5,3345.02,0,Regular Customers
16564,204,1,87.8,1,Lost Customers
16565,41,3,599.35,0,Regular Customers
16568,62,2,1020.9,0,Regular Customers
16569,266,4,1331.03,1,Lost Customers
16570,14,10,3695.91,0,Regular Customers
16571,30,7,2827.05,0,Regular Customers
16574,58,2,850.34,0,Regular Customers
16576,55,2,540.87,0,Regular Customers
16577,301,1,380.0,1,Lost Customers
16578,261,1,156.6,1,Lost Customers
16579,60,1,295.05,0,Regular Customers
16583,8,2,297.95,0,Regular Customers
16584,67,3,2227.59,0,Regular Customers
16585,228,2,341.59,1,Lost Customers
16586,79,2,998.83,0,Regular Customers
16588,21,4,1361.28,0,Regular Customers
16589,85,1,153.12,0,Regular Customers
16590,35,2,605.9,0,Regular Customers
16592,10,12,3694.23,0,Regular Customers
16593,25,5,741.11,0,Regular Customers
16595,11,4,1450.02,0,Regular Customers
16596,1,3,329.48,0,Regular Customers
16599,20,1,172.8,0,Regular Customers
16600,9,7,1339.89,0,Regular Customers
16601,25,2,439.45,0,Regular Customers
16602,23,1,235.25,0,Regular Customers
16604,197,2,432.45,1,Lost Customers
16605,359,1,60.48,1,Lost Customers
16606,39,2,357.66,0,Regular Customers
16607,34,11,2359.16,0,Regular Customers
16608,88,2,1288.72,0,Regular Customers
16611,38,5,1655.64,0,Regular Customers
16612,14,5,2057.77,0,Regular Customers
16614,37,2,673.6,0,Regular Customers
16615,261,1,291.5,1,Lost Customers
16619,18,3,1712.12,0,Regular Customers
16620,24,4,1579.97,0,Regular Customers
16622,178,1,225.4,1,Lost Customers
16623,36,3,885.79,0,Regular Customers
16625,57,4,1320.95,0,Regular Customers
16628,42,2,130.05,0,Regular Customers
16630,42,1,106.8,0,Regular Customers
16631,116,7,1892.52,0,Regular Customers
16632,120,2,406.4,0,Regular Customers
16634,7,5,1596.71,0,Regular Customers
16635,41,1,473.0,0,Regular Customers
16636,73,4,3802.04,0,Regular Customers
16638,3,6,749.8100000000001,0,Regular Customers
16639,44,1,490.47,0,Regular Customers
16640,32,1,179.4,0,Regular Customers
16641,336,1,323.40000000000003,1,Lost Customers
16642,50,1,389.12,0,Regular Customers
16643,57,1,435.6,0,Regular Customers
16645,370,1,160.39,1,Lost Customers
16646,84,1,678.8,0,Regular Customers
16647,77,2,327.84,0,Regular Customers
16648,90,2,382.14,0,Regular Customers
16649,155,1,306.58000000000004,1,Lost Customers
16650,55,6,1397.69,0,Regular Customers
16651,221,1,136.2,1,Lost Customers
16652,39,9,10776.42,0,Regular Customers
16654,3,5,1110.2,0,Regular Customers
16655,46,7,2753.85,0,Regular Customers
16656,55,15,8207.37,0,Regular Customers
16658,3,6,690.83,0,Regular Customers
16660,57,3,611.9000000000001,0,Regular Customers
16661,175,4,986.63,1,Lost Customers
16662,29,1,163.8,0,Regular Customers
16663,364,1,165.0,1,Lost Customers
16664,204,1,109.2,1,Lost Customers
16666,256,1,106.96,1,Lost Customers
16668,22,7,555.7,0,Regular Customers
16670,28,9,3934.25,0,Regular Customers
16673,314,1,188.83,1,Lost Customers
16675,76,2,608.86,0,Regular Customers
16676,37,2,769.78,0,Regular Customers
16677,46,2,880.62,0,Regular Customers
16679,1,3,663.31,0,Regular Customers
16680,163,2,637.75,1,Lost Customers
16681,276,1,151.5,1,Lost Customers
16683,168,1,320.25,1,Lost Customers
16684,14,27,80489.21,3,Loyal Customers
16686,24,9,2008.09,0,Regular Customers
16687,25,1,157.63,0,Regular Customers
16690,28,2,127.45,0,Regular Customers
16691,53,2,178.83,0,Regular Customers
16692,43,2,638.6999999999999,0,Regular Customers
16693,46,3,717.45,0,Regular Customers
16694,358,1,98.3,1,Lost Customers
16695,196,2,193.15,1,Lost Customers
16699,15,7,994.6,0,Regular Customers
16700,1,13,4091.16,0,Regular Customers
16701,58,13,4518.43,0,Regular Customers
16702,50,4,1110.83,0,Regular Customers
16704,253,2,695.66,1,Lost Customers
16705,35,22,29480.061,3,Loyal Customers
16707,35,4,551.11,0,Regular Customers
16709,14,9,6057.59,0,Regular Customers
16710,3,13,3866.05,0,Regular Customers
16711,14,4,1217.45,0,Regular Customers
16712,36,2,621.5600000000001,0,Regular Customers
16713,1,18,7637.56,0,Regular Customers
16714,305,1,368.27,1,Lost Customers
16715,197,1,323.8,1,Lost Customers
16716,265,1,1248.48,1,Lost Customers
16717,1,9,3127.85,0,Regular Customers
16718,4,5,3023.78,0,Regular Customers
16719,3,8,2182.88,0,Regular Customers
16720,11,2,640.24,0,Regular Customers
16722,1,11,4258.27,0,Regular Customers
16723,78,2,712.48,0,Regular Customers
16724,39,1,147.35,0,Regular Customers
16725,6,8,1101.09,0,Regular Customers
16726,18,2,706.39,0,Regular Customers
16727,27,3,1164.6,0,Regular Customers
16731,283,1,174.05,1,Lost Customers
16732,38,3,3783.89,0,Regular Customers
16733,164,1,259.68,1,Lost Customers
16735,28,9,3970.0,0,Regular Customers
16736,140,5,2956.56,0,Regular Customers
16737,212,1,417.6,1,Lost Customers
16739,171,1,463.43,1,Lost Customers
16740,30,1,236.81,0,Regular Customers
16741,260,1,173.06,1,Lost Customers
16742,127,13,2387.71,0,Regular Customers
16743,91,7,2015.17,0,Regular Customers
16746,18,24,11368.74,0,Regular Customers
16748,23,9,2121.43,0,Regular Customers
16749,226,2,4387.08,1,Lost Customers
16752,7,1,207.5,0,Regular Customers
16754,7,29,65500.07,3,Loyal Customers
16755,102,4,1403.75,0,Regular Customers
16756,39,6,1072.97,0,Regular Customers
16757,44,1,163.65,0,Regular Customers
16760,65,1,228.0,0,Regular Customers
16763,373,1,352.85,1,Lost Customers
16765,17,1,420.75,0,Regular Customers
16767,53,4,2493.2,0,Regular Customers
16768,18,6,1230.03,0,Regular Customers
16769,113,3,761.36,0,Regular Customers
16770,7,5,1162.03,0,Regular Customers
16771,92,5,1720.79,0,Regular Customers
16772,58,3,3723.55,0,Regular Customers
16773,71,2,249.65,0,Regular Customers
16774,58,4,932.93,0,Regular Customers
16775,2,6,1361.23,0,Regular Customers
16776,50,1,231.57,0,Regular Customers
16777,48,3,1081.41,0,Regular Customers
16779,1,32,22638.52,3,Loyal Customers
16780,42,1,180.36,0,Regular Customers
16781,7,2,623.0,0,Regular Customers
16782,0,26,8158.51,0,Regular Customers
16783,71,1,391.95,0,Regular Customers
16784,11,4,788.93,0,Regular Customers
16785,44,1,533.78,0,Regular Customers
16786,28,1,51.84,0,Regular Customers
16787,32,4,1035.43,0,Regular Customers
16788,39,3,1352.82,0,Regular Customers
16791,18,8,2316.91,0,Regular Customers
16792,18,3,513.08,0,Regular Customers
16794,15,5,868.1999999999999,0,Regular Customers
16795,0,3,2077.51,0,Regular Customers
16797,28,5,1827.77,0,Regular Customers
16798,189,3,848.71,1,Lost Customers
16799,67,2,495.98,0,Regular Customers
16802,314,2,582.61,1,Lost Customers
16805,212,3,636.65,1,Lost Customers
16807,105,3,1002.29,0,Regular Customers
16809,67,4,812.74,0,Regular Customers
16810,55,1,532.5,0,Regular Customers
16812,13,3,1912.65,0,Regular Customers
16814,4,16,5990.61,0,Regular Customers
16815,88,2,410.97,0,Regular Customers
16817,3,5,1200.15,0,Regular Customers
16819,100,2,182.59,0,Regular Customers
16821,16,1,113.35,0,Regular Customers
16822,321,1,181.39,1,Lost Customers
16823,22,6,1901.71,0,Regular Customers
16824,28,1,225.6,0,Regular Customers
16825,13,3,1051.71,0,Regular Customers
16827,28,5,392.13,0,Regular Customers
16829,23,1,316.1,0,Regular Customers
16830,77,3,881.59,0,Regular Customers
16831,199,1,91.8,1,Lost Customers
16832,63,2,218.46,0,Regular Customers
16833,74,2,1302.51,0,Regular Customers
16834,309,1,485.5,1,Lost Customers
16835,8,5,1357.56,0,Regular Customers
16836,41,2,530.5,0,Regular Customers
16838,165,2,570.76,1,Lost Customers
16839,4,11,5716.14,0,Regular Customers
16840,238,2,139.85,1,Lost Customers
16841,63,6,2136.24,0,Regular Customers
16843,57,19,9374.86,0,Regular Customers
16844,197,2,614.34,1,Lost Customers
16845,253,1,253.88,1,Lost Customers
16846,212,2,628.09,1,Lost Customers
16847,253,1,421.4500000000001,1,Lost Customers
16848,11,3,1130.2,0,Regular Customers
16854,52,2,1408.96,0,Regular Customers
16856,52,2,323.09000000000003,0,Regular Customers
16857,77,1,352.8,0,Regular Customers
16858,3,10,4292.59,0,Regular Customers
16859,51,5,1184.6,0,Regular Customers
16860,87,3,1610.62,0,Regular Customers
16861,25,3,772.83,0,Regular Customers
16862,182,4,662.33,1,Lost Customers
16863,1,2,495.72,0,Regular Customers
16864,69,2,409.25,0,Regular Customers
16865,36,1,130.95,0,Regular Customers
16867,324,1,76.74000000000001,1,Lost Customers
16868,29,3,393.39,0,Regular Customers
16870,104,1,450.16,0,Regular Customers
16872,62,3,533.11,0,Regular Customers
16873,64,6,7493.77,0,Regular Customers
16874,14,1,217.74,0,Regular Customers
16875,72,6,2139.0,0,Regular Customers
16876,38,1,136.01,0,Regular Customers
16880,128,1,321.78,0,Regular Customers
16883,6,18,2119.86,0,Regular Customers
16884,191,2,644.08,1,Lost Customers
16885,20,1,239.23,0,Regular Customers
16886,91,1,134.0,0,Regular Customers
16887,35,2,465.84,0,Regular Customers
16888,35,3,437.15,0,Regular Customers
16889,32,3,952.23,0,Regular Customers
16890,111,3,285.41,0,Regular Customers
16891,6,7,1247.12,0,Regular Customers
16892,189,2,236.56,1,Lost Customers
16893,1,2,255.84,0,Regular Customers
16894,137,3,1324.06,0,Regular Customers
16895,73,4,902.28,0,Regular Customers
16896,190,1,103.95,1,Lost Customers
16898,3,3,507.56,0,Regular Customers
16899,13,2,439.46,0,Regular Customers
16901,364,1,204.26,1,Lost Customers
16903,15,2,689.04,0,Regular Customers
16904,2,7,1378.1,0,Regular Customers
16905,6,11,1931.72,0,Regular Customers
16906,63,3,869.03,0,Regular Customers
16907,0,5,726.25,0,Regular Customers
16908,357,1,252.59,1,Lost Customers
16911,270,2,255.25,1,Lost Customers
16912,56,4,1904.93,0,Regular Customers
16913,286,2,310.47,1,Lost Customers
16915,21,5,921.5,0,Regular Customers
16916,7,3,547.14,0,Regular Customers
16917,267,1,1466.31,1,Lost Customers
16918,57,10,2144.47,0,Regular Customers
16919,3,14,2529.46,0,Regular Customers
16920,46,1,355.45,0,Regular Customers
16921,77,2,276.88,0,Regular Customers
16922,207,1,611.08,1,Lost Customers
16923,10,13,6130.75,0,Regular Customers
16925,175,1,125.65,1,Lost Customers
16926,6,5,1191.1,0,Regular Customers
16928,8,13,1265.63,0,Regular Customers
16931,4,3,629.4,0,Regular Customers
16932,58,2,278.77,0,Regular Customers
16933,24,7,2618.02,0,Regular Customers
16934,18,4,1160.06,0,Regular Customers
16935,16,3,535.1,0,Regular Customers
16936,20,1,288.49,0,Regular Customers
16937,134,1,202.1,0,Regular Customers
16938,16,5,4306.8,0,Regular Customers
16939,123,3,449.0,0,Regular Customers
16940,85,5,3377.78,0,Regular Customers
16941,246,1,33.0,1,Lost Customers
16943,174,2,482.76,1,Lost Customers
16944,244,1,101.36,1,Lost Customers
16945,28,14,4202.66,0,Regular Customers
16946,18,5,1222.04,0,Regular Customers
16947,97,4,548.73,0,Regular Customers
16948,64,4,433.75,0,Regular Customers
16950,2,8,2605.81,0,Regular Customers
16952,76,3,631.17,0,Regular Customers
16954,14,11,3996.8,0,Regular Customers
16955,3,4,790.74,0,Regular Customers
16958,70,1,809.44,0,Regular Customers
16960,25,5,1536.38,0,Regular Customers
16961,23,2,560.39,0,Regular Customers
16962,44,1,251.04,0,Regular Customers
16964,368,2,207.85,1,Lost Customers
16970,261,1,71.4,1,Lost Customers
16972,17,2,786.25,0,Regular Customers
16973,21,1,127.0,0,Regular Customers
16974,157,2,365.5,1,Lost Customers
16975,58,3,926.12,0,Regular Customers
16977,30,4,496.0,0,Regular Customers
16978,301,2,424.55,1,Lost Customers
16979,18,3,1007.74,0,Regular Customers
16980,63,1,394.37,0,Regular Customers
16983,4,5,1778.97,0,Regular Customers
16984,39,7,6273.45,0,Regular Customers
16985,11,13,5459.04,0,Regular Customers
16986,80,9,3015.55,0,Regular Customers
16987,11,4,910.85,0,Regular Customers
16988,14,1,256.55,0,Regular Customers
16990,57,1,165.0,0,Regular Customers
16991,56,1,1041.21,0,Regular Customers
16992,22,8,3862.19,0,Regular Customers
16993,98,2,1950.95,0,Regular Customers
16996,17,3,666.6500000000001,0,Regular Customers
16998,79,1,107.0,0,Regular Customers
17000,31,2,406.3,0,Regular Customers
17001,11,8,2651.23,0,Regular Customers
17002,78,4,1077.82,0,Regular Customers
17003,37,4,830.16,0,Regular Customers
17004,27,2,1012.22,0,Regular Customers
17005,105,2,742.36,0,Regular Customers
17006,27,4,854.54,0,Regular Customers
17007,72,1,230.17,0,Regular Customers
17008,64,1,81.36,0,Regular Customers
17009,186,1,242.06,1,Lost Customers
17011,282,2,400.8,1,Lost Customers
17012,360,1,384.16,1,Lost Customers
17016,211,1,552.4,1,Lost Customers
17017,0,13,5416.349999999999,0,Regular Customers
17018,22,4,1367.6,0,Regular Customers
17019,3,8,2739.59,0,Regular Customers
17020,177,2,935.62,1,Lost Customers
17021,77,6,1182.22,0,Regular Customers
17022,67,1,189.0,0,Regular Customers
17023,52,3,800.18,0,Regular Customers
17025,8,4,1152.87,0,Regular Customers
17026,4,2,54.15,0,Regular Customers
17027,81,3,436.82,0,Regular Customers
17028,216,3,1593.83,1,Lost Customers
17029,17,5,1421.3,0,Regular Customers
17031,13,4,2393.5,0,Regular Customers
17032,182,8,3004.6,1,Lost Customers
17033,32,1,302.65000000000003,0,Regular Customers
17034,44,2,538.4,0,Regular Customers
17035,226,2,180.06,1,Lost Customers
17036,18,1,176.9,0,Regular Customers
17038,50,1,630.77,0,Regular Customers
17039,239,1,1954.99,1,Lost Customers
17040,185,1,13.52,1,Lost Customers
17041,32,3,604.71,0,Regular Customers
17043,10,4,881.37,0,Regular Customers
17044,9,11,11013.82,0,Regular Customers
17045,11,2,488.24,0,Regular Customers
17046,79,4,1264.05,0,Regular Customers
17047,66,3,1188.33,0,Regular Customers
17048,72,4,1146.33,0,Regular Customers
17049,10,10,4287.5,0,Regular Customers
17050,10,5,1462.95,0,Regular Customers
17051,81,3,467.25,0,Regular Customers
17055,80,1,239.55,0,Regular Customers
17056,373,1,128.60000000000002,1,Lost Customers
17057,231,1,294.74,1,Lost Customers
17059,4,5,2507.49,0,Regular Customers
17062,0,4,669.85,0,Regular Customers
17063,42,6,2177.39,0,Regular Customers
17065,272,2,194.7,1,Lost Customers
17066,361,1,228.34,1,Lost Customers
17067,359,3,454.54,1,Lost Customers
17068,3,27,4608.94,0,Regular Customers
17069,8,6,3084.58,0,Regular Customers
17070,45,1,133.18,0,Regular Customers
17071,16,4,1372.17,0,Regular Customers
17072,260,1,282.05,1,Lost Customers
17074,197,1,203.05,1,Lost Customers
17075,64,6,1407.61,0,Regular Customers
17076,27,3,401.67,0,Regular Customers
17077,213,1,306.0,1,Lost Customers
17080,14,5,669.91,0,Regular Customers
17081,30,4,674.23,0,Regular Customers
17082,29,4,2728.18,0,Regular Customers
17083,44,6,2644.01,0,Regular Customers
17084,31,1,2253.22,0,Regular Customers
17085,11,23,6324.76,0,Regular Customers
17087,372,1,221.53,1,Lost Customers
17089,21,1,128.45,0,Regular Customers
17090,9,6,1105.53,0,Regular Customers
17091,2,11,3983.34,0,Regular Customers
17092,72,7,3817.18,0,Regular Customers
17093,227,1,235.88,1,Lost Customers
17094,58,1,100.2,0,Regular Customers
17095,65,4,1248.09,0,Regular Customers
17096,18,7,2737.05,0,Regular Customers
17097,0,2,386.03,0,Regular Customers
17098,16,3,591.0699999999999,0,Regular Customers
17099,168,1,582.17,1,Lost Customers
17101,29,3,885.3199999999999,0,Regular Customers
17103,357,1,424.3,1,Lost Customers
17104,58,1,474.03,0,Regular Customers
17106,24,1,491.23,0,Regular Customers
17107,32,4,5259.99,0,Regular Customers
17108,298,1,174.95,1,Lost Customers
17109,41,2,410.42,0,Regular Customers
17110,155,2,347.4,1,Lost Customers
17111,60,1,227.97,0,Regular Customers
17112,137,1,205.17,0,Regular Customers
17113,209,6,2322.59,1,Lost Customers
17115,183,4,1923.99,1,Lost Customers
17116,283,1,389.78,1,Lost Customers
17121,37,1,314.74,0,Regular Customers
17122,23,3,432.18,0,Regular Customers
17123,74,2,631.87,0,Regular Customers
17126,16,4,1065.69,0,Regular Customers
17127,63,5,1155.0300000000002,0,Regular Customers
17129,155,1,31.85,1,Lost Customers
17132,87,2,1272.8,0,Regular Customers
17133,109,5,9730.09,0,Regular Customers
17134,77,1,212.1,0,Regular Customers
17135,6,4,814.43,0,Regular Customers
17136,297,1,231.68,1,Lost Customers
17137,51,6,1133.63,0,Regular Customers
17138,24,6,4036.77,0,Regular Customers
17139,24,13,8915.99,0,Regular Customers
17141,53,4,754.33,0,Regular Customers
17142,39,3,704.75,0,Regular Customers
17143,52,2,924.11,0,Regular Customers
17145,147,4,3120.91,1,Lost Customers
17146,70,10,5110.46,0,Regular Customers
17147,87,5,1485.36,0,Regular Customers
17149,86,1,143.10000000000002,0,Regular Customers
17150,11,6,1375.65,0,Regular Customers
17151,370,1,231.90000000000003,1,Lost Customers
17152,60,1,327.0,0,Regular Customers
17155,162,5,640.76,1,Lost Customers
17156,126,1,591.87,0,Regular Customers
17157,115,17,4832.9,0,Regular Customers
17158,182,2,713.03,1,Lost Customers
17159,112,2,560.71,0,Regular Customers
17160,9,11,6691.13,0,Regular Customers
17161,79,1,856.01,0,Regular Customers
17163,80,2,406.68,0,Regular Customers
17165,16,5,1635.64,0,Regular Customers
17167,14,3,867.11,0,Regular Customers
17168,133,1,400.2,0,Regular Customers
17169,213,1,320.95,1,Lost Customers
17170,9,2,178.68,0,Regular Customers
17171,296,1,159.68,1,Lost Customers
17172,65,2,638.81,0,Regular Customers
17176,161,2,596.1899999999999,1,Lost Customers
17177,140,1,119.5,1,Lost Customers
17178,366,1,436.71,1,Lost Customers
17179,17,3,795.47,0,Regular Customers
17180,57,7,1460.95,0,Regular Customers
17181,8,2,225.45,0,Regular Customers
17182,57,2,321.3,0,Regular Customers
17184,204,2,198.41000000000005,1,Lost Customers
17185,226,3,229.46,1,Lost Customers
17187,161,1,263.76,1,Lost Customers
17188,81,6,2118.7000000000003,0,Regular Customers
17189,195,3,573.23,1,Lost Customers
17190,38,5,1298.3,0,Regular Customers
17191,3,11,2740.92,0,Regular Customers
17192,171,1,77.83,1,Lost Customers
17193,21,2,610.74,0,Regular Customers
17194,165,1,549.88,1,Lost Customers
17195,290,1,562.98,1,Lost Customers
17196,62,1,352.9,0,Regular Customers
17198,0,2,521.66,0,Regular Customers
17199,217,1,145.12,1,Lost Customers
17200,22,4,356.71,0,Regular Customers
17201,158,3,899.41,1,Lost Customers
17202,55,1,160.65,0,Regular Customers
17203,23,4,2012.03,0,Regular Customers
17204,9,5,3940.13,0,Regular Customers
17205,51,2,615.27,0,Regular Customers
17207,287,1,303.22,1,Lost Customers
17208,30,1,115.35,0,Regular Customers
17209,284,3,611.6,1,Lost Customers
17210,27,1,253.37,0,Regular Customers
17211,4,6,1729.43,0,Regular Customers
17212,93,2,567.5600000000001,0,Regular Customers
17213,1,7,2401.07,0,Regular Customers
17215,99,1,186.15,0,Regular Customers
17216,189,1,65.05,1,Lost Customers
17217,254,1,104.5,1,Lost Customers
17218,3,9,2231.96,0,Regular Customers
17219,51,1,144.9,0,Regular Customers
17220,52,7,1283.5,0,Regular Customers
17221,226,3,643.39,1,Lost Customers
17222,112,5,1250.86,0,Regular Customers
17223,3,2,446.74,0,Regular Customers
17224,136,1,100.86,0,Regular Customers
17225,216,1,131.15,1,Lost Customers
17226,79,2,506.63,0,Regular Customers
17227,3,7,1082.71,0,Regular Customers
17228,2,7,1271.15,0,Regular Customers
17230,198,10,6286.54,1,Lost Customers
17231,24,15,4022.72,0,Regular Customers
17233,83,2,369.98,0,Regular Customers
17235,7,7,1354.82,0,Regular Customers
17236,45,6,1013.13,0,Regular Customers
17237,10,2,687.39,0,Regular Customers
17238,6,17,4038.45,0,Regular Customers
17239,22,3,806.95,0,Regular Customers
17240,231,1,130.6,1,Lost Customers
17241,20,12,2744.14,0,Regular Customers
17242,91,3,1754.24,0,Regular Customers
17243,4,44,12213.01,3,Loyal Customers
17244,18,4,871.14,0,Regular Customers
17245,324,1,200.18,1,Lost Customers
17246,181,2,38.92,1,Lost Customers
17248,116,1,227.51,0,Regular Customers
17249,63,1,68.03,0,Regular Customers
17251,17,2,529.15,0,Regular Customers
17254,36,1,198.29,0,Regular Customers
17255,25,2,500.72,0,Regular Customers
17256,116,3,258.93,0,Regular Customers
17257,71,2,192.73,0,Regular Customers
17258,31,2,417.3,0,Regular Customers
17259,3,5,1285.97,0,Regular Customers
17260,46,1,120.95,0,Regular Customers
17261,144,1,230.44,1,Lost Customers
17262,1,7,1504.26,0,Regular Customers
17264,59,1,279.59,0,Regular Customers
17266,134,2,207.09,0,Regular Customers
17268,80,7,970.25,0,Regular Customers
17269,20,1,537.46,0,Regular Customers
17270,104,2,604.4,0,Regular Customers
17271,371,1,210.39,1,Lost Customers
17273,59,1,141.12,0,Regular Customers
17274,30,1,465.4,0,Regular Customers
17275,18,1,114.52,0,Regular Customers
17276,37,1,508.39,0,Regular Customers
17278,200,1,25.2,1,Lost Customers
17280,73,1,118.86,0,Regular Customers
17281,9,6,797.8499999999999,0,Regular Customers
17282,91,2,636.25,0,Regular Customers
17283,13,1,188.46,0,Regular Customers
17284,24,2,1140.58,0,Regular Customers
17285,263,2,428.34,1,Lost Customers
17286,35,2,241.56,0,Regular Customers
17287,2,16,3047.85,0,Regular Customers
17288,25,4,1080.25,0,Regular Customers
17289,11,6,1134.98,0,Regular Customers
17290,16,6,976.2,0,Regular Customers
17292,107,2,271.75,0,Regular Customers
17293,29,8,1899.12,0,Regular Customers
17294,304,2,467.79,1,Lost Customers
17296,365,1,338.13,1,Lost Customers
17298,9,3,459.14,0,Regular Customers
17299,74,2,346.97,0,Regular Customers
17300,25,2,393.64,0,Regular Customers
17301,259,1,132.8,1,Lost Customers
17304,169,1,111.5,1,Lost Customers
17305,283,1,2135.46,1,Lost Customers
17306,28,2,1151.04,0,Regular Customers
17307,30,11,3999.89,0,Regular Customers
17308,28,2,4511.76,0,Regular Customers
17309,16,2,247.84,0,Regular Customers
17310,22,2,1025.1,0,Regular Customers
17311,27,4,2181.71,0,Regular Customers
17314,28,9,2376.51,0,Regular Customers
17315,10,5,3358.34,0,Regular Customers
17316,55,1,124.45,0,Regular Customers
17318,360,1,164.28,1,Lost Customers
17319,304,1,29.1,1,Lost Customers
17320,3,4,1695.15,0,Regular Customers
17321,29,4,1040.32,0,Regular Customers
17322,11,5,922.59,0,Regular Customers
17323,42,5,644.52,0,Regular Customers
17324,1,9,1311.64,0,Regular Customers
17325,45,2,512.77,0,Regular Customers
17326,43,2,321.95,0,Regular Customers
17327,44,2,152.35,0,Regular Customers
17328,308,1,104.7,1,Lost Customers
17329,366,3,481.32,1,Lost Customers
17330,179,2,59.900000000000006,1,Lost Customers
17332,163,5,838.27,1,Lost Customers
17334,41,1,328.13,0,Regular Customers
17335,18,2,508.0,0,Regular Customers
17336,107,1,81.12,0,Regular Customers
17338,10,9,5498.64,0,Regular Customers
17339,0,2,119.0,0,Regular Customers
17340,1,8,10051.53,0,Regular Customers
17341,1,3,1108.47,0,Regular Customers
17342,14,4,1227.54,0,Regular Customers
17343,11,5,1066.3,0,Regular Customers
17344,363,1,307.54,1,Lost Customers
17345,10,6,1066.94,0,Regular Customers
17346,8,12,2646.44,0,Regular Customers
17348,72,4,1316.89,0,Regular Customers
17349,15,4,741.5,0,Regular Customers
17350,29,3,619.971,0,Regular Customers
17351,62,9,1401.08,0,Regular Customers
17352,331,1,36.25,1,Lost Customers
17353,126,2,1502.0,0,Regular Customers
17354,63,3,1750.4,0,Regular Customers
17355,21,1,285.11,0,Regular Customers
17356,189,4,768.25,1,Lost Customers
17358,11,3,500.2,0,Regular Customers
17359,283,1,156.6,1,Lost Customers
17360,20,3,645.59,0,Regular Customers
17361,311,2,392.44,1,Lost Customers
17362,35,5,711.8100000000001,0,Regular Customers
17363,30,3,940.86,0,Regular Customers
17364,11,17,7589.24,0,Regular Customers
17365,21,7,3423.42,0,Regular Customers
17366,67,2,1096.24,0,Regular Customers
17368,10,6,913.47,0,Regular Customers
17369,90,1,979.2,0,Regular Customers
17371,258,3,238.66,1,Lost Customers
17372,16,20,3034.88,0,Regular Customers
17373,53,3,520.58,0,Regular Customers
17374,30,1,231.34,0,Regular Customers
17375,66,1,260.45,0,Regular Customers
17376,39,2,250.44,0,Regular Customers
17377,0,60,14218.49,3,Loyal Customers
17378,9,1,10.95,0,Regular Customers
17380,69,3,645.0,0,Regular Customers
17381,3,12,19726.76,0,Regular Customers
17382,70,7,836.88,0,Regular Customers
17383,88,1,110.7,0,Regular Customers
17384,102,1,171.15,0,Regular Customers
17386,20,1,126.35,0,Regular Customers
17388,55,7,1432.01,0,Regular Customers
17389,9,27,25391.0,3,Loyal Customers
17390,55,1,149.3,0,Regular Customers
17392,85,1,168.65,0,Regular Customers
17393,45,2,381.15,0,Regular Customers
17395,143,1,97.5,1,Lost Customers
17396,6,7,1476.3,0,Regular Customers
17397,51,1,536.77,0,Regular Customers
17400,216,3,2547.09,1,Lost Customers
17401,176,1,114.85,1,Lost Customers
17402,4,12,2462.33,0,Regular Customers
17403,85,1,118.95,0,Regular Customers
17404,44,8,15874.3,0,Regular Customers
17406,1,11,2704.63,0,Regular Customers
17407,46,1,552.9,0,Regular Customers
17408,135,2,283.44000000000005,0,Regular Customers
17409,56,8,7021.66,0,Regular Customers
17411,21,2,646.44,0,Regular Customers
17412,7,10,3159.46,0,Regular Customers
17413,39,2,560.14,0,Regular Customers
17414,58,4,1471.52,0,Regular Customers
17416,28,15,10405.03,0,Regular Customers
17417,183,1,164.18,1,Lost Customers
17418,22,1,206.6,0,Regular Customers
17419,2,8,2273.95,0,Regular Customers
17420,8,4,485.6,0,Regular Customers
17421,21,3,1059.41,0,Regular Customers
17422,16,5,1615.39,0,Regular Customers
17423,28,1,420.54,0,Regular Customers
17426,87,7,3040.51,0,Regular Customers
17428,3,18,14562.91,0,Regular Customers
17429,31,2,832.54,0,Regular Customers
17430,0,3,469.41,0,Regular Customers
17432,20,7,1385.63,0,Regular Customers
17433,20,1,266.8,0,Regular Customers
17435,46,1,331.35,0,Regular Customers
17436,43,3,317.76,0,Regular Customers
17437,164,1,373.17,1,Lost Customers
17438,79,4,1034.32,0,Regular Customers
17439,290,1,325.74,1,Lost Customers
17440,184,1,137.16,1,Lost Customers
17441,367,1,293.35,1,Lost Customers
17442,16,9,2371.74,0,Regular Customers
17448,132,46,14556.97,3,Loyal Customers
17449,22,6,2430.29,0,Regular Customers
17450,2,7,52422.3,3,Loyal Customers
17454,97,6,1030.41,0,Regular Customers
17456,0,2,975.56,0,Regular Customers
17457,14,9,4247.11,0,Regular Customers
17458,16,1,213.08,0,Regular Customers
17460,7,12,1605.84,0,Regular Customers
17463,195,2,661.5,1,Lost Customers
17464,157,2,710.98,1,Lost Customers
17465,60,7,2542.79,0,Regular Customers
17467,30,1,102.6,0,Regular Customers
17468,10,1,57.8,0,Regular Customers
17469,35,12,3180.28,0,Regular Customers
17470,2,7,1679.8,0,Regular Customers
17471,109,1,321.65000000000003,0,Regular Customers
17472,263,1,224.81,1,Lost Customers
17473,43,2,607.0,0,Regular Customers
17474,234,1,1047.0,1,Lost Customers
17476,30,2,489.86,0,Regular Customers
17477,247,2,1144.3,1,Lost Customers
17478,43,2,1272.8,0,Regular Customers
17479,267,1,389.2600000000001,1,Lost Customers
17480,79,1,390.21,0,Regular Customers
17482,122,2,778.19,0,Regular Customers
17483,49,1,177.69,0,Regular Customers
17484,211,2,209.57,1,Lost Customers
17487,363,1,160.55,1,Lost Customers
17488,276,1,336.5,1,Lost Customers
17490,23,2,658.18,0,Regular Customers
17491,2,8,2422.2000000000003,0,Regular Customers
17492,113,2,747.85,0,Regular Customers
17493,20,1,100.91,0,Regular Customers
17494,136,1,54.7,0,Regular Customers
17495,25,1,309.16,0,Regular Customers
17496,198,3,1141.84,1,Lost Customers
17497,25,2,287.25,0,Regular Customers
17499,196,1,718.51,1,Lost Customers
17504,15,9,6568.09,0,Regular Customers
17505,185,3,1289.64,1,Lost Customers
17508,16,7,4191.92,0,Regular Customers
17510,55,1,206.08,0,Regular Customers
17511,2,31,84541.17,3,Loyal Customers
17512,87,8,2542.83,0,Regular Customers
17513,43,2,645.6,0,Regular Customers
17514,304,1,334.18,1,Lost Customers
17515,29,5,978.44,0,Regular Customers
17516,13,1,189.47,0,Regular Customers
17518,60,2,329.42,0,Regular Customers
17519,3,10,3265.45,0,Regular Customers
17521,29,2,554.85,0,Regular Customers
17524,73,2,394.14,0,Regular Customers
17525,32,2,739.2,0,Regular Customers
17526,0,9,2970.14,0,Regular Customers
17529,245,2,1240.25,1,Lost Customers
17530,0,3,756.51,0,Regular Customers
17531,162,2,970.12,1,Lost Customers
17532,20,1,65.34,0,Regular Customers
17533,69,1,34.8,0,Regular Customers
17534,86,4,1445.47,0,Regular Customers
17536,55,2,288.33,0,Regular Customers
17539,252,4,1226.57,1,Lost Customers
17540,18,4,1011.7,0,Regular Customers
17541,144,1,124.46,1,Lost Customers
17542,276,2,170.95,1,Lost Customers
17543,184,1,120.05,1,Lost Customers
17544,25,3,960.69,0,Regular Customers
17545,25,3,802.58,0,Regular Customers
17547,10,2,727.85,0,Regular Customers
17548,13,3,627.96,0,Regular Customers
17550,32,6,2280.48,0,Regular Customers
17552,7,10,2154.88,0,Regular Customers
17553,107,3,2270.0,0,Regular Customers
17555,60,3,574.48,0,Regular Customers
17556,14,1,142.77,0,Regular Customers
17557,367,1,34.0,1,Lost Customers
17558,28,1,259.17,0,Regular Customers
17559,147,1,167.62,1,Lost Customers
17560,30,4,1040.85,0,Regular Customers
17561,25,3,554.72,0,Regular Customers
17563,213,2,392.38,1,Lost Customers
17565,221,1,131.83,1,Lost Customers
17567,7,2,1024.55,0,Regular Customers
17568,268,1,382.79,1,Lost Customers
17570,16,1,100.0,0,Regular Customers
17571,177,1,205.24,1,Lost Customers
17572,8,7,496.2600000000001,0,Regular Customers
17575,302,1,171.7,1,Lost Customers
17576,0,23,5434.13,0,Regular Customers
17577,280,2,348.75,1,Lost Customers
17578,109,6,903.87,0,Regular Customers
17579,213,1,304.38,1,Lost Customers
17580,11,2,329.55,0,Regular Customers
17581,7,20,7712.71,0,Regular Customers
17582,81,4,1275.43,0,Regular Customers
17583,195,1,135.95,1,Lost Customers
17584,102,4,4067.12,0,Regular Customers
17585,80,3,960.23,0,Regular Customers
17586,254,1,167.4,1,Lost Customers
17587,263,1,181.66,1,Lost Customers
17588,31,4,1699.35,0,Regular Customers
17589,20,14,11645.7,0,Regular Customers
17591,2,2,550.7,0,Regular Customers
17592,373,1,148.3,1,Lost Customers
17593,44,6,4168.46,0,Regular Customers
17594,84,2,1504.7,0,Regular Customers
17596,3,7,2092.74,0,Regular Customers
17597,53,4,1439.72,0,Regular Customers
17598,16,1,409.98,0,Regular Customers
17599,112,1,52.05,0,Regular Customers
17601,15,1,305.47,0,Regular Customers
17602,107,8,2348.16,0,Regular Customers
17603,252,3,1398.76,1,Lost Customers
17604,57,4,636.57,0,Regular Customers
17605,225,1,160.75,1,Lost Customers
17606,372,1,87.30000000000001,1,Lost Customers
17607,11,1,333.81,0,Regular Customers
17608,84,2,305.11,0,Regular Customers
17609,37,6,782.12,0,Regular Customers
17610,175,5,1529.49,1,Lost Customers
17611,56,13,4387.76,0,Regular Customers
17612,14,12,3346.41,0,Regular Customers
17615,22,3,403.6,0,Regular Customers
17616,2,2,489.6,0,Regular Customers
17617,193,1,395.33,1,Lost Customers
17618,18,8,3101.66,0,Regular Customers
17621,39,3,1795.22,0,Regular Customers
17622,232,2,1130.21,1,Lost Customers
17623,44,6,1856.62,0,Regular Customers
17624,72,2,725.15,0,Regular Customers
17625,81,4,4020.8,0,Regular Customers
17626,237,1,254.0,1,Lost Customers
17627,113,1,296.36,0,Regular Customers
17629,23,2,641.4,0,Regular Customers
17631,9,4,470.16,0,Regular Customers
17633,14,3,732.55,0,Regular Customers
17635,59,3,1265.58,0,Regular Customers
17638,282,2,842.4,1,Lost Customers
17639,22,5,506.67,0,Regular Customers
17640,14,5,2547.28,0,Regular Customers
17642,64,3,1112.2,0,Regular Customers
17643,8,2,439.7,0,Regular Customers
17644,29,9,3132.96,0,Regular Customers
17646,0,10,3141.4,0,Regular Customers
17647,304,2,198.6,1,Lost Customers
17648,20,1,418.87,0,Regular Customers
17649,104,2,710.4,0,Regular Customers
17651,133,6,1758.52,0,Regular Customers
17655,1,3,1013.54,0,Regular Customers
17657,65,1,126.0,0,Regular Customers
17659,7,3,835.33,0,Regular Customers
17660,372,1,163.47,1,Lost Customers
17662,296,2,412.92,1,Lost Customers
17663,52,10,3372.92,0,Regular Customers
17664,109,2,561.59,0,Regular Customers
17665,128,1,563.1,0,Regular Customers
17666,112,3,1319.64,0,Regular Customers
17667,70,4,1895.19,0,Regular Customers
17669,97,3,2735.63,0,Regular Customers
17671,0,2,830.63,0,Regular Customers
17672,52,5,2600.46,0,Regular Customers
17673,10,7,2604.46,0,Regular Customers
17674,3,1,300.66,0,Regular Customers
17675,2,40,17885.32,3,Loyal Customers
17676,1,5,1378.16,0,Regular Customers
17677,1,28,20329.68,3,Loyal Customers
17678,238,1,301.65,1,Lost Customers
17679,156,5,1585.5,1,Lost Customers
17680,18,2,313.05,0,Regular Customers
17681,232,5,731.2,1,Lost Customers
17682,3,6,1982.45,0,Regular Customers
17683,20,3,819.01,0,Regular Customers
17685,7,6,2751.64,0,Regular Customers
17686,58,2,2557.35,0,Regular Customers
17687,55,1,432.68,0,Regular Customers
17688,28,1,304.2,0,Regular Customers
17689,23,2,317.08,0,Regular Customers
17690,1,8,2690.15,0,Regular Customers
17691,3,3,489.65,0,Regular Customers
17692,31,8,2234.86,0,Regular Customers
17694,146,2,1412.85,1,Lost Customers
17695,29,3,980.7,0,Regular Customers
17696,17,19,5393.88,0,Regular Customers
17699,111,2,442.0,0,Regular Customers
17700,16,10,4145.33,0,Regular Customers
17702,18,2,1319.67,0,Regular Customers
17703,53,1,296.1,0,Regular Customers
17705,90,2,260.38,0,Regular Customers
17706,1,17,10245.49,0,Regular Customers
17707,11,6,456.9,0,Regular Customers
17708,37,2,620.85,0,Regular Customers
17709,105,4,533.56,0,Regular Customers
17710,58,1,293.5,0,Regular Customers
17713,17,4,1198.09,0,Regular Customers
17714,59,4,1257.18,0,Regular Customers
17715,227,1,163.2,1,Lost Customers
17716,31,13,10300.98,0,Regular Customers
17717,56,1,376.92,0,Regular Customers
17718,279,1,299.83,1,Lost Customers
17720,2,7,1572.97,0,Regular Customers
17721,294,1,307.21000000000004,1,Lost Customers
17722,1,2,2006.32,0,Regular Customers
17723,10,1,102.0,0,Regular Customers
17726,30,7,1092.06,0,Regular Customers
17728,39,2,1362.75,0,Regular Customers
17729,231,1,438.65,1,Lost Customers
17730,17,7,2475.32,0,Regular Customers
17731,256,2,468.88,1,Lost Customers
17732,7,8,2166.42,0,Regular Customers
17734,160,3,741.69,1,Lost Customers
17735,2,8,4134.91,0,Regular Customers
17738,30,9,2304.51,0,Regular Customers
17739,9,11,4939.24,0,Regular Customers
17740,24,6,426.9,0,Regular Customers
17741,41,2,101.1,0,Regular Customers
17742,63,9,1743.37,0,Regular Customers
17743,83,1,229.2,0,Regular Customers
17744,15,1,326.74,0,Regular Customers
17745,112,2,600.34,0,Regular Customers
17746,106,3,793.9300000000001,0,Regular Customers
17748,162,1,358.15,1,Lost Customers
17749,181,1,351.66,1,Lost Customers
17751,56,1,157.86,0,Regular Customers
17753,99,4,390.56,0,Regular Customers
17754,9,8,2805.27,0,Regular Customers
17756,10,3,733.7,0,Regular Customers
17757,3,28,3817.16,0,Regular Customers
17758,62,4,1555.83,0,Regular Customers
17759,28,2,441.92,0,Regular Customers
17760,8,5,631.34,0,Regular Customers
17762,91,1,129.75,0,Regular Customers
17763,288,3,71.15,1,Lost Customers
17764,37,3,804.82,0,Regular Customers
17765,83,1,158.92,0,Regular Customers
17766,16,2,299.61,0,Regular Customers
17767,45,1,141.85,0,Regular Customers
17768,22,4,1236.33,0,Regular Customers
17769,18,7,3105.1,0,Regular Customers
17771,71,2,141.6,0,Regular Customers
17772,27,1,202.0,0,Regular Customers
17773,149,2,585.27,1,Lost Customers
17774,32,5,2102.64,0,Regular Customers
17776,21,2,338.56,0,Regular Customers
17778,296,1,197.7,1,Lost Customers
17780,302,3,352.91,1,Lost Customers
17782,17,2,679.02,0,Regular Customers
17783,147,1,96.44,1,Lost Customers
17784,185,1,112.86,1,Lost Customers
17785,80,2,271.44,0,Regular Customers
17787,6,1,736.28,0,Regular Customers
17789,296,1,171.25,1,Lost Customers
17790,13,6,818.06,0,Regular Customers
17792,102,2,370.05,0,Regular Customers
17794,321,2,147.3,1,Lost Customers
17796,4,4,664.09,0,Regular Customers
17797,30,5,1205.44,0,Regular Customers
17798,216,1,183.09,1,Lost Customers
17799,24,10,3285.96,0,Regular Customers
17801,86,3,798.3299999999999,0,Regular Customers
17802,7,8,3768.08,0,Regular Customers
17803,27,1,184.66,0,Regular Customers
17804,11,3,385.23,0,Regular Customers
17805,245,1,414.72,1,Lost Customers
17807,30,3,437.87,0,Regular Customers
17808,183,4,262.64,1,Lost Customers
17809,6,11,5925.4800000000005,0,Regular Customers
17810,303,2,374.81,1,Lost Customers
17811,9,8,1772.07,0,Regular Customers
17812,3,4,433.73,0,Regular Customers
17814,10,2,1617.32,0,Regular Customers
17815,28,1,591.96,0,Regular Customers
17816,0,3,75.76,0,Regular Customers
17817,13,3,420.17,0,Regular Customers
17818,372,1,130.18,1,Lost Customers
17819,6,6,2907.65,0,Regular Customers
17820,9,1,183.56,0,Regular Customers
17821,41,1,334.62,0,Regular Customers
17822,55,5,2188.5,0,Regular Customers
17823,56,2,494.25,0,Regular Customers
17825,233,4,731.96,1,Lost Customers
17826,9,1,134.59,0,Regular Customers
17827,256,1,392.59,1,Lost Customers
17829,44,4,3867.5,0,Regular Customers
17833,358,1,342.36,1,Lost Customers
17834,49,2,730.47,0,Regular Customers
17838,0,10,3943.6,0,Regular Customers
17840,78,1,185.72,0,Regular Customers
17841,0,91,29892.5,3,Loyal Customers
17842,237,1,430.69,1,Lost Customers
17843,46,1,120.75,0,Regular Customers
17845,190,4,598.19,1,Lost Customers
17847,150,2,129.69,1,Lost Customers
17848,52,21,2749.7,0,Regular Customers
17849,115,4,457.96,0,Regular Customers
17850,7,155,51208.87,3,Loyal Customers
17851,57,6,1563.34,0,Regular Customers
17852,23,3,548.87,0,Regular Customers
17853,42,3,1608.19,0,Regular Customers
17854,97,4,760.19,0,Regular Customers
17855,7,1,208.97,0,Regular Customers
17857,0,2,1803.2,0,Regular Customers
17858,4,19,7641.99,0,Regular Customers
17860,3,4,762.74,0,Regular Customers
17861,20,10,3026.89,0,Regular Customers
17862,20,3,948.19,0,Regular Customers
17863,4,7,2585.2,0,Regular Customers
17864,20,2,326.82,0,Regular Customers
17865,10,26,15848.07,3,Loyal Customers
17866,119,2,805.3000000000001,0,Regular Customers
17867,45,9,424.18,0,Regular Customers
17868,21,1,234.65,0,Regular Customers
17869,3,3,607.98,0,Regular Customers
17870,1,2,1213.8,0,Regular Customers
17871,32,4,963.09,0,Regular Customers
17872,16,1,235.87,0,Regular Customers
17873,8,14,4656.72,0,Regular Customers
17875,323,1,167.1,1,Lost Customers
17876,34,3,3424.02,0,Regular Customers
17878,30,2,1032.88,0,Regular Customers
17880,274,2,366.0,1,Lost Customers
17882,14,2,313.46,0,Regular Customers
17883,174,3,324.08,1,Lost Customers
17884,3,18,2355.44,0,Regular Customers
17886,72,3,708.77,0,Regular Customers
17888,9,17,1094.39,0,Regular Customers
17889,9,5,571.0,0,Regular Customers
17894,1,11,1333.57,0,Regular Customers
17897,2,8,2018.4,0,Regular Customers
17898,87,2,147.12,0,Regular Customers
17901,156,2,149.7,1,Lost Customers
17902,181,1,216.4,1,Lost Customers
17903,29,1,381.09,0,Regular Customers
17905,8,10,1583.28,0,Regular Customers
17907,275,1,291.76,1,Lost Customers
17908,8,5,1168.26,0,Regular Customers
17909,372,1,132.55,1,Lost Customers
17910,361,1,261.7,1,Lost Customers
17912,10,1,64.49,0,Regular Customers
17913,35,12,3068.04,0,Regular Customers
17915,186,1,242.13,1,Lost Customers
17916,263,2,43.87,1,Lost Customers
17918,135,3,396.39,0,Regular Customers
17919,73,1,536.28,0,Regular Customers
17920,3,39,20312.36,3,Loyal Customers
17921,14,6,1596.98,0,Regular Customers
17922,178,1,170.4,1,Lost Customers
17923,162,2,289.5,1,Lost Customers
17924,8,2,574.2,0,Regular Customers
17925,7,1,244.08,0,Regular Customers
17926,79,3,638.2,0,Regular Customers
17927,356,1,294.0,1,Lost Customers
17928,206,1,128.7,1,Lost Customers
17929,22,8,2239.1,0,Regular Customers
17930,28,8,2534.74,0,Regular Customers
17931,32,12,3028.93,0,Regular Customers
17933,267,1,114.69,1,Lost Customers
17934,41,1,344.90000000000003,0,Regular Customers
17935,35,5,540.35,0,Regular Customers
17938,55,1,144.29,0,Regular Customers
17940,80,6,26286.75,0,Regular Customers
17941,225,3,1128.72,1,Lost Customers
17944,58,1,75.41,0,Regular Customers
17945,331,3,360.35,1,Lost Customers
17949,6,74,60117.6,3,Loyal Customers
17950,0,6,950.61,0,Regular Customers
17951,8,2,627.5400000000001,0,Regular Customers
17952,13,4,819.61,0,Regular Customers
17953,175,1,160.82,1,Lost Customers
17954,2,9,1633.33,0,Regular Customers
17955,290,2,392.6,1,Lost Customers
17958,363,1,465.42,1,Lost Customers
17959,227,1,140.75,1,Lost Customers
17960,157,2,61.3,1,Lost Customers
17961,7,62,1699.1,3,Loyal Customers
17962,184,3,584.59,1,Lost Customers
17963,106,4,651.51,0,Regular Customers
17964,7,1,261.76,0,Regular Customers
17965,0,17,4618.41,0,Regular Customers
17966,226,5,875.99,1,Lost Customers
17967,6,2,234.22,0,Regular Customers
17968,8,4,610.6899999999999,0,Regular Customers
17969,137,18,2141.74,0,Regular Customers
17971,183,1,161.94,1,Lost Customers
17974,16,3,1117.27,0,Regular Customers
17975,1,12,2540.02,0,Regular Customers
17976,7,1,353.19,0,Regular Customers
17977,35,1,1277.49,0,Regular Customers
17978,0,4,1160.84,0,Regular Customers
17980,28,1,221.97,0,Regular Customers
17981,45,1,239.12,0,Regular Customers
17982,315,1,138.18,1,Lost Customers
17983,30,1,171.71,0,Regular Customers
17984,27,4,1038.59,0,Regular Customers
17987,11,4,805.07,0,Regular Customers
17988,122,7,288.42,0,Regular Customers
17989,14,1,228.83,0,Regular Customers
17990,15,3,896.77,0,Regular Customers
17991,226,1,227.2,1,Lost Customers
17992,24,1,254.13,0,Regular Customers
17993,252,1,235.19,1,Lost Customers
17994,23,7,1634.83,0,Regular Customers
17995,17,2,419.38,0,Regular Customers
17996,14,3,482.33,0,Regular Customers
17998,15,3,639.24,0,Regular Customers
17999,1,2,348.84,0,Regular Customers
18000,199,1,124.25,1,Lost Customers
18001,84,4,536.61,0,Regular Customers
18002,10,4,249.92,0,Regular Customers
18003,11,1,358.61,0,Regular Customers
18006,16,3,553.1800000000001,0,Regular Customers
18007,27,1,220.32,0,Regular Customers
18008,50,14,17670.94,0,Regular Customers
18009,177,7,1898.49,1,Lost Customers
18011,8,2,424.24,0,Regular Customers
18012,358,1,115.3,1,Lost Customers
18016,45,2,476.9,0,Regular Customers
18017,66,1,165.0,0,Regular Customers
18018,34,2,175.85,0,Regular Customers
18020,178,1,190.48,1,Lost Customers
18021,144,2,227.06,1,Lost Customers
18022,20,4,983.68,0,Regular Customers
18025,14,6,1177.72,0,Regular Customers
18026,135,2,2074.07,0,Regular Customers
18028,218,1,192.05,1,Lost Customers
18029,277,1,433.77,1,Lost Customers
18031,13,1,462.1,0,Regular Customers
18034,10,1,370.82,0,Regular Customers
18035,20,2,546.34,0,Regular Customers
18036,20,8,1158.02,0,Regular Customers
18037,56,9,97.4,0,Regular Customers
18038,191,1,149.41,1,Lost Customers
18039,9,4,579.17,0,Regular Customers
18041,0,20,4568.99,0,Regular Customers
18042,176,1,116.1,1,Lost Customers
18043,1,1,316.46,0,Regular Customers
18044,22,8,1417.01,0,Regular Customers
18046,284,1,189.63,1,Lost Customers
18047,16,2,342.69,0,Regular Customers
18048,128,1,229.44,0,Regular Customers
18049,72,2,556.52,0,Regular Customers
18050,28,1,337.66,0,Regular Customers
18051,269,7,2282.28,1,Lost Customers
18052,199,1,10877.18,1,Lost Customers
18053,160,2,271.05,1,Lost Customers
18054,27,1,176.5,0,Regular Customers
18055,2,6,4411.38,0,Regular Customers
18056,253,1,190.95,1,Lost Customers
18057,28,3,1203.56,0,Regular Customers
18058,176,2,603.9,1,Lost Customers
18060,43,2,1185.46,0,Regular Customers
18061,1,19,4369.56,0,Regular Customers
18062,21,3,912.15,0,Regular Customers
18063,25,2,186.6,0,Regular Customers
18064,81,9,3681.03,0,Regular Customers
18065,23,15,3473.8,0,Regular Customers
18066,21,2,1122.4,0,Regular Customers
18069,18,6,2503.89,0,Regular Customers
18070,304,1,314.1,1,Lost Customers
18071,0,5,975.63,0,Regular Customers
18074,8,2,1019.44,0,Regular Customers
18075,9,10,3171.54,0,Regular Customers
18076,15,1,151.49,0,Regular Customers
18077,1,8,1705.55,0,Regular Customers
18078,60,2,508.47,0,Regular Customers
18079,126,1,590.78,0,Regular Customers
18083,32,1,470.73,0,Regular Customers
18084,18,2,722.4499999999999,0,Regular Customers
18085,8,3,955.8,0,Regular Customers
18087,14,15,10705.8,0,Regular Customers
18089,81,1,428.45,0,Regular Customers
18090,56,1,349.4,0,Regular Customers
18091,228,1,360.85,1,Lost Customers
18092,0,8,7111.18,0,Regular Customers
18093,79,4,2346.19,0,Regular Customers
18094,81,6,3374.2200000000003,0,Regular Customers
18095,62,3,1723.04,0,Regular Customers
18096,77,3,894.13,0,Regular Customers
18097,20,5,1965.52,0,Regular Customers
18098,31,1,550.84,0,Regular Customers
18100,185,1,451.56,1,Lost Customers
18101,9,3,405.51,0,Regular Customers
18102,0,89,349164.35,2,VIP Customers
18103,184,1,105.8,1,Lost Customers
18106,111,5,1030.76,0,Regular Customers
18107,77,1,167.13,0,Regular Customers
18108,231,2,577.8100000000001,1,Lost Customers
18109,4,13,1840.99,0,Regular Customers
18110,46,1,199.13,0,Regular Customers
18111,224,1,405.85,1,Lost Customers
18112,53,2,423.27,0,Regular Customers
18113,3,1,76.32000000000001,0,Regular Customers
18115,332,1,9.7,1,Lost Customers
18116,11,5,736.27,0,Regular Customers
18118,4,4,1079.4,0,Regular Customers
18119,2,1,181.12,0,Regular Customers
18123,148,1,95.15,1,Lost Customers
18124,107,1,111.53,0,Regular Customers
18127,38,1,212.8,0,Regular Customers
18128,172,1,420.04,1,Lost Customers
18131,266,1,222.96,1,Lost Customers
18132,139,1,226.9,1,Lost Customers
18134,233,2,445.0,1,Lost Customers
18135,27,5,567.71,0,Regular Customers
18136,44,2,847.03,0,Regular Customers
18137,186,2,145.99,1,Lost Customers
18140,108,1,536.41,0,Regular Customers
18141,36,2,882.47,0,Regular Customers
18144,8,8,2169.25,0,Regular Customers
18145,17,7,2756.24,0,Regular Customers
18148,281,1,114.1,1,Lost Customers
18149,39,4,1012.63,0,Regular Customers
18151,55,4,1226.09,0,Regular Customers
18152,281,1,426.69,1,Lost Customers
18153,294,1,246.22,1,Lost Customers
18154,23,3,533.41,0,Regular Customers
18156,4,1,206.23,0,Regular Customers
18157,206,1,215.35,1,Lost Customers
18160,21,1,365.82,0,Regular Customers
18161,14,1,184.41,0,Regular Customers
18162,367,1,379.16,1,Lost Customers
18163,219,1,728.84,1,Lost Customers
18166,258,1,175.5,1,Lost Customers
18168,7,11,2600.33,0,Regular Customers
18170,9,6,1897.69,0,Regular Customers
18171,105,4,1206.0,0,Regular Customers
18172,22,32,9918.16,3,Loyal Customers
18173,247,1,589.52,1,Lost Customers
18174,238,1,58.5,1,Lost Customers
18175,310,1,176.1,1,Lost Customers
18177,195,3,875.45,1,Lost Customers
18178,37,7,4512.93,0,Regular Customers
18179,157,2,754.38,1,Lost Customers
18181,35,4,823.14,0,Regular Customers
18182,98,1,291.13,0,Regular Customers
18186,357,1,329.58,1,Lost Customers
18187,266,1,724.89,1,Lost Customers
18188,65,3,1279.55,0,Regular Customers
18189,260,1,313.49,1,Lost Customers
18190,238,3,461.16,1,Lost Customers
18191,112,1,321.6,0,Regular Customers
18193,15,2,963.59,0,Regular Customers
18194,73,5,3188.2000000000003,0,Regular Customers
18195,22,1,101.16,0,Regular Customers
18196,106,2,775.18,0,Regular Customers
18197,210,1,230.1,1,Lost Customers
18199,318,1,344.75,1,Lost Customers
18201,357,1,447.53,1,Lost Customers
18203,16,3,344.0,0,Regular Customers
18206,188,1,314.66,1,Lost Customers
18207,134,1,544.47,0,Regular Customers
18208,200,1,360.08,1,Lost Customers
18210,17,1,147.45,0,Regular Customers
18212,312,1,298.3,1,Lost Customers
18214,165,4,1780.34,1,Lost Customers
18215,72,4,1948.15,0,Regular Customers
18217,148,2,323.29,1,Lost Customers
18218,231,2,479.92,1,Lost Customers
18219,3,8,1493.12,0,Regular Customers
18220,29,5,1616.48,0,Regular Customers
18221,25,1,383.33,0,Regular Customers
18223,22,12,7516.31,0,Regular Customers
18225,0,15,7545.139999999999,0,Regular Customers
18226,13,15,6650.83,0,Regular Customers
18227,119,1,295.0,0,Regular Customers
18229,1,10,3526.81,0,Regular Customers
18230,13,2,1480.86,0,Regular Customers
18231,41,23,4797.7,0,Regular Customers
18234,186,1,179.6,1,Lost Customers
18236,23,6,913.11,0,Regular Customers
18238,150,1,270.92,1,Lost Customers
18239,7,2,588.75,0,Regular Customers
18241,50,4,913.9,0,Regular Customers
18242,80,4,1372.72,0,Regular Customers
18243,49,1,515.78,0,Regular Customers
18244,65,2,568.64,0,Regular Customers
18245,14,13,3757.92,0,Regular Customers
18246,244,1,162.72,1,Lost Customers
18247,49,3,839.73,0,Regular Customers
18251,80,8,21964.14,0,Regular Customers
18252,183,5,1015.42,1,Lost Customers
18253,277,1,317.88,1,Lost Customers
18254,216,1,267.9,1,Lost Customers
18255,91,1,199.85,0,Regular Customers
18256,22,1,110.7,0,Regular Customers
18257,81,4,2262.52,0,Regular Customers
18258,99,6,2059.67,0,Regular Customers
18259,1,5,1979.6,0,Regular Customers
18260,9,17,7318.91,0,Regular Customers
18262,28,2,428.06,0,Regular Customers
18264,133,1,603.25,0,Regular Customers
18266,69,1,251.1,0,Regular Customers
18267,307,1,269.37,1,Lost Customers
18268,226,5,1464.73,1,Lost Customers
18269,1,1,168.6,0,Regular Customers
18270,67,1,161.4,0,Regular Customers
18271,244,2,680.85,1,Lost Customers
18272,183,3,1307.4,1,Lost Customers
18273,225,1,153.0,1,Lost Customers
18275,213,2,741.85,1,Lost Customers
18276,27,5,1320.66,0,Regular Customers
18277,32,4,1069.67,0,Regular Customers
18278,39,1,240.3,0,Regular Customers
18279,154,1,231.34,1,Lost Customers
18280,29,1,307.55,0,Regular Customers
18281,212,1,120.32,1,Lost Customers
18283,17,6,641.77,0,Regular Customers
18284,66,1,461.68,0,Regular Customers
18285,295,1,427.0,1,Lost Customers
18286,111,2,1296.43,0,Regular Customers
18287,17,4,2345.71,0,Regular Customers
