order_id,customer_id,order_date
489434,13085,2009-12-01 07:45:00
489435,13085,2009-12-01 07:46:00
489436,13078,2009-12-01 09:06:00
489437,15362,2009-12-01 09:08:00
489438,18102,2009-12-01 09:24:00
489439,12682,2009-12-01 09:28:00
489440,18087,2009-12-01 09:43:00
489441,18087,2009-12-01 09:44:00
489442,13635,2009-12-01 09:46:00
489443,14110,2009-12-01 09:50:00
489444,12636,2009-12-01 09:55:00
489445,17519,2009-12-01 09:57:00
489446,13758,2009-12-01 10:06:00
489447,12362,2009-12-01 10:10:00
489448,15413,2009-12-01 10:18:00
489450,16321,2009-12-01 10:36:00
489460,16167,2009-12-01 10:46:00
489461,17865,2009-12-01 10:49:00
489462,17592,2009-12-01 10:49:00
489465,13767,2009-12-01 10:52:00
489488,17238,2009-12-01 10:59:00
489505,15712,2009-12-01 11:17:00
489514,15311,2009-12-01 11:21:00
489517,16329,2009-12-01 11:34:00
489519,17700,2009-12-01 11:37:00
489520,14911,2009-12-01 11:41:00
489522,15998,2009-12-01 11:45:00
489523,12931,2009-12-01 11:46:00
489526,12533,2009-12-01 11:50:00
489529,17984,2009-12-01 11:51:00
489531,14871,2009-12-01 11:57:00
489532,13394,2009-12-01 11:58:00
489533,16011,2009-12-01 12:02:00
489536,16393,2009-12-01 12:13:00
489537,14040,2009-12-01 12:14:00
489539,15061,2009-12-01 12:18:00
489540,12913,2009-12-01 12:18:00
489542,15061,2009-12-01 12:19:00
489544,14341,2009-12-01 12:20:00
489545,17804,2009-12-01 12:22:00
489546,14156,2009-12-01 12:30:00
489547,13599,2009-12-01 12:30:00
489550,14156,2009-12-01 12:33:00
489552,17063,2009-12-01 12:36:00
489556,15719,2009-12-01 12:47:00
489557,12490,2009-12-01 12:52:00
489558,15793,2009-12-01 12:54:00
489559,17056,2009-12-01 12:55:00
489560,13526,2009-12-01 12:56:00
489561,14654,2009-12-01 12:57:00
489562,17998,2009-12-01 13:07:00
489564,13526,2009-12-01 13:13:00
489566,17742,2009-12-01 13:16:00
489567,15326,2009-12-01 13:19:00
489569,14478,2009-12-01 13:20:00
489571,15967,2009-12-01 13:29:00
489572,17611,2009-12-01 13:29:00
489573,15051,2009-12-01 13:29:00
489574,13097,2009-12-01 13:31:00
489575,13590,2009-12-01 13:37:00
489576,15984,2009-12-01 13:38:00
489579,16887,2009-12-01 13:41:00
489580,12921,2009-12-01 13:43:00
489581,15945,2009-12-01 13:47:00
489582,14543,2009-12-01 13:47:00
489584,18037,2009-12-01 13:48:00
489585,15662,2009-12-01 13:49:00
489586,15380,2009-12-01 13:50:00
489590,13110,2009-12-01 14:14:00
489593,12836,2009-12-01 14:19:00
489594,15005,2009-12-01 14:19:00
489598,16620,2009-12-01 14:35:00
489599,12758,2009-12-01 14:40:00
489606,17961,2009-12-01 14:48:00
489611,15601,2009-12-01 14:53:00
489613,13585,2009-12-01 14:56:00
489617,13442,2009-12-01 14:59:00
489634,13381,2009-12-01 15:19:00
489635,16763,2009-12-01 15:26:00
489637,17243,2009-12-01 15:36:00
489639,14865,2009-12-01 16:05:00
489640,17345,2009-12-01 16:17:00
489641,13819,2009-12-01 16:18:00
489644,15808,2009-12-01 16:30:00
489645,17191,2009-12-01 16:34:00
489650,13748,2009-12-01 16:44:00
489652,15265,2009-12-01 17:08:00
489654,15750,2009-12-01 17:19:00
489656,17428,2009-12-01 17:28:00
489657,17428,2009-12-01 17:28:00
489658,15485,2009-12-01 17:31:00
489661,17246,2009-12-01 17:45:00
489662,15485,2009-12-01 17:50:00
489664,14061,2009-12-01 18:03:00
489665,14108,2009-12-01 18:07:00
489666,13648,2009-12-01 18:13:00
489667,16563,2009-12-01 18:35:00
489668,16701,2009-12-01 19:19:00
489669,12842,2009-12-02 08:15:00
489670,14302,2009-12-02 08:16:00
489671,14135,2009-12-02 08:58:00
489672,14831,2009-12-02 09:21:00
489673,14831,2009-12-02 09:23:00
489674,15602,2009-12-02 09:35:00
489675,13777,2009-12-02 09:47:00
489676,13777,2009-12-02 09:49:00
489677,14000,2009-12-02 09:50:00
489678,16823,2009-12-02 09:57:00
489679,16163,2009-12-02 10:00:00
489680,17193,2009-12-02 10:02:00
489681,17998,2009-12-02 10:02:00
489682,15759,2009-12-02 10:08:00
489683,16131,2009-12-02 10:09:00
489684,14560,2009-12-02 10:15:00
489687,17087,2009-12-02 10:41:00
489688,14894,2009-12-02 10:42:00
489695,16202,2009-12-02 10:48:00
489699,16700,2009-12-02 10:51:00
489702,17511,2009-12-02 10:52:00
489705,16700,2009-12-02 10:52:00
489723,14299,2009-12-02 10:58:00
489725,17949,2009-12-02 11:07:00
489726,17949,2009-12-02 11:07:00
489727,17949,2009-12-02 11:09:00
489728,14799,2009-12-02 11:18:00
489733,15311,2009-12-02 11:20:00
489743,16550,2009-12-02 11:24:00
489748,12980,2009-12-02 11:26:00
489764,14425,2009-12-02 11:31:00
489765,15353,2009-12-02 11:33:00
489766,17818,2009-12-02 11:34:00
489780,13654,2009-12-02 11:43:00
489782,17189,2009-12-02 11:45:00
489783,13269,2009-12-02 11:47:00
489784,13269,2009-12-02 11:48:00
489785,14653,2009-12-02 11:51:00
489786,17019,2009-12-02 11:52:00
489787,15542,2009-12-02 11:53:00
489788,13564,2009-12-02 11:55:00
489789,15833,2009-12-02 11:59:00
489790,16467,2009-12-02 11:59:00
489791,15542,2009-12-02 12:06:00
489792,14527,2009-12-02 12:06:00
489793,17476,2009-12-02 12:09:00
489794,15287,2009-12-02 12:13:00
489795,14440,2009-12-02 12:13:00
489796,15680,2009-12-02 12:15:00
489797,15581,2009-12-02 12:19:00
489798,13740,2009-12-02 12:22:00
489800,17768,2009-12-02 12:26:00
489801,12948,2009-12-02 12:28:00
489802,15581,2009-12-02 12:32:00
489804,14667,2009-12-02 12:38:00
489805,17377,2009-12-02 12:39:00
489807,15581,2009-12-02 12:43:00
489808,14467,2009-12-02 12:44:00
489809,13457,2009-12-02 12:46:00
489810,18108,2009-12-02 12:47:00
489811,16210,2009-12-02 12:54:00
489812,17377,2009-12-02 13:00:00
489814,14669,2009-12-02 13:06:00
489815,17909,2009-12-02 13:10:00
489816,16086,2009-12-02 13:20:00
489817,16711,2009-12-02 13:22:00
489818,16233,2009-12-02 13:23:00
489819,14739,2009-12-02 13:23:00
489822,14204,2009-12-02 13:26:00
489823,17606,2009-12-02 13:32:00
489824,16797,2009-12-02 13:33:00
489825,16126,2009-12-02 13:34:00
489826,17867,2009-12-02 13:39:00
489827,17412,2009-12-02 13:51:00
489829,16525,2009-12-02 13:53:00
489830,13623,2009-12-02 13:57:00
489831,12435,2009-12-02 13:58:00
489832,14549,2009-12-02 14:06:00
489833,14980,2009-12-02 14:09:00
489834,14106,2009-12-02 14:09:00
489835,15061,2009-12-02 14:15:00
489837,14396,2009-12-02 14:21:00
489840,14122,2009-12-02 14:22:00
489855,16987,2009-12-02 14:34:00
489862,17809,2009-12-02 14:52:00
489863,15917,2009-12-02 14:55:00
489864,14987,2009-12-02 14:56:00
489865,14080,2009-12-02 15:01:00
489866,16200,2009-12-02 15:04:00
489868,15794,2009-12-02 15:10:00
489869,16200,2009-12-02 15:15:00
489870,15523,2009-12-02 15:16:00
489871,15523,2009-12-02 15:17:00
489872,15615,2009-12-02 15:28:00
489873,15615,2009-12-02 15:29:00
489874,18001,2009-12-02 15:38:00
489875,17841,2009-12-02 15:41:00
489876,15917,2009-12-02 15:44:00
489877,13089,2009-12-02 15:44:00
489878,15989,2009-12-02 15:51:00
489879,17660,2009-12-02 16:02:00
489880,13313,2009-12-02 16:18:00
489883,12437,2009-12-02 16:24:00
489884,13313,2009-12-02 16:24:00
489888,14841,2009-12-02 16:49:00
489889,14646,2009-12-02 16:52:00
489890,14646,2009-12-02 16:53:00
489891,15482,2009-12-02 16:59:00
489893,16156,2009-12-02 17:06:00
489894,17716,2009-12-02 17:18:00
489895,12779,2009-12-03 07:25:00
489896,13611,2009-12-03 07:57:00
489897,15255,2009-12-03 09:10:00
489900,14771,2009-12-03 09:44:00
489902,14838,2009-12-03 09:52:00
489904,13979,2009-12-03 10:02:00
489905,13800,2009-12-03 10:03:00
489906,14483,2009-12-03 10:16:00
489907,14915,2009-12-03 10:17:00
489908,16301,2009-12-03 10:20:00
489909,13753,2009-12-03 10:20:00
489910,15482,2009-12-03 10:23:00
489912,13931,2009-12-03 10:26:00
489913,13931,2009-12-03 10:28:00
489914,12921,2009-12-03 10:28:00
489915,17035,2009-12-03 10:37:00
489916,15194,2009-12-03 10:37:00
489932,14347,2009-12-03 10:49:00
489935,12934,2009-12-03 10:51:00
489994,15291,2009-12-03 11:09:00
489996,17209,2009-12-03 11:10:00
489998,15658,2009-12-03 11:19:00
489999,17314,2009-12-03 11:25:00
490000,17155,2009-12-03 11:34:00
490001,15965,2009-12-03 11:45:00
490002,17322,2009-12-03 11:46:00
490003,16159,2009-12-03 11:51:00
490004,14051,2009-12-03 11:53:00
490005,13993,2009-12-03 11:57:00
490006,17411,2009-12-03 12:02:00
490008,15768,2009-12-03 12:10:00
490009,12835,2009-12-03 12:13:00
490010,15061,2009-12-03 12:15:00
490011,16918,2009-12-03 12:27:00
490012,15179,2009-12-03 12:27:00
490013,17069,2009-12-03 12:27:00
490014,15466,2009-12-03 12:28:00
490017,14159,2009-12-03 12:31:00
490018,17940,2009-12-03 12:31:00
490019,17581,2009-12-03 12:34:00
490020,17581,2009-12-03 12:36:00
490021,17581,2009-12-03 12:36:00
490022,17581,2009-12-03 12:37:00
490023,16168,2009-12-03 12:38:00
490024,14606,2009-12-03 12:40:00
490034,17287,2009-12-03 12:45:00
490045,17287,2009-12-03 12:50:00
490046,13416,2009-12-03 13:02:00
490047,17913,2009-12-03 13:02:00
490048,16779,2009-12-03 13:03:00
490049,15794,2009-12-03 13:04:00
490050,17913,2009-12-03 13:05:00
490052,13895,2009-12-03 13:09:00
490053,14057,2009-12-03 13:17:00
490054,17017,2009-12-03 13:22:00
490056,13208,2009-12-03 13:25:00
490057,17465,2009-12-03 13:25:00
490058,17465,2009-12-03 13:26:00
490059,18102,2009-12-03 13:30:00
490060,13468,2009-12-03 13:32:00
490061,18102,2009-12-03 13:42:00
490062,13485,2009-12-03 13:46:00
490063,17271,2009-12-03 13:49:00
490064,16139,2009-12-03 13:51:00
490065,15061,2009-12-03 13:58:00
490066,15953,2009-12-03 14:00:00
490067,15856,2009-12-03 14:02:00
490068,13085,2009-12-03 14:06:00
490069,13085,2009-12-03 14:07:00
490070,14967,2009-12-03 14:07:00
490071,16497,2009-12-03 14:11:00
490072,17764,2009-12-03 14:28:00
490073,14905,2009-12-03 14:36:00
490075,18229,2009-12-03 14:42:00
490077,17293,2009-12-03 15:09:00
490078,17853,2009-12-03 15:09:00
490079,15550,2009-12-03 15:15:00
490080,13531,2009-12-03 15:20:00
490081,13786,2009-12-03 15:32:00
490082,14952,2009-12-03 15:34:00
490083,14031,2009-12-03 15:35:00
490085,12937,2009-12-03 15:43:00
490086,17949,2009-12-03 15:48:00
490087,15601,2009-12-03 15:49:00
490088,15581,2009-12-03 15:50:00
490089,17949,2009-12-03 15:52:00
490090,15581,2009-12-03 15:53:00
490091,17949,2009-12-03 15:54:00
490092,16612,2009-12-03 15:54:00
490093,12949,2009-12-03 15:56:00
490094,17949,2009-12-03 15:56:00
490095,14958,2009-12-03 16:02:00
490097,17329,2009-12-03 16:09:00
490099,16736,2009-12-03 16:12:00
490100,13001,2009-12-03 16:21:00
490101,14644,2009-12-03 16:24:00
490106,14898,2009-12-03 16:40:00
490107,14662,2009-12-03 16:47:00
490108,17414,2009-12-03 16:49:00
490109,14755,2009-12-03 16:51:00
490110,14755,2009-12-03 16:52:00
490111,17576,2009-12-03 16:54:00
490112,13037,2009-12-03 17:04:00
490113,14710,2009-12-03 17:12:00
490114,18168,2009-12-03 17:29:00
490115,17679,2009-12-03 17:32:00
490116,17679,2009-12-03 17:33:00
490118,17851,2009-12-03 17:46:00
490119,12931,2009-12-03 17:48:00
490121,14750,2009-12-03 17:57:00
490124,16791,2009-12-03 18:08:00
490125,16558,2009-12-03 18:11:00
490127,14156,2009-12-03 18:13:00
490128,15884,2009-12-03 18:23:00
490132,17343,2009-12-03 18:30:00
490134,17372,2009-12-03 18:41:00
490135,16003,2009-12-03 18:51:00
490136,17432,2009-12-03 19:13:00
490137,14713,2009-12-03 19:22:00
490138,16722,2009-12-03 19:23:00
490139,12577,2009-12-03 19:31:00
490140,12872,2009-12-03 20:03:00
490141,15755,2009-12-04 08:24:00
490142,14258,2009-12-04 08:36:00
490143,14286,2009-12-04 08:40:00
490144,13154,2009-12-04 08:46:00
490145,14564,2009-12-04 09:27:00
490147,13408,2009-12-04 09:31:00
490151,16645,2009-12-04 09:49:00
490152,12714,2009-12-04 10:00:00
490154,16335,2009-12-04 10:18:00
490156,13093,2009-12-04 10:32:00
490157,16736,2009-12-04 10:39:00
490158,12759,2009-12-04 10:47:00
490159,13666,2009-12-04 10:48:00
490160,13777,2009-12-04 10:52:00
490161,17160,2009-12-04 10:57:00
490162,13946,2009-12-04 11:07:00
490163,14723,2009-12-04 11:22:00
490164,14961,2009-12-04 11:32:00
490166,14735,2009-12-04 11:32:00
490167,18061,2009-12-04 11:36:00
490171,15581,2009-12-04 11:54:00
490202,15078,2009-12-04 12:03:00
490209,17389,2009-12-04 12:06:00
490212,16883,2009-12-04 12:07:00
490214,13175,2009-12-04 12:11:00
490218,17076,2009-12-04 12:12:00
490219,13948,2009-12-04 12:14:00
490229,18223,2009-12-04 12:20:00
490247,16192,2009-12-04 12:28:00
490258,15999,2009-12-04 12:31:00
490266,15109,2009-12-04 12:33:00
490272,14680,2009-12-04 12:36:00
490277,18092,2009-12-04 12:37:00
490279,16891,2009-12-04 12:37:00
490281,13481,2009-12-04 12:37:00
490282,13807,2009-12-04 12:41:00
490284,14979,2009-12-04 12:54:00
490285,16656,2009-12-04 12:59:00
490286,14527,2009-12-04 12:59:00
490287,16746,2009-12-04 13:00:00
490288,17157,2009-12-04 13:00:00
490289,15309,2009-12-04 13:01:00
490290,16325,2009-12-04 13:21:00
490291,16541,2009-12-04 13:22:00
490292,16723,2009-12-04 13:23:00
490293,16699,2009-12-04 13:31:00
490294,16710,2009-12-04 13:41:00
490295,12510,2009-12-04 13:47:00
490297,13162,2009-12-04 13:59:00
490298,15382,2009-12-04 14:13:00
490299,13680,2009-12-04 14:14:00
490300,12970,2009-12-04 14:19:00
490301,15311,2009-12-04 14:24:00
490302,17841,2009-12-04 14:29:00
490303,17935,2009-12-04 14:33:00
490304,17593,2009-12-04 14:35:00
490305,17243,2009-12-04 14:37:00
490308,12835,2009-12-04 14:52:00
490310,17151,2009-12-04 14:56:00
490311,16451,2009-12-04 15:11:00
490312,17961,2009-12-04 15:16:00
490313,17127,2009-12-04 15:18:00
490320,13694,2009-12-04 15:26:00
490323,14087,2009-12-04 15:27:00
490324,13694,2009-12-04 15:27:00
490326,13733,2009-12-04 15:28:00
490327,13694,2009-12-04 15:29:00
490331,18181,2009-12-04 15:30:00
490340,13174,2009-12-04 15:40:00
490341,13329,2009-12-04 15:41:00
490342,17421,2009-12-04 15:43:00
490346,16351,2009-12-04 16:12:00
490347,15684,2009-12-04 16:13:00
490349,17884,2009-12-04 16:23:00
490353,15514,2009-12-04 16:37:00
490355,13093,2009-12-04 16:39:00
490356,17884,2009-12-04 16:45:00
490359,18225,2009-12-04 16:52:00
490360,13679,2009-12-04 16:52:00
490362,12748,2009-12-04 17:31:00
490363,13199,2009-12-05 10:11:00
490364,13487,2009-12-05 10:25:00
490365,17018,2009-12-05 10:27:00
490366,18071,2009-12-05 10:31:00
490367,16593,2009-12-05 10:44:00
490368,14238,2009-12-05 10:58:00
490369,15223,2009-12-05 11:19:00
490370,17593,2009-12-05 12:01:00
490371,13021,2009-12-05 12:02:00
490372,17115,2009-12-05 12:13:00
490373,17850,2009-12-05 12:28:00
490374,14239,2009-12-05 12:36:00
490375,13999,2009-12-05 12:42:00
490376,13958,2009-12-05 13:12:00
490377,13958,2009-12-05 13:13:00
490378,13641,2009-12-05 13:17:00
490380,17850,2009-12-05 13:26:00
490381,15420,2009-12-05 13:29:00
490382,12359,2009-12-05 13:32:00
490383,12820,2009-12-05 13:37:00
490385,16410,2009-12-05 14:51:00
490386,15240,2009-12-05 14:57:00
490387,17850,2009-12-05 14:59:00
490388,16158,2009-12-05 15:00:00
490389,15484,2009-12-05 15:18:00
490390,14709,2009-12-05 15:26:00
490391,15057,2009-12-05 15:27:00
490392,14867,2009-12-05 15:47:00
490393,17642,2009-12-05 16:01:00
490394,17850,2009-12-05 16:01:00
490395,13813,2009-12-06 10:16:00
490396,13589,2009-12-06 10:26:00
490397,12417,2009-12-06 10:30:00
490398,17920,2009-12-06 10:37:00
490399,12975,2009-12-06 10:38:00
490400,16104,2009-12-06 10:41:00
490401,17150,2009-12-06 10:51:00
490403,17920,2009-12-06 11:13:00
490404,16277,2009-12-06 11:27:00
490405,17244,2009-12-06 11:27:00
490408,17850,2009-12-06 11:33:00
490430,15260,2009-12-06 11:45:00
490458,12583,2009-12-06 11:57:00
490459,15555,2009-12-06 11:58:00
490461,13736,2009-12-06 12:07:00
490463,14133,2009-12-06 12:10:00
490464,15571,2009-12-06 12:10:00
490465,13448,2009-12-06 12:14:00
490466,17085,2009-12-06 12:16:00
490467,15059,2009-12-06 12:17:00
490468,14468,2009-12-06 12:21:00
490470,16395,2009-12-06 12:26:00
490471,15878,2009-12-06 12:28:00
490472,16485,2009-12-06 12:28:00
490473,15860,2009-12-06 12:31:00
490474,13373,2009-12-06 12:34:00
490476,14608,2009-12-06 12:34:00
490477,17850,2009-12-06 12:41:00
490478,14896,2009-12-06 12:42:00
490479,16779,2009-12-06 12:42:00
490481,16964,2009-12-06 12:51:00
490482,15983,2009-12-06 12:52:00
490483,13782,2009-12-06 12:52:00
490484,16964,2009-12-06 12:53:00
490485,14454,2009-12-06 12:56:00
490486,16779,2009-12-06 13:00:00
490487,14717,2009-12-06 13:05:00
490488,16718,2009-12-06 13:07:00
490489,15751,2009-12-06 13:08:00
490490,14546,2009-12-06 13:10:00
490491,17848,2009-12-06 13:19:00
490493,15751,2009-12-06 13:21:00
490494,17561,2009-12-06 13:29:00
490496,15547,2009-12-06 13:40:00
490499,17406,2009-12-06 13:45:00
490500,14479,2009-12-06 13:48:00
490501,16710,2009-12-06 13:49:00
490502,17969,2009-12-06 13:53:00
490503,14548,2009-12-06 14:00:00
490504,15311,2009-12-06 14:03:00
490505,14548,2009-12-06 14:06:00
490506,17916,2009-12-06 14:10:00
490508,17850,2009-12-06 14:14:00
490511,13319,2009-12-06 14:46:00
490512,14606,2009-12-06 14:54:00
490514,16773,2009-12-06 15:01:00
490515,15479,2009-12-06 15:08:00
490516,17850,2009-12-06 15:09:00
490518,15822,2009-12-06 15:12:00
490519,13890,2009-12-06 15:15:00
490521,13211,2009-12-06 15:24:00
490522,15641,2009-12-06 15:31:00
490524,14123,2009-12-06 15:35:00
490525,13019,2009-12-06 15:40:00
490526,17858,2009-12-06 15:41:00
490527,14940,2009-12-06 15:46:00
490528,16686,2009-12-06 15:48:00
490529,16686,2009-12-06 15:51:00
490530,15691,2009-12-06 16:01:00
490531,16436,2009-12-06 16:02:00
490533,17610,2009-12-06 16:07:00
490534,17530,2009-12-06 16:17:00
490535,17850,2009-12-07 08:13:00
490536,13491,2009-12-07 08:24:00
490537,14003,2009-12-07 08:53:00
490538,17850,2009-12-07 09:14:00
490539,12839,2009-12-07 09:18:00
490542,14911,2009-12-07 09:42:00
490545,17557,2009-12-07 10:15:00
490547,14738,2009-12-07 10:21:00
490548,17850,2009-12-07 10:26:00
490557,16124,2009-12-07 10:33:00
490561,15260,2009-12-07 10:38:00
490563,12471,2009-12-07 10:41:00
490564,12471,2009-12-07 10:42:00
490569,17739,2009-12-07 10:48:00
490577,16556,2009-12-07 10:51:00
490603,14695,2009-12-07 11:05:00
490604,14828,2009-12-07 11:19:00
490605,15115,2009-12-07 11:20:00
490606,17850,2009-12-07 11:26:00
490607,13693,2009-12-07 11:29:00
490608,14955,2009-12-07 11:35:00
490609,14037,2009-12-07 11:39:00
490610,18077,2009-12-07 11:40:00
490611,13905,2009-12-07 11:41:00
490612,17508,2009-12-07 11:46:00
490613,16768,2009-12-07 11:47:00
490616,13984,2009-12-07 11:51:00
490618,13984,2009-12-07 11:52:00
490625,14543,2009-12-07 11:55:00
490636,13564,2009-12-07 12:08:00
490637,13495,2009-12-07 12:12:00
490638,13190,2009-12-07 12:13:00
490640,14408,2009-12-07 12:18:00
490641,17707,2009-12-07 12:19:00
490642,15358,2009-12-07 12:19:00
490653,17044,2009-12-07 12:25:00
490657,14471,2009-12-07 12:26:00
490659,17850,2009-12-07 12:26:00
490665,17436,2009-12-07 12:31:00
490667,13234,2009-12-07 12:32:00
490668,16525,2009-12-07 12:41:00
490669,15716,2009-12-07 12:42:00
490670,14574,2009-12-07 12:42:00
490671,16684,2009-12-07 12:56:00
490672,16684,2009-12-07 12:58:00
490673,14540,2009-12-07 13:00:00
490674,14307,2009-12-07 13:06:00
490675,14695,2009-12-07 13:07:00
490676,17850,2009-12-07 13:17:00
490677,18219,2009-12-07 13:17:00
490678,12747,2009-12-07 13:23:00
490679,18162,2009-12-07 13:24:00
490680,17441,2009-12-07 13:32:00
490681,17988,2009-12-07 13:35:00
490682,12600,2009-12-07 13:37:00
490683,17865,2009-12-07 13:45:00
490684,12523,2009-12-07 13:46:00
490685,13206,2009-12-07 13:48:00
490686,14512,2009-12-07 13:49:00
490687,14911,2009-12-07 13:49:00
490689,17865,2009-12-07 13:52:00
490690,16353,2009-12-07 13:55:00
490691,16353,2009-12-07 13:56:00
490692,16018,2009-12-07 13:57:00
490693,14670,2009-12-07 13:59:00
490694,13089,2009-12-07 14:02:00
490695,14590,2009-12-07 14:10:00
490697,17850,2009-12-07 14:27:00
490703,13070,2009-12-07 14:44:00
490704,17457,2009-12-07 14:52:00
490705,12913,2009-12-07 14:56:00
490706,17865,2009-12-07 14:58:00
490707,17865,2009-12-07 15:02:00
490708,15421,2009-12-07 15:10:00
490709,17884,2009-12-07 15:15:00
490710,17990,2009-12-07 15:19:00
490711,17841,2009-12-07 15:26:00
490712,13148,2009-12-07 15:26:00
490714,17841,2009-12-07 15:27:00
490717,17364,2009-12-07 15:28:00
490718,12443,2009-12-07 15:42:00
490719,13042,2009-12-07 15:42:00
490720,15694,2009-12-07 15:43:00
490722,16717,2009-12-07 15:55:00
490724,13767,2009-12-07 16:17:00
490725,13694,2009-12-07 16:24:00
490726,13694,2009-12-07 16:28:00
490727,17231,2009-12-07 16:38:00
490728,16702,2009-12-07 16:40:00
490733,12540,2009-12-07 16:56:00
490734,13267,2009-12-07 16:56:00
490737,17270,2009-12-07 17:18:00
490738,16436,2009-12-07 17:49:00
490747,13393,2009-12-07 18:12:00
490749,14113,2009-12-08 07:42:00
490750,15369,2009-12-08 07:43:00
490751,12358,2009-12-08 07:59:00
490752,18259,2009-12-08 08:38:00
490753,17047,2009-12-08 08:48:00
490754,14136,2009-12-08 09:19:00
490755,16735,2009-12-08 09:24:00
490757,14215,2009-12-08 09:35:00
490759,15971,2009-12-08 09:46:00
490760,14295,2009-12-08 09:49:00
490761,13382,2009-12-08 09:56:00
490762,13025,2009-12-08 10:02:00
490763,16013,2009-12-08 10:24:00
490764,14558,2009-12-08 10:41:00
490767,18002,2009-12-08 11:07:00
490769,16013,2009-12-08 11:13:00
490770,17854,2009-12-08 11:13:00
490782,15079,2009-12-08 11:22:00
490785,16029,2009-12-08 11:23:00
490786,15079,2009-12-08 11:23:00
490789,18271,2009-12-08 11:27:00
490796,14290,2009-12-08 11:44:00
490797,17268,2009-12-08 11:46:00
490800,14735,2009-12-08 11:56:00
490801,16029,2009-12-08 12:03:00
490802,17067,2009-12-08 12:03:00
490803,17067,2009-12-08 12:04:00
490804,16560,2009-12-08 12:05:00
490805,14861,2009-12-08 12:12:00
490806,13485,2009-12-08 12:13:00
490808,17371,2009-12-08 12:25:00
490809,13408,2009-12-08 12:27:00
490810,13408,2009-12-08 12:29:00
490811,18145,2009-12-08 12:30:00
490817,15311,2009-12-08 12:33:00
490823,14841,2009-12-08 12:34:00
490834,16400,2009-12-08 12:38:00
490836,17988,2009-12-08 12:39:00
490838,17371,2009-12-08 12:41:00
490846,17155,2009-12-08 12:46:00
490847,15093,2009-12-08 12:46:00
490851,13643,2009-12-08 12:48:00
490855,13777,2009-12-08 12:49:00
490863,17852,2009-12-08 12:51:00
490871,15456,2009-12-08 12:54:00
490881,16210,2009-12-08 12:58:00
490893,13571,2009-12-08 13:02:00
490899,16732,2009-12-08 13:04:00
490905,16940,2009-12-08 13:08:00
490917,15162,2009-12-08 13:14:00
490920,18203,2009-12-08 13:19:00
490921,16163,2009-12-08 13:24:00
490922,14494,2009-12-08 13:25:00
490924,17978,2009-12-08 13:27:00
490925,13078,2009-12-08 13:28:00
490926,15031,2009-12-08 13:38:00
490927,17230,2009-12-08 13:41:00
490928,14085,2009-12-08 13:41:00
490930,13410,2009-12-08 13:43:00
490932,14085,2009-12-08 13:44:00
490933,14063,2009-12-08 13:46:00
490936,12785,2009-12-08 13:56:00
490937,13081,2009-12-08 13:58:00
490938,14605,2009-12-08 13:59:00
490940,14605,2009-12-08 14:01:00
490941,14527,2009-12-08 14:03:00
490944,14285,2009-12-08 14:13:00
490945,16892,2009-12-08 14:20:00
490948,16805,2009-12-08 14:29:00
490953,13204,2009-12-08 14:56:00
490954,15924,2009-12-08 15:00:00
490956,15413,2009-12-08 15:10:00
490957,15823,2009-12-08 15:12:00
490958,13576,2009-12-08 15:12:00
490959,12682,2009-12-08 15:14:00
490961,14108,2009-12-08 15:25:00
490962,15061,2009-12-08 15:45:00
490964,14646,2009-12-08 16:09:00
490966,17178,2009-12-08 16:20:00
490968,13798,2009-12-08 16:21:00
490971,18275,2009-12-08 16:23:00
490972,14911,2009-12-08 16:40:00
490978,17329,2009-12-08 16:43:00
490981,13855,2009-12-08 16:56:00
490982,17329,2009-12-08 16:57:00
490984,15298,2009-12-08 17:04:00
490989,15674,2009-12-08 17:08:00
490990,14606,2009-12-08 17:10:00
490992,14679,2009-12-08 17:13:00
490998,16253,2009-12-08 17:24:00
490999,13883,2009-12-08 17:26:00
491006,13557,2009-12-08 17:41:00
491007,16204,2009-12-08 17:44:00
491008,15633,2009-12-08 17:51:00
491009,15203,2009-12-08 18:06:00
491010,15194,2009-12-08 18:07:00
491011,16210,2009-12-08 18:18:00
491014,13136,2009-12-08 18:30:00
491024,17157,2009-12-08 19:00:00
491025,17157,2009-12-08 19:02:00
491026,15181,2009-12-08 19:02:00
491033,17188,2009-12-08 19:16:00
491034,13491,2009-12-09 07:01:00
491035,13455,2009-12-09 08:58:00
491038,13097,2009-12-09 09:34:00
491039,15291,2009-12-09 09:36:00
491044,13114,2009-12-09 09:56:00
491045,12747,2009-12-09 10:02:00
491048,13768,2009-12-09 10:25:00
491049,14135,2009-12-09 10:41:00
491050,12712,2009-12-09 10:46:00
491051,14291,2009-12-09 10:46:00
491054,13202,2009-12-09 10:48:00
491055,14732,2009-12-09 10:48:00
491056,17428,2009-12-09 11:01:00
491057,14239,2009-12-09 11:31:00
491058,16945,2009-12-09 11:33:00
491059,12487,2009-12-09 11:36:00
491060,17929,2009-12-09 11:40:00
491061,13672,2009-12-09 11:40:00
491062,12948,2009-12-09 11:46:00
491063,16771,2009-12-09 11:52:00
491064,16782,2009-12-09 11:58:00
491067,18051,2009-12-09 12:17:00
491068,15768,2009-12-09 12:18:00
491069,12921,2009-12-09 12:30:00
491070,16912,2009-12-09 12:32:00
491071,12924,2009-12-09 12:40:00
491072,12924,2009-12-09 12:42:00
491073,15403,2009-12-09 12:45:00
491074,14173,2009-12-09 12:46:00
491075,14211,2009-12-09 12:48:00
491077,14593,2009-12-09 12:57:00
491078,16802,2009-12-09 13:00:00
491079,14295,2009-12-09 13:06:00
491081,15302,2009-12-09 13:11:00
491082,16709,2009-12-09 13:16:00
491083,17954,2009-12-09 13:22:00
491085,13727,2009-12-09 13:25:00
491086,15911,2009-12-09 13:26:00
491089,14990,2009-12-09 13:31:00
491090,13141,2009-12-09 13:34:00
491091,16705,2009-12-09 13:34:00
491092,13680,2009-12-09 13:44:00
491093,12709,2009-12-09 13:49:00
491094,12709,2009-12-09 13:49:00
491095,14171,2009-12-09 13:50:00
491096,13983,2009-12-09 13:53:00
491097,17296,2009-12-09 14:01:00
491098,14080,2009-12-09 14:02:00
491100,17631,2009-12-09 14:15:00
491101,17449,2009-12-09 14:16:00
491102,17184,2009-12-09 14:17:00
491103,14107,2009-12-09 14:20:00
491104,12917,2009-12-09 14:22:00
491105,16755,2009-12-09 14:25:00
491109,13825,2009-12-09 14:30:00
491111,15005,2009-12-09 14:38:00
491112,13770,2009-12-09 14:44:00
491113,14505,2009-12-09 14:48:00
491116,15441,2009-12-09 14:55:00
491118,16933,2009-12-09 15:03:00
491122,13426,2009-12-09 15:16:00
491123,17043,2009-12-09 15:20:00
491124,13498,2009-12-09 15:26:00
491125,15311,2009-12-09 15:28:00
491126,16186,2009-12-09 15:36:00
491127,18065,2009-12-09 16:00:00
491129,18065,2009-12-09 16:01:00
491131,16395,2009-12-09 16:03:00
491132,17880,2009-12-09 16:13:00
491133,13848,2009-12-09 16:17:00
491136,16746,2009-12-09 16:24:00
491138,16168,2009-12-09 16:26:00
491143,16029,2009-12-09 16:50:00
491144,15077,2009-12-09 17:10:00
491145,13728,2009-12-09 17:13:00
491146,15209,2009-12-09 17:26:00
491147,14710,2009-12-09 17:27:00
491148,15061,2009-12-10 07:43:00
491149,15841,2009-12-10 08:29:00
491150,16525,2009-12-10 08:30:00
491151,14134,2009-12-10 09:25:00
491152,15465,2009-12-10 09:42:00
491153,16143,2009-12-10 09:44:00
491154,17603,2009-12-10 09:44:00
491158,15523,2009-12-10 10:17:00
491159,15311,2009-12-10 10:27:00
491160,14911,2009-12-10 10:29:00
491161,14942,2009-12-10 10:32:00
491163,13693,2009-12-10 10:42:00
491164,15581,2009-12-10 10:47:00
491165,14293,2009-12-10 10:57:00
491169,12417,2009-12-10 11:25:00
491170,17861,2009-12-10 11:27:00
491171,15039,2009-12-10 11:39:00
491172,16843,2009-12-10 11:40:00
491173,15858,2009-12-10 11:42:00
491174,17388,2009-12-10 11:45:00
491175,15085,2009-12-10 11:47:00
491176,13091,2009-12-10 11:50:00
491177,15642,2009-12-10 11:51:00
491178,14099,2009-12-10 11:55:00
491180,15719,2009-12-10 12:03:00
491181,15854,2009-12-10 12:08:00
491182,13019,2009-12-10 12:10:00
491183,12978,2009-12-10 12:10:00
491184,17027,2009-12-10 12:10:00
491185,17377,2009-12-10 12:21:00
491186,15889,2009-12-10 12:21:00
491187,16748,2009-12-10 12:28:00
491188,17377,2009-12-10 12:30:00
491189,14113,2009-12-10 12:32:00
491191,16459,2009-12-10 12:42:00
491192,14527,2009-12-10 12:44:00
491193,13091,2009-12-10 12:44:00
491194,13173,2009-12-10 12:52:00
491195,15805,2009-12-10 12:57:00
491196,15912,2009-12-10 12:58:00
491197,15912,2009-12-10 13:03:00
491198,16596,2009-12-10 13:09:00
491199,15912,2009-12-10 13:12:00
491200,16663,2009-12-10 13:12:00
491201,12989,2009-12-10 13:27:00
491203,16985,2009-12-10 13:34:00
491204,14648,2009-12-10 13:59:00
491205,16779,2009-12-10 14:07:00
491207,17884,2009-12-10 14:13:00
491209,15573,2009-12-10 14:19:00
491210,15367,2009-12-10 14:20:00
491211,14895,2009-12-10 14:22:00
491212,14062,2009-12-10 14:28:00
491226,15157,2009-12-10 14:44:00
491235,15623,2009-12-10 14:46:00
491238,16011,2009-12-10 14:48:00
491240,13831,2009-12-10 14:50:00
491247,14626,2009-12-10 14:57:00
491314,15032,2009-12-10 15:27:00
491317,16670,2009-12-10 15:28:00
491318,14608,2009-12-10 15:30:00
491319,15882,2009-12-10 15:33:00
491320,15380,2009-12-10 15:35:00
491321,17032,2009-12-10 15:36:00
491340,12979,2009-12-10 15:45:00
491356,15738,2009-12-10 15:52:00
491358,14590,2009-12-10 15:52:00
491368,14043,2009-12-10 15:56:00
491385,17675,2009-12-10 16:10:00
491394,15916,2009-12-10 16:21:00
491395,16901,2009-12-10 16:30:00
491396,17610,2009-12-10 16:35:00
491397,12933,2009-12-10 16:39:00
491399,14507,2009-12-10 17:04:00
491400,17696,2009-12-10 17:09:00
491401,18276,2009-12-10 17:14:00
491403,14030,2009-12-10 17:27:00
491405,15823,2009-12-10 18:03:00
491406,14081,2009-12-10 18:27:00
491407,14030,2009-12-10 18:36:00
491408,17351,2009-12-10 18:43:00
491421,16798,2009-12-10 19:35:00
491422,17512,2009-12-10 19:35:00
491424,13542,2009-12-10 19:53:00
491425,16905,2009-12-10 20:04:00
491426,15494,2009-12-10 20:16:00
491427,14702,2009-12-10 20:22:00
491429,17165,2009-12-11 09:18:00
491431,15769,2009-12-11 09:58:00
491432,16293,2009-12-11 09:58:00
491433,18172,2009-12-11 09:58:00
491434,17412,2009-12-11 10:08:00
491435,14606,2009-12-11 10:10:00
491436,14606,2009-12-11 10:12:00
491437,13408,2009-12-11 10:12:00
491438,18268,2009-12-11 10:27:00
491439,15291,2009-12-11 10:31:00
491440,16029,2009-12-11 10:31:00
491442,16156,2009-12-11 10:32:00
491443,15311,2009-12-11 10:37:00
491444,14122,2009-12-11 10:37:00
491445,14519,2009-12-11 10:40:00
491447,14191,2009-12-11 10:48:00
491448,15983,2009-12-11 10:54:00
491449,17230,2009-12-11 10:58:00
491450,14739,2009-12-11 11:06:00
491452,17238,2009-12-11 11:10:00
491453,17238,2009-12-11 11:15:00
491454,13077,2009-12-11 11:17:00
491456,18102,2009-12-11 11:22:00
491457,15998,2009-12-11 11:26:00
491462,17243,2009-12-11 11:38:00
491463,17243,2009-12-11 11:39:00
491464,17209,2009-12-11 11:41:00
491465,14643,2009-12-11 11:52:00
491468,12957,2009-12-11 12:01:00
491474,14577,2009-12-11 12:09:00
491479,14680,2009-12-11 12:11:00
491497,17409,2009-12-11 12:17:00
491498,12835,2009-12-11 12:17:00
491506,16470,2009-12-11 12:21:00
491508,16191,2009-12-11 12:24:00
491516,14895,2009-12-11 12:28:00
491528,17344,2009-12-11 12:31:00
491554,16365,2009-12-11 12:41:00
491555,15194,2009-12-11 12:45:00
491570,13418,2009-12-11 12:51:00
491584,12854,2009-12-11 12:55:00
491586,15197,2009-12-11 12:56:00
491587,13953,2009-12-11 12:58:00
491603,17243,2009-12-11 13:31:00
491607,17293,2009-12-11 13:36:00
491612,14298,2009-12-11 13:49:00
491613,16952,2009-12-11 13:52:00
491622,13415,2009-12-11 14:20:00
491625,13668,2009-12-11 14:28:00
491627,13819,2009-12-11 14:33:00
491629,14790,2009-12-11 14:37:00
491630,17851,2009-12-11 14:39:00
491631,17487,2009-12-11 15:06:00
491633,17958,2009-12-11 15:37:00
491634,17841,2009-12-11 15:40:00
491635,14298,2009-12-11 15:46:00
491636,17754,2009-12-11 15:52:00
491637,15984,2009-12-11 15:55:00
491640,15898,2009-12-11 16:11:00
491642,14130,2009-12-11 16:33:00
491643,15856,2009-12-11 16:46:00
491644,17860,2009-12-11 16:48:00
491645,17860,2009-12-11 16:54:00
491646,14031,2009-12-11 17:00:00
491647,14031,2009-12-11 17:04:00
491648,17243,2009-12-13 09:58:00
491649,12664,2009-12-13 10:28:00
491651,13768,2009-12-13 10:41:00
491652,16335,2009-12-13 10:48:00
491653,18077,2009-12-13 10:50:00
491654,16104,2009-12-13 10:54:00
491655,16104,2009-12-13 10:56:00
491656,16719,2009-12-13 10:59:00
491658,16442,2009-12-13 11:05:00
491659,13317,2009-12-13 11:11:00
491660,15196,2009-12-13 11:14:00
491661,15956,2009-12-13 11:16:00
491662,15169,2009-12-13 11:16:00
491663,15860,2009-12-13 11:23:00
491664,15983,2009-12-13 11:28:00
491665,14685,2009-12-13 11:32:00
491666,13026,2009-12-13 11:34:00
491667,15503,2009-12-13 11:34:00
491668,15144,2009-12-13 11:35:00
491669,12843,2009-12-13 11:41:00
491670,13089,2009-12-13 11:43:00
491671,14161,2009-12-13 11:46:00
491672,17172,2009-12-13 11:46:00
491673,17085,2009-12-13 11:49:00
491674,17593,2009-12-13 12:04:00
491675,16710,2009-12-13 12:04:00
491677,14685,2009-12-13 12:10:00
491678,16830,2009-12-13 12:11:00
491679,16127,2009-12-13 12:19:00
491680,14987,2009-12-13 12:22:00
491681,15751,2009-12-13 12:31:00
491682,15751,2009-12-13 12:32:00
491683,17539,2009-12-13 12:36:00
491684,17287,2009-12-13 12:42:00
491685,17287,2009-12-13 12:43:00
491686,17920,2009-12-13 12:50:00
491687,15944,2009-12-13 12:57:00
491688,14606,2009-12-13 13:03:00
491690,13206,2009-12-13 13:09:00
491691,17211,2009-12-13 13:17:00
491692,14514,2009-12-13 13:21:00
491694,17066,2009-12-13 13:24:00
491695,15850,2009-12-13 13:27:00
491696,17290,2009-12-13 13:28:00
491697,13735,2009-12-13 13:31:00
491698,12681,2009-12-13 13:31:00
491699,15628,2009-12-13 13:39:00
491700,17802,2009-12-13 13:39:00
491701,15446,2009-12-13 13:53:00
491703,14525,2009-12-13 14:01:00
491704,14751,2009-12-13 14:08:00
491706,17802,2009-12-13 14:10:00
491707,17969,2009-12-13 14:38:00
491708,14685,2009-12-13 14:40:00
491709,12600,2009-12-13 14:51:00
491710,12683,2009-12-13 15:01:00
491711,13087,2009-12-13 15:16:00
491712,15562,2009-12-13 15:17:00
491713,17819,2009-12-13 15:24:00
491714,16409,2009-12-13 15:38:00
491715,14277,2009-12-13 15:43:00
491716,14466,2009-12-13 15:44:00
491717,16725,2009-12-13 15:54:00
491718,16325,2009-12-13 15:55:00
491719,17799,2009-12-13 16:03:00
491720,17910,2009-12-13 16:04:00
491721,14898,2009-12-13 16:05:00
491722,16551,2009-12-13 16:12:00
491724,15577,2009-12-13 16:17:00
491725,12346,2009-12-14 08:34:00
491726,12439,2009-12-14 08:40:00
491729,13462,2009-12-14 09:48:00
491730,13872,2009-12-14 09:56:00
491731,18087,2009-12-14 09:59:00
491733,18087,2009-12-14 10:01:00
491734,13093,2009-12-14 10:24:00
491735,15550,2009-12-14 10:27:00
491736,13013,2009-12-14 10:34:00
491737,14977,2009-12-14 10:37:00
491738,12472,2009-12-14 10:49:00
491742,12346,2009-12-14 11:00:00
491743,13767,2009-12-14 11:00:00
491744,12346,2009-12-14 11:02:00
491745,16769,2009-12-14 11:10:00
491746,16769,2009-12-14 11:18:00
491747,17075,2009-12-14 11:24:00
491748,17157,2009-12-14 11:30:00
491750,14527,2009-12-14 11:48:00
491751,16190,2009-12-14 11:59:00
491752,14032,2009-12-14 12:02:00
491753,17825,2009-12-14 12:09:00
491754,17825,2009-12-14 12:13:00
491755,17825,2009-12-14 12:16:00
491756,15329,2009-12-14 12:18:00
491757,17949,2009-12-14 12:18:00
491758,17908,2009-12-14 12:24:00
491759,12748,2009-12-14 12:28:00
491760,15311,2009-12-14 12:36:00
491780,12471,2009-12-14 12:47:00
491782,15534,2009-12-14 12:48:00
491784,12471,2009-12-14 12:48:00
491800,17511,2009-12-14 12:58:00
491803,16327,2009-12-14 13:06:00
491804,15920,2009-12-14 13:09:00
491805,12613,2009-12-14 13:10:00
491806,15920,2009-12-14 13:10:00
491807,17318,2009-12-14 13:11:00
491809,17965,2009-12-14 13:19:00
491810,14401,2009-12-14 13:22:00
491811,12835,2009-12-14 13:22:00
491812,13694,2009-12-14 13:23:00
491813,13694,2009-12-14 13:27:00
491814,15188,2009-12-14 13:30:00
491815,13694,2009-12-14 13:36:00
491816,14961,2009-12-14 13:36:00
491825,13931,2009-12-14 14:02:00
491826,16019,2009-12-14 14:12:00
491828,13089,2009-12-14 14:13:00
491829,16711,2009-12-14 14:28:00
491831,17961,2009-12-14 14:33:00
491832,15420,2009-12-14 14:34:00
491833,12926,2009-12-14 14:35:00
491834,17623,2009-12-14 14:36:00
491840,15015,2009-12-14 14:46:00
491861,14796,2009-12-14 15:06:00
491868,14042,2009-12-14 15:07:00
491888,15867,2009-12-14 15:16:00
491893,16805,2009-12-14 15:17:00
491894,14062,2009-12-14 15:18:00
491923,12839,2009-12-14 15:30:00
491924,17364,2009-12-14 15:31:00
491935,16125,2009-12-14 15:38:00
491941,12924,2009-12-14 15:42:00
491949,13591,2009-12-14 15:44:00
491950,16280,2009-12-14 15:49:00
491951,13206,2009-12-14 15:51:00
491953,15061,2009-12-14 15:57:00
491954,12920,2009-12-14 15:58:00
491955,12920,2009-12-14 15:58:00
491956,16985,2009-12-14 16:00:00
491957,17866,2009-12-14 16:01:00
491958,13577,2009-12-14 16:10:00
491959,16064,2009-12-14 16:11:00
491960,17416,2009-12-14 16:29:00
491961,15640,2009-12-14 16:36:00
491963,12992,2009-12-14 16:46:00
491964,15672,2009-12-14 16:52:00
491965,13000,2009-12-14 17:03:00
491967,17012,2009-12-14 17:34:00
491979,13162,2009-12-15 08:01:00
491980,17067,2009-12-15 08:39:00
491981,13468,2009-12-15 09:34:00
491982,16098,2009-12-15 09:40:00
491983,16554,2009-12-15 09:42:00
491984,13004,2009-12-15 09:44:00
491986,15838,2009-12-15 09:51:00
491987,17572,2009-12-15 10:00:00
491988,13902,2009-12-15 10:02:00
491991,17809,2009-12-15 10:10:00
491992,16158,2009-12-15 10:21:00
491993,17213,2009-12-15 10:28:00
491994,17251,2009-12-15 10:36:00
491995,13495,2009-12-15 10:50:00
491996,14063,2009-12-15 10:50:00
491997,17852,2009-12-15 11:06:00
491998,16858,2009-12-15 11:09:00
491999,14341,2009-12-15 11:20:00
492003,15039,2009-12-15 11:24:00
492004,17082,2009-12-15 11:25:00
492005,14607,2009-12-15 11:25:00
492007,17262,2009-12-15 11:26:00
492008,17082,2009-12-15 11:26:00
492009,14871,2009-12-15 11:28:00
492011,18220,2009-12-15 11:42:00
492012,17625,2009-12-15 11:49:00
492014,13577,2009-12-15 11:56:00
492015,14911,2009-12-15 12:00:00
492016,17233,2009-12-15 12:03:00
492017,16210,2009-12-15 12:06:00
492018,16550,2009-12-15 12:08:00
492020,13635,2009-12-15 12:13:00
492021,17949,2009-12-15 12:18:00
492022,17949,2009-12-15 12:20:00
492035,16202,2009-12-15 12:29:00
492039,17095,2009-12-15 12:32:00
492051,13758,2009-12-15 12:43:00
492064,16713,2009-12-15 12:49:00
492071,16713,2009-12-15 12:57:00
492073,15413,2009-12-15 13:11:00
492074,12941,2009-12-15 13:12:00
492075,17596,2009-12-15 13:21:00
492076,17675,2009-12-15 13:35:00
492077,15812,2009-12-15 13:40:00
492078,14966,2009-12-15 13:48:00
492079,15070,2009-12-15 13:49:00
492080,18260,2009-12-15 13:50:00
492092,14156,2009-12-15 14:03:00
492098,16749,2009-12-15 14:05:00
492117,15808,2009-12-15 14:10:00
492125,13405,2009-12-15 14:13:00
492127,13319,2009-12-15 14:14:00
492133,16684,2009-12-15 14:18:00
492153,17797,2009-12-15 14:30:00
492168,13823,2009-12-15 14:34:00
492169,13680,2009-12-15 14:46:00
492170,15566,2009-12-15 14:53:00
492172,13050,2009-12-15 15:06:00
492173,13267,2009-12-15 15:12:00
492174,13798,2009-12-15 15:16:00
492175,13756,2009-12-15 15:18:00
492176,17841,2009-12-15 15:21:00
492177,15311,2009-12-15 15:24:00
492178,18168,2009-12-15 15:27:00
492179,17816,2009-12-15 15:27:00
492181,13393,2009-12-15 15:36:00
492185,16308,2009-12-15 15:48:00
492202,15514,2009-12-15 16:23:00
492203,16353,2009-12-15 16:27:00
492204,15785,2009-12-15 16:28:00
492208,13599,2009-12-15 16:34:00
492209,15768,2009-12-15 16:40:00
492210,15971,2009-12-15 16:45:00
492214,14897,2009-12-15 17:05:00
492216,15641,2009-12-15 17:25:00
492218,15527,2009-12-15 17:31:00
492220,17368,2009-12-15 17:45:00
492221,15637,2009-12-15 17:54:00
492222,15393,2009-12-15 17:56:00
492223,14061,2009-12-15 17:56:00
492224,12748,2009-12-15 18:22:00
492225,14134,2009-12-15 18:32:00
492227,18177,2009-12-15 18:57:00
492228,15078,2009-12-15 19:01:00
492229,13473,2009-12-15 19:02:00
492230,16605,2009-12-15 19:03:00
492231,12956,2009-12-15 19:03:00
492232,12971,2009-12-15 19:04:00
492233,13711,2009-12-15 19:04:00
492234,15394,2009-12-15 19:05:00
492235,14460,2009-12-15 19:06:00
492236,18102,2009-12-15 19:09:00
492237,18102,2009-12-15 19:11:00
492238,18102,2009-12-15 19:12:00
492239,14543,2009-12-16 07:58:00
492240,13078,2009-12-16 07:59:00
492241,14769,2009-12-16 09:17:00
492242,15312,2009-12-16 09:23:00
492244,17646,2009-12-16 09:37:00
492245,15713,2009-12-16 09:41:00
492246,13952,2009-12-16 09:41:00
492247,16736,2009-12-16 10:16:00
492248,14646,2009-12-16 10:28:00
492249,16366,2009-12-16 10:39:00
492250,18286,2009-12-16 10:45:00
492251,14156,2009-12-16 10:51:00
492252,13999,2009-12-16 10:56:00
492253,12956,2009-12-16 11:04:00
492269,17677,2009-12-16 11:23:00
492270,17677,2009-12-16 11:24:00
492271,17677,2009-12-16 11:25:00
492272,14590,2009-12-16 11:26:00
492273,17677,2009-12-16 11:27:00
492281,13047,2009-12-16 11:43:00
492282,14869,2009-12-16 11:43:00
492283,16197,2009-12-16 11:44:00
492285,13097,2009-12-16 11:45:00
492287,13074,2009-12-16 11:46:00
492290,14966,2009-12-16 11:47:00
492296,14667,2009-12-16 11:53:00
492297,13289,2009-12-16 11:53:00
492300,12747,2009-12-16 11:55:00
492302,16119,2009-12-16 11:56:00
492304,13769,2009-12-16 11:59:00
492312,15184,2009-12-16 12:06:00
492313,14680,2009-12-16 12:09:00
492314,14732,2009-12-16 12:11:00
492317,15615,2009-12-16 12:16:00
492318,17189,2009-12-16 12:16:00
492319,15499,2009-12-16 12:17:00
492321,15061,2009-12-16 12:17:00
492322,13694,2009-12-16 12:24:00
492325,13641,2009-12-16 12:24:00
492328,13641,2009-12-16 12:25:00
492340,17954,2009-12-16 12:29:00
492342,14527,2009-12-16 12:32:00
492347,13694,2009-12-16 12:39:00
492348,13694,2009-12-16 12:41:00
492349,13831,2009-12-16 12:41:00
492351,17954,2009-12-16 12:45:00
492356,12586,2009-12-16 13:15:00
492357,18012,2009-12-16 13:16:00
492358,16779,2009-12-16 13:22:00
492359,13403,2009-12-16 13:23:00
492360,14625,2009-12-16 13:23:00
492361,17833,2009-12-16 13:40:00
492362,15222,2009-12-16 13:49:00
492367,13178,2009-12-16 14:00:00
492368,14415,2009-12-16 14:08:00
492369,16195,2009-12-16 14:09:00
492370,16891,2009-12-16 14:12:00
492371,14952,2009-12-16 14:22:00
492372,13693,2009-12-16 14:22:00
492374,15984,2009-12-16 14:41:00
492375,15577,2009-12-16 14:54:00
492376,17776,2009-12-16 14:59:00
492378,16569,2009-12-16 15:05:00
492379,17469,2009-12-16 15:06:00
492380,14055,2009-12-16 15:11:00
492383,17873,2009-12-16 15:11:00
492387,15044,2009-12-16 15:13:00
492391,13426,2009-12-16 15:16:00
492395,17988,2009-12-16 15:21:00
492397,12359,2009-12-16 15:24:00
492398,17873,2009-12-16 15:24:00
492399,14329,2009-12-16 15:31:00
492401,15311,2009-12-16 15:38:00
492403,17091,2009-12-16 15:45:00
492404,16694,2009-12-16 15:45:00
492405,15055,2009-12-16 15:48:00
492406,18144,2009-12-16 15:57:00
492407,15750,2009-12-16 16:02:00
492408,16987,2009-12-16 16:04:00
492409,13008,2009-12-16 16:07:00
492410,13941,2009-12-16 16:10:00
492412,14092,2009-12-16 16:24:00
492413,12867,2009-12-16 16:25:00
492415,17428,2009-12-16 17:06:00
492417,16742,2009-12-16 17:22:00
492418,15498,2009-12-16 17:27:00
492419,14540,2009-12-16 17:34:00
492421,17402,2009-12-16 17:40:00
492423,12748,2009-12-16 17:45:00
492424,17402,2009-12-16 17:45:00
492426,17157,2009-12-17 08:37:00
492427,14113,2009-12-17 08:39:00
492428,18201,2009-12-17 08:55:00
492429,13225,2009-12-17 09:09:00
492430,14113,2009-12-17 09:44:00
492431,17662,2009-12-17 09:54:00
492432,13491,2009-12-17 09:55:00
492433,17150,2009-12-17 10:08:00
492434,15601,2009-12-17 10:17:00
492435,15863,2009-12-17 10:20:00
492436,18186,2009-12-17 10:22:00
492437,13269,2009-12-17 10:27:00
492438,13875,2009-12-17 10:30:00
492439,12557,2009-12-17 10:39:00
492440,13266,2009-12-17 10:52:00
492441,14484,2009-12-17 10:57:00
492442,13798,2009-12-17 10:58:00
492443,13777,2009-12-17 10:59:00
492444,18097,2009-12-17 11:06:00
492445,17230,2009-12-17 11:07:00
492446,13520,2009-12-17 11:11:00
492448,17243,2009-12-17 11:24:00
492449,16139,2009-12-17 11:24:00
492462,15862,2009-12-17 11:33:00
492465,13564,2009-12-17 11:33:00
492472,15862,2009-12-17 11:38:00
492484,15862,2009-12-17 11:43:00
492499,17739,2009-12-17 11:49:00
492500,13564,2009-12-17 11:49:00
492512,14425,2009-12-17 11:53:00
492516,13448,2009-12-17 11:58:00
492517,17612,2009-12-17 11:59:00
492518,13408,2009-12-17 12:01:00
492519,14543,2009-12-17 12:04:00
492520,14422,2009-12-17 12:12:00
492521,18006,2009-12-17 12:27:00
492522,14051,2009-12-17 12:30:00
492524,14110,2009-12-17 12:31:00
492525,12748,2009-12-17 12:32:00
492526,12748,2009-12-17 12:34:00
492527,14040,2009-12-17 12:39:00
492528,16945,2009-12-17 12:42:00
492529,17377,2009-12-17 12:46:00
492530,14095,2009-12-17 12:49:00
492534,17961,2009-12-17 13:07:00
492535,13577,2009-12-17 13:09:00
492536,16701,2009-12-17 13:14:00
492537,16560,2009-12-17 13:15:00
492538,18061,2009-12-17 13:17:00
492539,16908,2009-12-17 13:35:00
492540,15005,2009-12-17 13:36:00
492542,15889,2009-12-17 13:38:00
492544,13427,2009-12-17 13:44:00
492545,16019,2009-12-17 13:51:00
492546,13557,2009-12-17 14:01:00
492547,17103,2009-12-17 14:08:00
492549,13203,2009-12-17 14:15:00
492571,16439,2009-12-17 14:22:00
492578,15194,2009-12-17 14:37:00
492579,15311,2009-12-17 14:38:00
492580,12937,2009-12-17 14:43:00
492581,15270,2009-12-17 15:02:00
492582,18223,2009-12-17 15:03:00
492583,15270,2009-12-17 15:06:00
492585,14085,2009-12-17 15:26:00
492588,16150,2009-12-17 15:33:00
492589,13319,2009-12-17 15:37:00
492591,16661,2009-12-17 15:39:00
492592,17400,2009-12-17 15:41:00
492593,15917,2009-12-17 15:44:00
492594,17631,2009-12-17 15:46:00
492635,17526,2009-12-17 16:18:00
492640,13077,2009-12-17 16:38:00
492641,13039,2009-12-17 16:43:00
492643,17576,2009-12-17 16:58:00
492644,16200,2009-12-17 17:16:00
492650,14911,2009-12-17 17:43:00
492652,15428,2009-12-17 17:46:00
492659,16720,2009-12-17 17:54:00
492680,14606,2009-12-17 18:20:00
492684,16351,2009-12-17 18:35:00
492687,17961,2009-12-17 18:41:00
492705,14702,2009-12-17 19:42:00
492707,15879,2009-12-17 19:54:00
492708,16556,2009-12-18 09:16:00
492710,17638,2009-12-18 09:58:00
492711,12471,2009-12-18 10:09:00
492713,12471,2009-12-18 10:11:00
492714,17913,2009-12-18 10:24:00
492716,12708,2009-12-18 10:25:00
492717,12826,2009-12-18 10:43:00
492718,12346,2009-12-18 10:47:00
492720,16772,2009-12-18 10:50:00
492722,12346,2009-12-18 10:55:00
492723,15858,2009-12-18 10:57:00
492724,14646,2009-12-18 10:59:00
492726,17927,2009-12-18 11:03:00
492727,16029,2009-12-18 11:10:00
492728,15311,2009-12-18 11:18:00
492729,15911,2009-12-18 11:32:00
492730,14083,2009-12-18 11:34:00
492731,14555,2009-12-18 11:39:00
492732,16210,2009-12-18 11:59:00
492733,16296,2009-12-18 12:03:00
492734,18036,2009-12-18 12:04:00
492735,12921,2009-12-18 12:06:00
492736,13921,2009-12-18 12:19:00
492737,17243,2009-12-18 12:21:00
492738,14527,2009-12-18 12:23:00
492740,14063,2009-12-18 12:27:00
492741,18037,2009-12-18 12:27:00
492742,12455,2009-12-18 12:33:00
492743,13995,2009-12-18 12:43:00
492744,12422,2009-12-18 12:44:00
492745,16600,2009-12-18 12:59:00
492747,17372,2009-12-18 13:03:00
492749,14911,2009-12-18 13:35:00
492750,15768,2009-12-18 13:39:00
492751,15768,2009-12-18 13:46:00
492752,18037,2009-12-18 13:47:00
492753,14156,2009-12-18 13:48:00
492760,18071,2009-12-18 14:22:00
492761,14911,2009-12-18 14:22:00
492762,14031,2009-12-18 14:23:00
492763,17028,2009-12-18 14:28:00
492764,16222,2009-12-18 14:31:00
492765,13855,2009-12-18 14:54:00
492766,14401,2009-12-18 15:02:00
492767,16746,2009-12-18 15:03:00
492768,12839,2009-12-18 15:06:00
492769,15497,2009-12-18 15:08:00
492770,14949,2009-12-18 15:28:00
492771,17324,2009-12-18 15:29:00
492772,15409,2009-12-18 15:35:00
492773,13327,2009-12-18 15:35:00
492774,13781,2009-12-18 15:46:00
492775,16592,2009-12-18 15:57:00
492776,15326,2009-12-18 16:04:00
492777,13468,2009-12-18 16:06:00
492778,18252,2009-12-18 16:13:00
492779,17969,2009-12-18 16:36:00
492780,14031,2009-12-18 16:56:00
492781,14105,2009-12-18 16:57:00
492784,17841,2009-12-18 17:24:00
492785,15856,2009-12-18 17:30:00
492792,17243,2009-12-20 10:08:00
492793,15841,2009-12-20 10:13:00
492794,13847,2009-12-20 10:41:00
492795,18077,2009-12-20 10:43:00
492796,17372,2009-12-20 11:12:00
492797,17412,2009-12-20 11:17:00
492798,16011,2009-12-20 11:25:00
492799,17865,2009-12-20 11:36:00
492800,13542,2009-12-20 11:50:00
492801,17231,2009-12-20 12:04:00
492803,17851,2009-12-20 12:06:00
492804,15456,2009-12-20 12:10:00
492805,15518,2009-12-20 12:21:00
492806,14299,2009-12-20 12:21:00
492807,17211,2009-12-20 12:28:00
492808,13078,2009-12-20 12:32:00
492809,17624,2009-12-20 12:35:00
492810,17858,2009-12-20 12:47:00
492811,17085,2009-12-20 13:01:00
492812,13871,2009-12-20 13:09:00
492813,17920,2009-12-20 13:14:00
492814,14560,2009-12-20 13:17:00
492815,17841,2009-12-20 13:28:00
492816,12609,2009-12-20 13:30:00
492817,16593,2009-12-20 13:37:00
492818,14790,2009-12-20 13:47:00
492819,16779,2009-12-20 14:34:00
492820,14404,2009-12-20 14:40:00
492822,14404,2009-12-20 14:45:00
492823,15358,2009-12-20 14:59:00
492824,17961,2009-12-20 15:00:00
492830,12683,2009-12-20 15:38:00
492832,13111,2009-12-21 09:00:00
492834,18051,2009-12-21 09:45:00
492836,18102,2009-12-21 10:10:00
492837,17675,2009-12-21 10:22:00
492839,14085,2009-12-21 11:08:00
492840,14987,2009-12-21 11:13:00
492841,14987,2009-12-21 11:14:00
492842,12748,2009-12-21 11:31:00
492843,13089,2009-12-21 11:38:00
492869,15039,2009-12-21 11:51:00
492875,16282,2009-12-21 11:52:00
492878,13510,2009-12-21 11:53:00
492891,13408,2009-12-21 12:02:00
492929,16713,2009-12-21 12:17:00
492935,13641,2009-12-21 12:18:00
492940,17696,2009-12-21 12:20:00
492942,17213,2009-12-21 12:38:00
492943,14156,2009-12-21 13:04:00
492944,12682,2009-12-21 13:18:00
492945,14032,2009-12-21 13:29:00
492948,14606,2009-12-21 14:33:00
492949,14119,2009-12-21 14:52:00
492950,12471,2009-12-21 14:52:00
492951,16525,2009-12-21 15:06:00
492953,14505,2009-12-21 15:20:00
492954,17182,2009-12-21 15:22:00
492975,17961,2009-12-21 15:36:00
492993,14819,2009-12-21 15:54:00
493050,17377,2009-12-21 16:24:00
493052,14480,2009-12-21 16:32:00
493053,17888,2009-12-21 16:34:00
493069,14293,2009-12-22 09:21:00
493071,18092,2009-12-22 09:35:00
493076,17961,2009-12-22 09:49:00
493077,14841,2009-12-22 09:50:00
493139,15311,2009-12-22 11:32:00
493157,15911,2009-12-22 11:41:00
493181,18251,2009-12-22 12:01:00
493183,12440,2009-12-22 12:03:00
493187,18190,2009-12-22 12:05:00
493188,15581,2009-12-22 12:38:00
493189,15581,2009-12-22 12:42:00
493200,17961,2009-12-22 13:22:00
493257,14063,2009-12-22 14:15:00
493258,18102,2009-12-22 14:19:00
493266,13455,2009-12-22 15:05:00
493300,17969,2009-12-22 15:24:00
493301,13082,2009-12-22 15:37:00
493302,17961,2009-12-22 15:39:00
493303,13082,2009-12-22 15:40:00
493304,17961,2009-12-22 15:42:00
493308,15064,2009-12-22 16:17:00
493325,13694,2009-12-23 07:57:00
493326,18092,2009-12-23 09:20:00
493360,18252,2009-12-23 10:17:00
493371,14151,2009-12-23 10:54:00
493372,15044,2009-12-23 11:21:00
493375,15514,2009-12-23 12:07:00
493376,17961,2009-12-23 12:18:00
493393,12539,2009-12-23 13:00:00
493395,12539,2009-12-23 13:41:00
493398,12835,2009-12-23 14:19:00
493399,15856,2009-12-23 14:35:00
493407,17867,2009-12-23 16:04:00
493409,17819,2009-12-23 16:58:00
493410,12346,2010-01-04 09:24:00
493412,12346,2010-01-04 09:53:00
493414,14590,2010-01-04 10:28:00
493427,13287,2010-01-04 10:43:00
493428,16550,2010-01-04 11:15:00
493432,14680,2010-01-04 12:30:00
493433,14709,2010-01-04 12:51:00
493434,13798,2010-01-04 12:54:00
493435,13206,2010-01-04 12:57:00
493436,13694,2010-01-04 13:03:00
493437,13694,2010-01-04 13:10:00
493438,13694,2010-01-04 13:12:00
493439,13694,2010-01-04 13:25:00
493442,13821,2010-01-04 13:36:00
493443,14527,2010-01-04 13:39:00
493444,16792,2010-01-04 13:47:00
493446,17807,2010-01-04 14:00:00
493463,15581,2010-01-04 14:27:00
493467,13004,2010-01-04 14:29:00
493536,17841,2010-01-04 15:29:00
493537,16029,2010-01-04 15:33:00
493540,14477,2010-01-04 15:41:00
493542,15867,2010-01-04 16:11:00
493543,14839,2010-01-04 16:29:00
493546,17969,2010-01-04 17:03:00
493565,17950,2010-01-04 17:39:00
493566,15291,2010-01-05 08:59:00
493568,16875,2010-01-05 09:16:00
493569,13901,2010-01-05 09:29:00
493571,14198,2010-01-05 10:07:00
493573,18145,2010-01-05 10:18:00
493574,15521,2010-01-05 10:19:00
493575,18171,2010-01-05 10:46:00
493577,13557,2010-01-05 11:16:00
493609,17949,2010-01-05 11:29:00
493613,17949,2010-01-05 11:31:00
493619,18051,2010-01-05 11:34:00
493666,16017,2010-01-05 12:06:00
493667,13253,2010-01-05 12:13:00
493670,14653,2010-01-05 12:20:00
493671,13338,2010-01-05 12:25:00
493672,17861,2010-01-05 12:26:00
493685,14969,2010-01-05 12:43:00
493695,14606,2010-01-05 13:23:00
493696,16779,2010-01-05 13:32:00
493699,13831,2010-01-05 13:43:00
493700,14422,2010-01-05 13:45:00
493701,15865,2010-01-05 13:58:00
493702,18102,2010-01-05 14:07:00
493703,18102,2010-01-05 14:08:00
493704,13610,2010-01-05 14:12:00
493706,15768,2010-01-05 14:32:00
493707,13965,2010-01-05 15:21:00
493708,15311,2010-01-05 15:29:00
493709,17754,2010-01-05 15:55:00
493710,13442,2010-01-05 16:04:00
493715,14954,2010-01-05 16:38:00
493716,17364,2010-01-05 16:50:00
493717,12835,2010-01-05 17:19:00
493718,13267,2010-01-06 09:45:00
493719,14210,2010-01-06 10:17:00
493720,17675,2010-01-06 10:20:00
493721,17362,2010-01-06 10:53:00
493722,16467,2010-01-06 10:58:00
493738,13408,2010-01-06 12:00:00
493739,14194,2010-01-06 12:16:00
493755,18008,2010-01-06 12:35:00
493757,15712,2010-01-06 13:08:00
493759,17965,2010-01-06 13:56:00
493760,17753,2010-01-06 14:20:00
493761,14258,2010-01-06 14:54:00
493762,17941,2010-01-06 15:37:00
493765,14828,2010-01-07 09:34:00
493793,17949,2010-01-07 10:56:00
493794,17949,2010-01-07 10:57:00
493796,16029,2010-01-07 11:03:00
493797,16029,2010-01-07 11:03:00
493798,16029,2010-01-07 11:09:00
493799,16029,2010-01-07 11:12:00
493800,18094,2010-01-07 11:16:00
493801,15684,2010-01-07 11:21:00
493802,16985,2010-01-07 11:22:00
493804,14626,2010-01-07 11:23:00
493806,17404,2010-01-07 11:31:00
493810,13727,2010-01-07 11:47:00
493812,13081,2010-01-07 11:52:00
493813,14051,2010-01-07 11:53:00
493814,14541,2010-01-07 11:59:00
493815,12978,2010-01-07 12:10:00
493816,15266,2010-01-07 12:19:00
493817,16641,2010-01-07 12:22:00
493818,16525,2010-01-07 12:32:00
493819,14156,2010-01-07 12:34:00
493820,13821,2010-01-07 12:37:00
493824,16862,2010-01-07 12:57:00
493825,16888,2010-01-07 13:07:00
493826,13173,2010-01-07 13:16:00
493827,16746,2010-01-07 13:17:00
493828,14732,2010-01-07 13:19:00
493834,14527,2010-01-07 13:32:00
493840,15874,2010-01-07 13:56:00
493841,13394,2010-01-07 14:04:00
493843,15100,2010-01-07 14:33:00
493844,15324,2010-01-07 14:37:00
493846,14465,2010-01-07 15:03:00
493847,15152,2010-01-07 15:15:00
493848,16351,2010-01-07 15:26:00
493860,13767,2010-01-07 16:19:00
493863,12678,2010-01-07 16:46:00
493865,15808,2010-01-07 16:57:00
493866,16057,2010-01-07 17:11:00
493872,16296,2010-01-07 18:33:00
493873,13711,2010-01-07 18:34:00
493874,13468,2010-01-07 18:35:00
493875,13693,2010-01-07 18:36:00
493876,12648,2010-01-07 18:38:00
493877,14911,2010-01-07 19:34:00
493878,14769,2010-01-08 09:08:00
493880,13047,2010-01-08 09:23:00
493881,17018,2010-01-08 09:38:00
493882,15586,2010-01-08 10:02:00
493883,18102,2010-01-08 10:06:00
493884,14045,2010-01-08 10:08:00
493885,18102,2010-01-08 10:09:00
493886,16497,2010-01-08 10:30:00
493887,17457,2010-01-08 10:34:00
493897,14911,2010-01-08 10:39:00
493899,12417,2010-01-08 10:43:00
493900,14911,2010-01-08 10:44:00
493922,13728,2010-01-08 11:13:00
493923,13360,2010-01-08 11:16:00
493924,12678,2010-01-08 11:25:00
493925,15827,2010-01-08 11:25:00
493926,13854,2010-01-08 11:28:00
493927,14063,2010-01-08 11:50:00
493929,14735,2010-01-08 11:55:00
493930,15369,2010-01-08 11:58:00
493941,13199,2010-01-08 12:05:00
493945,16103,2010-01-08 12:08:00
493946,15607,2010-01-08 12:16:00
493947,17243,2010-01-08 12:22:00
493948,16772,2010-01-08 12:38:00
493949,16325,2010-01-08 12:51:00
493950,12681,2010-01-08 13:19:00
493951,16027,2010-01-08 13:21:00
493952,12971,2010-01-08 13:52:00
493953,14327,2010-01-08 14:04:00
493954,18170,2010-01-08 14:10:00
493955,14016,2010-01-08 14:12:00
493956,15465,2010-01-08 14:16:00
493957,18087,2010-01-08 14:18:00
493959,13044,2010-01-08 14:46:00
493960,16556,2010-01-08 15:01:00
493961,17841,2010-01-08 15:16:00
493962,15311,2010-01-08 15:19:00
493963,13078,2010-01-08 15:24:00
493964,12714,2010-01-08 16:29:00
493965,14573,2010-01-08 16:34:00
493968,15640,2010-01-08 16:42:00
493969,14031,2010-01-08 17:09:00
493970,15856,2010-01-08 17:13:00
493971,13259,2010-01-10 10:26:00
493972,16109,2010-01-10 10:37:00
493973,17539,2010-01-10 11:08:00
493974,16787,2010-01-10 11:12:00
493975,12540,2010-01-10 11:27:00
493976,14849,2010-01-10 11:40:00
493977,14532,2010-01-10 11:47:00
493978,17920,2010-01-10 11:55:00
493979,17323,2010-01-10 11:58:00
493980,13410,2010-01-10 11:59:00
493981,14160,2010-01-10 12:06:00
493982,18231,2010-01-10 12:13:00
493983,13762,2010-01-10 12:13:00
493985,15527,2010-01-10 12:25:00
493987,15413,2010-01-10 12:37:00
493988,14299,2010-01-10 12:40:00
493989,14685,2010-01-10 12:43:00
493990,12951,2010-01-10 12:43:00
493991,14685,2010-01-10 12:44:00
493993,13089,2010-01-10 12:47:00
493994,14091,2010-01-10 13:41:00
493995,13694,2010-01-10 13:50:00
493996,15601,2010-01-10 13:51:00
493997,17372,2010-01-10 13:51:00
493998,13999,2010-01-10 13:56:00
494000,15061,2010-01-10 14:17:00
494001,13319,2010-01-10 14:21:00
494002,13634,2010-01-10 14:26:00
494003,17222,2010-01-10 15:24:00
494004,15601,2010-01-10 15:25:00
494007,14606,2010-01-10 16:03:00
494008,18242,2010-01-11 08:49:00
494009,12471,2010-01-11 08:51:00
494010,12471,2010-01-11 08:53:00
494020,17147,2010-01-11 09:38:00
494021,15738,2010-01-11 09:53:00
494022,15769,2010-01-11 09:55:00
494023,13162,2010-01-11 10:08:00
494026,15369,2010-01-11 10:11:00
494027,17113,2010-01-11 10:14:00
494028,17113,2010-01-11 10:15:00
494029,12913,2010-01-11 10:24:00
494032,13709,2010-01-11 10:40:00
494035,15044,2010-01-11 11:30:00
494036,17139,2010-01-11 11:31:00
494037,15291,2010-01-11 11:43:00
494040,18115,2010-01-11 11:57:00
494042,12510,2010-01-11 11:57:00
494045,12510,2010-01-11 12:01:00
494046,15044,2010-01-11 12:01:00
494047,13093,2010-01-11 12:05:00
494048,13093,2010-01-11 12:07:00
494079,12835,2010-01-11 12:19:00
494108,17529,2010-01-11 12:29:00
494110,12549,2010-01-11 12:29:00
494113,12549,2010-01-11 12:30:00
494118,12875,2010-01-11 12:37:00
494119,17739,2010-01-11 12:46:00
494120,14156,2010-01-11 12:48:00
494128,17740,2010-01-11 13:11:00
494139,15549,2010-01-11 13:16:00
494140,14984,2010-01-11 13:22:00
494141,18252,2010-01-11 13:24:00
494142,17978,2010-01-11 13:51:00
494143,12406,2010-01-11 14:04:00
494146,14646,2010-01-11 14:37:00
494148,15311,2010-01-11 14:45:00
494149,16569,2010-01-11 14:52:00
494150,12980,2010-01-11 14:56:00
494153,17023,2010-01-11 15:09:00
494154,17188,2010-01-11 15:33:00
494157,13089,2010-01-11 16:00:00
494160,18061,2010-01-11 16:42:00
494161,16019,2010-01-11 17:13:00
494163,13433,2010-01-12 08:59:00
494164,17961,2010-01-12 09:24:00
494165,15380,2010-01-12 09:25:00
494167,14867,2010-01-12 09:48:00
494169,15186,2010-01-12 10:14:00
494170,12600,2010-01-12 10:36:00
494206,12939,2010-01-12 11:27:00
494207,16841,2010-01-12 11:32:00
494208,17945,2010-01-12 11:33:00
494209,14239,2010-01-12 11:33:00
494210,15299,2010-01-12 11:34:00
494211,17945,2010-01-12 11:36:00
494212,15002,2010-01-12 11:40:00
494213,17945,2010-01-12 11:40:00
494214,12623,2010-01-12 11:45:00
494216,16422,2010-01-12 11:57:00
494217,16525,2010-01-12 12:12:00
494218,17841,2010-01-12 12:29:00
494227,13622,2010-01-12 13:22:00
494228,14861,2010-01-12 13:39:00
494229,16779,2010-01-12 13:54:00
494230,17961,2010-01-12 14:08:00
494233,15093,2010-01-12 14:33:00
494234,12549,2010-01-12 15:01:00
494235,14225,2010-01-12 15:02:00
494236,14241,2010-01-12 15:11:00
494237,15550,2010-01-12 15:27:00
494239,14081,2010-01-12 15:48:00
494240,16858,2010-01-12 15:50:00
494241,17165,2010-01-12 15:50:00
494243,18102,2010-01-12 15:57:00
494244,18102,2010-01-12 16:02:00
494246,17352,2010-01-12 16:13:00
494264,17576,2010-01-12 16:55:00
494267,14606,2010-01-12 17:15:00
494268,12649,2010-01-12 17:24:00
494269,12820,2010-01-13 08:58:00
494272,15358,2010-01-13 09:53:00
494275,15497,2010-01-13 10:21:00
494276,17679,2010-01-13 10:29:00
494277,14063,2010-01-13 10:32:00
494278,13162,2010-01-13 10:40:00
494280,12682,2010-01-13 10:43:00
494281,13798,2010-01-13 10:52:00
494327,13576,2010-01-13 11:57:00
494335,14092,2010-01-13 12:21:00
494336,14137,2010-01-13 12:30:00
494338,15311,2010-01-13 12:40:00
494339,14154,2010-01-13 12:47:00
494342,14826,2010-01-13 13:08:00
494343,15456,2010-01-13 13:22:00
494344,16585,2010-01-13 13:31:00
494345,15755,2010-01-13 13:55:00
494348,14156,2010-01-13 14:25:00
494349,15015,2010-01-13 14:32:00
494351,14277,2010-01-13 14:48:00
494354,15513,2010-01-13 14:59:00
494357,12647,2010-01-13 15:06:00
494359,17962,2010-01-13 15:24:00
494362,17757,2010-01-13 15:56:00
494364,14146,2010-01-13 16:04:00
494383,13929,2010-01-14 07:25:00
494384,16304,2010-01-14 08:30:00
494385,18268,2010-01-14 09:33:00
494389,13152,2010-01-14 10:01:00
494390,18041,2010-01-14 10:04:00
494391,13787,2010-01-14 10:13:00
494392,16414,2010-01-14 10:21:00
494394,15312,2010-01-14 10:25:00
494395,14256,2010-01-14 10:35:00
494416,17469,2010-01-14 10:56:00
494419,15903,2010-01-14 10:57:00
494429,16660,2010-01-14 11:09:00
494432,13694,2010-01-14 11:43:00
494433,14423,2010-01-14 11:49:00
494434,18134,2010-01-14 11:59:00
494435,14590,2010-01-14 12:00:00
494436,16013,2010-01-14 12:09:00
494437,14466,2010-01-14 12:11:00
494439,12931,2010-01-14 12:30:00
494440,17850,2010-01-14 12:46:00
494441,13491,2010-01-14 13:00:00
494442,12644,2010-01-14 13:02:00
494443,15898,2010-01-14 13:03:00
494445,17850,2010-01-14 13:14:00
494447,17496,2010-01-14 13:36:00
494450,12346,2010-01-14 13:50:00
494451,14527,2010-01-14 13:50:00
494454,15605,2010-01-14 14:03:00
494455,17850,2010-01-14 14:06:00
494456,13233,2010-01-14 14:10:00
494458,14667,2010-01-14 14:15:00
494459,14667,2010-01-14 14:18:00
494467,15046,2010-01-14 14:29:00
494468,13050,2010-01-14 14:32:00
494469,16210,2010-01-14 14:41:00
494470,12748,2010-01-14 14:41:00
494471,13680,2010-01-14 14:48:00
494473,17508,2010-01-14 14:53:00
494475,17377,2010-01-14 15:10:00
494476,15222,2010-01-14 15:24:00
494478,14062,2010-01-14 15:41:00
494479,17032,2010-01-14 15:47:00
494480,15768,2010-01-14 16:16:00
494481,17850,2010-01-14 16:24:00
494482,13983,2010-01-14 16:24:00
494483,13562,2010-01-14 16:33:00
494484,17754,2010-01-14 16:45:00
494490,17850,2010-01-14 17:20:00
494498,13360,2010-01-14 17:59:00
494499,17850,2010-01-14 18:03:00
494503,17850,2010-01-14 18:56:00
494504,17848,2010-01-14 19:10:00
494505,13711,2010-01-14 19:20:00
494506,17850,2010-01-14 19:36:00
494507,15031,2010-01-14 19:50:00
494508,16353,2010-01-15 08:13:00
494509,16353,2010-01-15 08:14:00
494510,17850,2010-01-15 08:59:00
494511,12431,2010-01-15 09:04:00
494512,14755,2010-01-15 09:10:00
494513,12431,2010-01-15 09:37:00
494514,17850,2010-01-15 10:14:00
494515,13694,2010-01-15 10:24:00
494516,14136,2010-01-15 10:29:00
494518,16029,2010-01-15 10:37:00
494529,15738,2010-01-15 10:45:00
494533,18065,2010-01-15 10:47:00
494585,15359,2010-01-15 11:30:00
494586,18106,2010-01-15 11:36:00
494587,18106,2010-01-15 11:40:00
494588,17681,2010-01-15 11:53:00
494589,17850,2010-01-15 11:56:00
494590,12755,2010-01-15 11:57:00
494591,12789,2010-01-15 12:06:00
494594,15771,2010-01-15 12:14:00
494603,16452,2010-01-15 12:22:00
494605,13821,2010-01-15 12:28:00
494606,15607,2010-01-15 12:38:00
494607,16858,2010-01-15 12:43:00
494608,17850,2010-01-15 12:51:00
494611,12649,2010-01-15 13:14:00
494612,15311,2010-01-15 13:15:00
494613,14324,2010-01-15 13:31:00
494614,17850,2010-01-15 13:32:00
494616,17364,2010-01-15 14:27:00
494617,13319,2010-01-15 14:40:00
494618,17871,2010-01-15 14:48:00
494619,12631,2010-01-15 14:50:00
494620,17227,2010-01-15 15:05:00
494621,15059,2010-01-15 15:13:00
494622,12860,2010-01-15 15:22:00
494623,15393,2010-01-15 15:27:00
494624,17454,2010-01-15 15:40:00
494625,17851,2010-01-15 15:47:00
494627,15224,2010-01-15 16:14:00
494630,12813,2010-01-15 16:52:00
494632,15633,2010-01-15 16:53:00
494634,15489,2010-01-15 16:58:00
494635,15945,2010-01-15 17:36:00
494636,16335,2010-01-17 10:27:00
494637,14451,2010-01-17 10:35:00
494638,16782,2010-01-17 11:03:00
494639,14421,2010-01-17 11:30:00
494640,17801,2010-01-17 11:31:00
494641,15413,2010-01-17 11:33:00
494642,17850,2010-01-17 11:35:00
494643,13694,2010-01-17 11:55:00
494644,16595,2010-01-17 12:12:00
494645,16017,2010-01-17 12:17:00
494646,13907,2010-01-17 12:22:00
494647,17920,2010-01-17 12:25:00
494648,17850,2010-01-17 12:26:00
494649,17969,2010-01-17 12:28:00
494651,16510,2010-01-17 12:30:00
494652,14527,2010-01-17 12:40:00
494653,14420,2010-01-17 12:41:00
494654,13777,2010-01-17 12:42:00
494655,17850,2010-01-17 12:55:00
494656,17850,2010-01-17 13:14:00
494657,16524,2010-01-17 13:16:00
494658,13782,2010-01-17 13:29:00
494659,17850,2010-01-17 13:41:00
494660,13831,2010-01-17 13:55:00
494661,13634,2010-01-17 14:07:00
494662,13004,2010-01-17 14:10:00
494663,16166,2010-01-17 14:16:00
494664,17213,2010-01-17 14:50:00
494665,16434,2010-01-17 14:51:00
494666,13869,2010-01-17 14:53:00
494667,15223,2010-01-17 14:54:00
494668,13616,2010-01-17 14:56:00
494669,15916,2010-01-17 15:02:00
494670,13178,2010-01-17 15:22:00
494671,14560,2010-01-17 15:46:00
494672,14404,2010-01-17 15:46:00
494673,15311,2010-01-17 15:52:00
494674,14606,2010-01-17 16:01:00
494676,17591,2010-01-17 16:09:00
494677,14892,2010-01-18 08:58:00
494678,16684,2010-01-18 09:12:00
494679,12877,2010-01-18 10:23:00
494680,17343,2010-01-18 10:29:00
494681,14441,2010-01-18 10:40:00
494682,14754,2010-01-18 11:04:00
494683,15747,2010-01-18 11:21:00
494684,15795,2010-01-18 11:31:00
494686,15039,2010-01-18 11:49:00
494687,15039,2010-01-18 11:56:00
494732,16670,2010-01-18 12:27:00
494762,17841,2010-01-18 12:36:00
494768,18057,2010-01-18 12:42:00
494778,14461,2010-01-18 12:48:00
494779,18041,2010-01-18 12:55:00
494780,14442,2010-01-18 12:59:00
494783,17581,2010-01-18 13:16:00
494785,17966,2010-01-18 13:24:00
494787,15164,2010-01-18 13:34:00
494788,17966,2010-01-18 13:36:00
494789,14949,2010-01-18 13:47:00
494790,17048,2010-01-18 13:55:00
494792,13173,2010-01-18 14:04:00
494794,13037,2010-01-18 14:11:00
494795,13110,2010-01-18 14:14:00
494797,18036,2010-01-18 14:23:00
494798,17773,2010-01-18 14:32:00
494799,16954,2010-01-18 14:49:00
494803,15005,2010-01-18 15:03:00
494804,15298,2010-01-18 15:10:00
494805,18037,2010-01-18 15:14:00
494807,15375,2010-01-18 15:38:00
494808,17231,2010-01-18 16:09:00
494809,17231,2010-01-18 16:15:00
494811,14343,2010-01-18 16:47:00
494815,15697,2010-01-19 09:10:00
494816,16867,2010-01-19 09:11:00
494817,16287,2010-01-19 09:46:00
494818,15198,2010-01-19 10:01:00
494819,13074,2010-01-19 10:07:00
494823,16353,2010-01-19 10:35:00
494827,15623,2010-01-19 10:41:00
494836,13462,2010-01-19 10:45:00
494847,13877,2010-01-19 10:53:00
494860,12470,2010-01-19 11:01:00
494866,16253,2010-01-19 11:20:00
494867,17769,2010-01-19 11:33:00
494868,17706,2010-01-19 12:13:00
494870,15998,2010-01-19 12:15:00
494871,17706,2010-01-19 12:17:00
494872,14715,2010-01-19 12:18:00
494873,12589,2010-01-19 12:26:00
494874,16087,2010-01-19 12:30:00
494875,17511,2010-01-19 12:31:00
494876,15465,2010-01-19 12:34:00
494878,16596,2010-01-19 12:39:00
494887,14525,2010-01-19 12:50:00
494888,16027,2010-01-19 12:53:00
494889,14472,2010-01-19 13:09:00
494890,13555,2010-01-19 13:20:00
494891,12733,2010-01-19 13:23:00
494892,12748,2010-01-19 13:27:00
494893,14156,2010-01-19 13:31:00
494894,18229,2010-01-19 13:33:00
494895,13555,2010-01-19 13:33:00
494896,16156,2010-01-19 14:02:00
494897,12437,2010-01-19 14:16:00
494898,14413,2010-01-19 14:27:00
494899,12437,2010-01-19 14:37:00
494900,15311,2010-01-19 14:41:00
494904,13315,2010-01-19 15:34:00
494905,17245,2010-01-19 15:39:00
494906,15984,2010-01-19 15:45:00
494908,17307,2010-01-19 16:38:00
494912,16705,2010-01-19 17:03:00
494913,17576,2010-01-19 17:03:00
494914,16705,2010-01-19 17:04:00
494915,13564,2010-01-19 17:12:00
494916,17963,2010-01-19 17:25:00
494917,14983,2010-01-19 17:32:00
494919,17404,2010-01-20 08:27:00
494920,13457,2010-01-20 08:48:00
494921,13397,2010-01-20 09:50:00
494922,12987,2010-01-20 09:57:00
494930,13027,2010-01-20 10:41:00
494931,17920,2010-01-20 10:42:00
494946,16727,2010-01-20 10:48:00
494966,14680,2010-01-20 11:01:00
494971,14156,2010-01-20 11:05:00
494987,18223,2010-01-20 11:31:00
494989,14556,2010-01-20 11:49:00
494990,14388,2010-01-20 11:54:00
494991,17220,2010-01-20 11:57:00
494993,17220,2010-01-20 12:05:00
494994,13668,2010-01-20 12:06:00
494995,17356,2010-01-20 12:14:00
494996,17794,2010-01-20 12:17:00
494997,17307,2010-01-20 12:17:00
495009,15812,2010-01-20 12:33:00
495010,15191,2010-01-20 12:35:00
495011,15191,2010-01-20 12:35:00
495016,14649,2010-01-20 13:10:00
495020,16200,2010-01-20 13:24:00
495022,16200,2010-01-20 13:26:00
495028,14595,2010-01-20 13:59:00
495029,16085,2010-01-20 14:03:00
495030,13982,2010-01-20 14:04:00
495031,16933,2010-01-20 14:05:00
495033,15912,2010-01-20 14:09:00
495053,17351,2010-01-20 14:36:00
495055,14911,2010-01-20 14:46:00
495056,14911,2010-01-20 14:50:00
495057,14040,2010-01-20 14:52:00
495058,17875,2010-01-20 15:30:00
495059,13756,2010-01-20 16:00:00
495071,13798,2010-01-21 08:03:00
495072,14215,2010-01-21 08:22:00
495073,14911,2010-01-21 08:47:00
495074,16019,2010-01-21 08:52:00
495075,16019,2010-01-21 08:53:00
495077,16634,2010-01-21 09:30:00
495078,14207,2010-01-21 09:33:00
495079,15095,2010-01-21 09:37:00
495080,17526,2010-01-21 09:40:00
495085,12986,2010-01-21 10:45:00
495090,14431,2010-01-21 10:49:00
495102,15547,2010-01-21 11:11:00
495110,14530,2010-01-21 11:25:00
495148,16735,2010-01-21 11:41:00
495149,14320,2010-01-21 11:44:00
495150,14714,2010-01-21 11:51:00
495151,15910,2010-01-21 11:51:00
495152,12978,2010-01-21 12:01:00
495153,14527,2010-01-21 12:10:00
495154,12971,2010-01-21 12:27:00
495158,13527,2010-01-21 12:37:00
495171,15885,2010-01-21 12:47:00
495176,13623,2010-01-21 13:21:00
495177,14064,2010-01-21 13:22:00
495178,13735,2010-01-21 13:33:00
495179,12836,2010-01-21 13:34:00
495182,15311,2010-01-21 13:46:00
495183,15296,2010-01-21 13:48:00
495184,17841,2010-01-21 13:58:00
495185,14439,2010-01-21 14:01:00
495187,13148,2010-01-21 14:30:00
495188,13543,2010-01-21 14:30:00
495189,15682,2010-01-21 14:37:00
495192,14293,2010-01-21 15:02:00
495193,14606,2010-01-21 15:02:00
495194,13902,2010-01-21 15:11:00
495195,13089,2010-01-21 15:18:00
495196,12748,2010-01-21 15:30:00
495197,16233,2010-01-21 15:44:00
495198,14160,2010-01-21 15:46:00
495200,17320,2010-01-21 16:29:00
495206,16126,2010-01-21 16:44:00
495208,18037,2010-01-21 16:53:00
495215,15126,2010-01-21 17:09:00
495224,13413,2010-01-21 17:43:00
495225,17180,2010-01-21 17:43:00
495226,17351,2010-01-21 18:05:00
495227,14713,2010-01-21 19:11:00
495228,14646,2010-01-22 08:28:00
495229,14646,2010-01-22 08:30:00
495230,13192,2010-01-22 08:37:00
495232,14156,2010-01-22 09:19:00
495233,13027,2010-01-22 09:20:00
495235,14156,2010-01-22 09:40:00
495236,17409,2010-01-22 09:43:00
495237,17160,2010-01-22 09:44:00
495238,14854,2010-01-22 09:48:00
495240,17949,2010-01-22 10:09:00
495241,13078,2010-01-22 10:11:00
495242,17794,2010-01-22 10:18:00
495243,14209,2010-01-22 10:28:00
495244,15179,2010-01-22 10:51:00
495276,14063,2010-01-22 11:28:00
495277,14911,2010-01-22 11:41:00
495279,14440,2010-01-22 11:43:00
495280,12708,2010-01-22 12:24:00
495289,17519,2010-01-22 12:37:00
495290,15867,2010-01-22 12:46:00
495291,14274,2010-01-22 12:51:00
495292,15465,2010-01-22 12:55:00
495293,16125,2010-01-22 13:09:00
495294,17460,2010-01-22 13:25:00
495295,12346,2010-01-22 13:30:00
495300,12510,2010-01-22 13:39:00
495302,13694,2010-01-22 13:41:00
495304,14156,2010-01-22 13:52:00
495307,16779,2010-01-22 14:13:00
495308,15863,2010-01-22 14:14:00
495310,12531,2010-01-22 14:17:00
495311,17243,2010-01-22 14:19:00
495312,16822,2010-01-22 14:22:00
495313,13889,2010-01-22 14:32:00
495314,17888,2010-01-22 14:40:00
495316,15581,2010-01-22 14:55:00
495317,16327,2010-01-22 15:04:00
495318,15266,2010-01-22 15:04:00
495322,14640,2010-01-22 15:44:00
495331,17799,2010-01-22 16:28:00
495333,16158,2010-01-22 16:46:00
495340,14031,2010-01-22 17:31:00
495344,14837,2010-01-24 10:20:00
495345,17242,2010-01-24 10:27:00
495346,12956,2010-01-24 10:33:00
495347,17920,2010-01-24 10:40:00
495348,14037,2010-01-24 10:50:00
495349,15641,2010-01-24 10:50:00
495350,13693,2010-01-24 10:54:00
495351,17618,2010-01-24 11:03:00
495352,17335,2010-01-24 11:15:00
495353,17780,2010-01-24 11:21:00
495354,16950,2010-01-24 11:26:00
495355,12916,2010-01-24 11:26:00
495356,13036,2010-01-24 11:35:00
495357,14879,2010-01-24 11:35:00
495358,13089,2010-01-24 11:52:00
495359,16422,2010-01-24 11:58:00
495360,12703,2010-01-24 12:05:00
495361,13249,2010-01-24 12:11:00
495362,15727,2010-01-24 12:12:00
495364,15711,2010-01-24 12:13:00
495365,14701,2010-01-24 12:15:00
495366,16255,2010-01-24 12:21:00
495367,14070,2010-01-24 12:27:00
495369,13527,2010-01-24 12:31:00
495370,12748,2010-01-24 12:41:00
495371,17675,2010-01-24 12:52:00
495372,14396,2010-01-24 12:58:00
495374,17071,2010-01-24 13:05:00
495375,16523,2010-01-24 13:14:00
495376,15581,2010-01-24 13:24:00
495377,14194,2010-01-24 13:36:00
495378,14751,2010-01-24 13:37:00
495379,17611,2010-01-24 13:46:00
495380,16592,2010-01-24 13:51:00
495381,13327,2010-01-24 13:54:00
495382,14522,2010-01-24 13:55:00
495383,17141,2010-01-24 14:19:00
495384,17141,2010-01-24 14:24:00
495385,13209,2010-01-24 14:30:00
495386,15696,2010-01-24 14:36:00
495387,13729,2010-01-24 14:57:00
495388,15680,2010-01-24 15:14:00
495389,14044,2010-01-24 15:14:00
495390,17142,2010-01-24 15:23:00
495391,16206,2010-01-24 15:25:00
495392,15434,2010-01-24 15:35:00
495393,15483,2010-01-24 15:42:00
495394,13711,2010-01-24 15:53:00
495395,14986,2010-01-24 15:54:00
495396,17584,2010-01-25 08:17:00
495397,14870,2010-01-25 09:05:00
495398,14621,2010-01-25 09:08:00
495399,12949,2010-01-25 09:12:00
495400,14540,2010-01-25 09:29:00
495401,14329,2010-01-25 09:38:00
495402,15303,2010-01-25 09:42:00
495404,14439,2010-01-25 09:48:00
495405,16125,2010-01-25 09:53:00
495407,13488,2010-01-25 10:13:00
495408,14735,2010-01-25 10:21:00
495409,17810,2010-01-25 10:26:00
495414,14519,2010-01-25 11:18:00
495415,18199,2010-01-25 11:32:00
495439,13477,2010-01-25 11:52:00
495456,13313,2010-01-25 12:02:00
495467,13001,2010-01-25 12:08:00
495487,15311,2010-01-25 12:18:00
495488,14911,2010-01-25 12:19:00
495501,15719,2010-01-25 12:33:00
495503,15858,2010-01-25 12:50:00
495504,16795,2010-01-25 13:14:00
495505,17419,2010-01-25 13:19:00
495506,14421,2010-01-25 13:21:00
495507,14514,2010-01-25 13:22:00
495508,13141,2010-01-25 13:46:00
495509,16004,2010-01-25 13:56:00
495510,17841,2010-01-25 14:01:00
495512,16700,2010-01-25 14:25:00
495514,13564,2010-01-25 14:26:00
495524,17961,2010-01-25 14:30:00
495526,14628,2010-01-25 14:40:00
495527,15611,2010-01-25 14:50:00
495529,17610,2010-01-25 15:07:00
495530,15768,2010-01-25 15:22:00
495531,14606,2010-01-25 15:23:00
495533,14376,2010-01-25 15:36:00
495534,14032,2010-01-25 15:36:00
495536,12857,2010-01-25 15:37:00
495544,14538,2010-01-25 15:42:00
495546,13206,2010-01-25 15:54:00
495547,18061,2010-01-25 15:55:00
495548,18061,2010-01-25 16:01:00
495549,17218,2010-01-25 16:12:00
495551,17085,2010-01-25 16:17:00
495575,13650,2010-01-26 08:44:00
495576,15259,2010-01-26 09:41:00
495577,13767,2010-01-26 09:45:00
495578,13971,2010-01-26 09:51:00
495580,17681,2010-01-26 10:04:00
495581,12468,2010-01-26 10:09:00
495584,16719,2010-01-26 10:13:00
495591,14646,2010-01-26 10:25:00
495605,12471,2010-01-26 10:32:00
495609,12471,2010-01-26 10:36:00
495633,15039,2010-01-26 10:48:00
495634,15046,2010-01-26 10:54:00
495676,17700,2010-01-26 11:24:00
495677,14211,2010-01-26 11:32:00
495678,15218,2010-01-26 11:33:00
495680,15950,2010-01-26 11:39:00
495681,15805,2010-01-26 11:39:00
495682,15002,2010-01-26 11:44:00
495683,16742,2010-01-26 11:45:00
495684,17536,2010-01-26 12:00:00
495686,15044,2010-01-26 12:10:00
495687,12439,2010-01-26 12:11:00
495688,14527,2010-01-26 12:22:00
495689,14680,2010-01-26 12:23:00
495699,12709,2010-01-26 12:38:00
495700,12709,2010-01-26 12:44:00
495702,12839,2010-01-26 12:53:00
495703,15518,2010-01-26 12:55:00
495706,15003,2010-01-26 13:04:00
495707,14478,2010-01-26 13:06:00
495708,16481,2010-01-26 13:09:00
495710,13459,2010-01-26 13:35:00
495711,13097,2010-01-26 13:40:00
495712,16281,2010-01-26 13:41:00
495713,17075,2010-01-26 13:46:00
495715,13610,2010-01-26 14:05:00
495716,12905,2010-01-26 14:06:00
495718,16791,2010-01-26 14:25:00
495719,12361,2010-01-26 14:37:00
495720,17059,2010-01-26 14:43:00
495721,15845,2010-01-26 14:44:00
495722,17050,2010-01-26 14:54:00
495724,17726,2010-01-26 14:58:00
495725,12681,2010-01-26 15:03:00
495726,13514,2010-01-26 15:11:00
495727,15766,2010-01-26 15:55:00
495731,15959,2010-01-26 16:19:00
495733,14911,2010-01-26 16:21:00
495734,14911,2010-01-26 16:22:00
495735,12745,2010-01-26 16:22:00
495736,12606,2010-01-26 16:23:00
495742,12404,2010-01-26 16:25:00
495745,12466,2010-01-26 16:26:00
495746,15959,2010-01-26 16:26:00
495747,12555,2010-01-26 16:26:00
495748,16291,2010-01-26 16:26:00
495750,14156,2010-01-26 16:27:00
495753,14653,2010-01-26 16:29:00
495754,12846,2010-01-26 16:29:00
495755,14413,2010-01-26 16:29:00
495756,14912,2010-01-26 16:29:00
495758,14911,2010-01-26 16:30:00
495760,14156,2010-01-26 16:31:00
495763,16047,2010-01-26 16:34:00
495765,15959,2010-01-26 16:38:00
495766,12709,2010-01-26 16:38:00
495773,12600,2010-01-26 16:57:00
495776,17940,2010-01-26 17:03:00
495777,14156,2010-01-26 17:05:00
495780,17867,2010-01-26 17:08:00
495782,14156,2010-01-26 17:10:00
495783,14380,2010-01-26 17:11:00
495784,14156,2010-01-26 17:11:00
495788,14156,2010-01-26 17:16:00
495791,14079,2010-01-26 17:19:00
495792,17672,2010-01-26 17:20:00
495794,12471,2010-01-26 17:22:00
495795,15702,2010-01-26 17:23:00
495799,13327,2010-01-26 17:26:00
495801,12570,2010-01-26 17:28:00
495802,12748,2010-01-26 17:28:00
495806,15073,2010-01-27 08:48:00
495807,13698,2010-01-27 09:02:00
495808,16051,2010-01-27 09:38:00
495809,14365,2010-01-27 09:44:00
495810,12873,2010-01-27 09:50:00
495811,15222,2010-01-27 10:02:00
495812,18051,2010-01-27 10:18:00
495815,12549,2010-01-27 10:35:00
495818,14299,2010-01-27 10:39:00
495819,14299,2010-01-27 10:40:00
495854,15695,2010-01-27 10:56:00
495875,16550,2010-01-27 11:26:00
495880,18008,2010-01-27 11:40:00
495882,13941,2010-01-27 11:53:00
495883,15798,2010-01-27 11:55:00
495884,14551,2010-01-27 12:06:00
495885,12869,2010-01-27 12:10:00
495886,14577,2010-01-27 12:11:00
495887,17797,2010-01-27 12:14:00
495889,17604,2010-01-27 12:19:00
495898,16713,2010-01-27 12:31:00
495906,13694,2010-01-27 12:39:00
495907,13694,2010-01-27 12:40:00
495908,15389,2010-01-27 12:44:00
495909,16430,2010-01-27 12:45:00
495910,15911,2010-01-27 12:46:00
495912,13590,2010-01-27 12:50:00
495913,13048,2010-01-27 12:55:00
495915,15797,2010-01-27 13:12:00
495916,12921,2010-01-27 13:19:00
495917,12921,2010-01-27 13:20:00
495918,15885,2010-01-27 13:26:00
495919,16320,2010-01-27 13:29:00
495920,15808,2010-01-27 13:41:00
495921,15311,2010-01-27 14:03:00
495925,17861,2010-01-27 14:38:00
495928,14258,2010-01-27 14:51:00
495929,15485,2010-01-27 15:17:00
495935,13468,2010-01-27 15:32:00
495936,17865,2010-01-27 15:39:00
495937,13798,2010-01-27 15:41:00
495938,13798,2010-01-27 15:42:00
495939,13101,2010-01-27 15:49:00
495940,18016,2010-01-27 16:00:00
495941,14167,2010-01-27 16:07:00
495942,15549,2010-01-27 16:14:00
495945,13758,2010-01-27 16:23:00
495946,14279,2010-01-27 16:34:00
495947,12484,2010-01-27 16:41:00
495949,14606,2010-01-27 16:54:00
495950,12843,2010-01-27 17:11:00
495954,14828,2010-01-28 09:00:00
495955,14625,2010-01-28 09:09:00
495956,17809,2010-01-28 09:20:00
495957,17695,2010-01-28 09:27:00
495958,17982,2010-01-28 09:38:00
495960,14952,2010-01-28 10:06:00
495962,14465,2010-01-28 10:08:00
495963,13448,2010-01-28 10:42:00
495993,14672,2010-01-28 11:33:00
495994,15563,2010-01-28 11:36:00
495995,13694,2010-01-28 11:40:00
496002,16746,2010-01-28 12:06:00
496003,16905,2010-01-28 12:20:00
496004,13820,2010-01-28 12:26:00
496007,15203,2010-01-28 12:32:00
496008,14911,2010-01-28 12:36:00
496010,17841,2010-01-28 12:42:00
496011,12989,2010-01-28 12:54:00
496012,16779,2010-01-28 12:59:00
496013,16366,2010-01-28 13:00:00
496014,14613,2010-01-28 13:02:00
496017,16326,2010-01-28 13:23:00
496019,12835,2010-01-28 13:34:00
496020,12835,2010-01-28 13:44:00
496022,12835,2010-01-28 13:51:00
496023,15602,2010-01-28 13:53:00
496024,13089,2010-01-28 14:06:00
496033,12872,2010-01-28 14:19:00
496042,17646,2010-01-28 14:29:00
496047,14831,2010-01-28 14:31:00
496054,15544,2010-01-28 14:39:00
496056,14558,2010-01-28 14:59:00
496057,16137,2010-01-28 15:04:00
496058,17115,2010-01-28 15:17:00
496059,16535,2010-01-28 15:26:00
496060,18194,2010-01-28 15:30:00
496061,15738,2010-01-28 15:41:00
496062,13615,2010-01-28 15:43:00
496063,15137,2010-01-28 15:45:00
496065,17768,2010-01-28 15:51:00
496066,13831,2010-01-28 15:52:00
496067,17768,2010-01-28 15:54:00
496068,12931,2010-01-28 15:57:00
496069,13093,2010-01-28 16:07:00
496070,18259,2010-01-28 16:39:00
496072,15615,2010-01-28 17:09:00
496073,13174,2010-01-28 17:13:00
496074,17612,2010-01-28 17:14:00
496075,13174,2010-01-28 17:35:00
496081,17905,2010-01-28 17:54:00
496083,17905,2010-01-28 17:55:00
496085,14702,2010-01-28 19:28:00
496086,15861,2010-01-28 19:41:00
496088,13557,2010-01-29 09:13:00
496089,17465,2010-01-29 09:21:00
496092,13085,2010-01-29 10:06:00
496093,12949,2010-01-29 10:10:00
496094,15192,2010-01-29 10:13:00
496095,12484,2010-01-29 10:15:00
496096,18225,2010-01-29 10:25:00
496097,17949,2010-01-29 10:30:00
496099,16029,2010-01-29 10:48:00
496103,15359,2010-01-29 10:49:00
496107,15359,2010-01-29 10:50:00
496110,15359,2010-01-29 10:51:00
496112,15359,2010-01-29 10:52:00
496113,15359,2010-01-29 10:53:00
496115,17949,2010-01-29 11:04:00
496130,14469,2010-01-29 11:12:00
496155,16027,2010-01-29 11:29:00
496166,13085,2010-01-29 11:42:00
496167,14560,2010-01-29 11:45:00
496168,15311,2010-01-29 11:49:00
496170,15311,2010-01-29 11:52:00
496171,13851,2010-01-29 11:54:00
496172,12989,2010-01-29 11:57:00
496173,14796,2010-01-29 11:59:00
496174,15487,2010-01-29 12:07:00
496198,15785,2010-01-29 12:32:00
496200,13480,2010-01-29 12:35:00
496201,15898,2010-01-29 12:35:00
496203,15898,2010-01-29 12:39:00
496204,15251,2010-01-29 12:42:00
496205,12823,2010-01-29 12:52:00
496216,16802,2010-01-29 13:44:00
496217,13267,2010-01-29 13:46:00
496220,15421,2010-01-29 13:52:00
496221,17191,2010-01-29 13:53:00
496222,13583,2010-01-29 13:53:00
496230,16434,2010-01-29 14:13:00
496232,14249,2010-01-29 14:21:00
496233,16673,2010-01-29 14:22:00
496235,14099,2010-01-29 14:37:00
496236,18190,2010-01-29 14:37:00
496237,17677,2010-01-29 14:37:00
496238,15611,2010-01-29 14:41:00
496245,16390,2010-01-29 15:25:00
496288,17603,2010-01-29 17:25:00
496291,16104,2010-01-31 10:08:00
496292,13259,2010-01-31 10:08:00
496293,14068,2010-01-31 10:10:00
496294,17243,2010-01-31 10:15:00
496296,13542,2010-01-31 10:26:00
496297,14896,2010-01-31 10:31:00
496299,16705,2010-01-31 10:39:00
496300,17412,2010-01-31 10:50:00
496301,16718,2010-01-31 11:01:00
496302,15943,2010-01-31 11:04:00
496303,16923,2010-01-31 11:14:00
496304,14532,2010-01-31 11:23:00
496305,14110,2010-01-31 11:25:00
496306,16955,2010-01-31 11:38:00
496307,17314,2010-01-31 11:43:00
496308,17625,2010-01-31 11:54:00
496309,13093,2010-01-31 12:03:00
496310,15420,2010-01-31 12:06:00
496311,13190,2010-01-31 12:12:00
496313,15013,2010-01-31 12:15:00
496315,12748,2010-01-31 12:18:00
496316,15588,2010-01-31 12:19:00
496317,17137,2010-01-31 12:27:00
496318,17137,2010-01-31 12:32:00
496319,15751,2010-01-31 12:35:00
496321,16014,2010-01-31 12:43:00
496322,14481,2010-01-31 12:43:00
496323,14820,2010-01-31 12:49:00
496324,15385,2010-01-31 13:02:00
496325,12490,2010-01-31 13:05:00
496326,12483,2010-01-31 13:28:00
496327,13443,2010-01-31 13:30:00
496329,13392,2010-01-31 13:34:00
496330,14306,2010-01-31 13:42:00
496331,13897,2010-01-31 13:48:00
496333,15338,2010-01-31 14:25:00
496334,14911,2010-01-31 14:37:00
496335,18212,2010-01-31 14:42:00
496337,17372,2010-01-31 15:26:00
496338,17230,2010-01-31 15:34:00
496339,16655,2010-01-31 15:40:00
496340,12668,2010-01-31 15:45:00
496341,17107,2010-01-31 15:47:00
496342,17176,2010-01-31 15:49:00
496343,13478,2010-01-31 15:51:00
496344,14637,2010-01-31 15:52:00
496345,15317,2010-01-31 15:55:00
496348,15022,2010-01-31 16:02:00
496349,14739,2010-02-01 08:13:00
496351,14370,2010-02-01 08:35:00
496354,12810,2010-02-01 09:52:00
496355,16684,2010-02-01 09:55:00
496356,14047,2010-02-01 10:05:00
496357,12540,2010-02-01 10:10:00
496359,12540,2010-02-01 10:13:00
496361,17969,2010-02-01 10:20:00
496363,12800,2010-02-01 11:02:00
496370,13510,2010-02-01 11:20:00
496373,12711,2010-02-01 11:30:00
496374,13259,2010-02-01 11:37:00
496381,12647,2010-02-01 11:44:00
496399,15416,2010-02-01 11:55:00
496400,17365,2010-02-01 11:56:00
496407,15527,2010-02-01 12:01:00
496412,16087,2010-02-01 12:03:00
496425,13511,2010-02-01 12:10:00
496426,17888,2010-02-01 12:13:00
496427,17841,2010-02-01 12:13:00
496428,17949,2010-02-01 12:15:00
496429,14527,2010-02-01 12:18:00
496430,17362,2010-02-01 12:25:00
496431,16415,2010-02-01 12:30:00
496434,17884,2010-02-01 12:36:00
496436,14667,2010-02-01 12:40:00
496438,17884,2010-02-01 12:53:00
496439,12800,2010-02-01 13:16:00
496440,15512,2010-02-01 13:23:00
496441,17377,2010-02-01 13:25:00
496442,14821,2010-02-01 13:33:00
496443,13156,2010-02-01 13:45:00
496444,15311,2010-02-01 13:52:00
496445,13206,2010-02-01 13:59:00
496446,17211,2010-02-01 14:02:00
496459,17361,2010-02-01 14:30:00
496460,17361,2010-02-01 14:33:00
496461,18231,2010-02-01 14:37:00
496462,13628,2010-02-01 14:44:00
496463,15480,2010-02-01 14:52:00
496464,18064,2010-02-01 15:01:00
496465,15555,2010-02-01 15:10:00
496466,15555,2010-02-01 15:13:00
496467,15480,2010-02-01 15:17:00
496469,16353,2010-02-01 15:21:00
496470,14540,2010-02-01 15:23:00
496471,17905,2010-02-01 15:32:00
496473,17350,2010-02-01 15:38:00
496474,13173,2010-02-01 15:39:00
496475,15369,2010-02-01 15:40:00
496476,14821,2010-02-01 15:44:00
496477,15564,2010-02-01 15:58:00
496480,15803,2010-02-01 16:29:00
496486,15882,2010-02-01 17:05:00
496488,14606,2010-02-01 17:16:00
496491,16888,2010-02-01 17:21:00
496493,13584,2010-02-02 08:40:00
496496,15222,2010-02-02 08:44:00
496500,16830,2010-02-02 08:57:00
496502,17146,2010-02-02 09:39:00
496503,13319,2010-02-02 09:59:00
496504,13319,2010-02-02 10:00:00
496505,13916,2010-02-02 10:06:00
496506,15279,2010-02-02 10:15:00
496507,18175,2010-02-02 10:25:00
496509,17163,2010-02-02 10:39:00
496510,14016,2010-02-02 10:47:00
496512,16300,2010-02-02 11:40:00
496513,13162,2010-02-02 11:54:00
496514,17377,2010-02-02 11:57:00
496516,14680,2010-02-02 11:58:00
496517,13767,2010-02-02 12:02:00
496518,13854,2010-02-02 12:03:00
496519,17581,2010-02-02 12:03:00
496520,15311,2010-02-02 12:17:00
496528,15061,2010-02-02 12:39:00
496529,12848,2010-02-02 12:45:00
496530,13538,2010-02-02 12:47:00
496534,17876,2010-02-02 13:00:00
496551,13975,2010-02-02 13:13:00
496564,14911,2010-02-02 13:33:00
496577,13078,2010-02-02 13:39:00
496578,12748,2010-02-02 13:42:00
496579,12748,2010-02-02 13:48:00
496580,15898,2010-02-02 13:49:00
496581,12748,2010-02-02 13:53:00
496582,12748,2010-02-02 13:56:00
496584,14911,2010-02-02 14:11:00
496587,15550,2010-02-02 14:22:00
496588,17675,2010-02-02 14:31:00
496589,17675,2010-02-02 14:34:00
496590,17675,2010-02-02 14:35:00
496592,17920,2010-02-02 14:51:00
496595,13042,2010-02-02 15:49:00
496597,16843,2010-02-02 16:16:00
496609,17092,2010-02-02 16:42:00
496611,16067,2010-02-02 18:01:00
496612,15061,2010-02-03 07:31:00
496613,15270,2010-02-03 08:14:00
496614,15270,2010-02-03 08:15:00
496616,12682,2010-02-03 09:03:00
496617,12805,2010-02-03 09:06:00
496618,12510,2010-02-03 09:15:00
496623,15497,2010-02-03 09:43:00
496624,15321,2010-02-03 09:47:00
496625,14051,2010-02-03 09:56:00
496626,13599,2010-02-03 10:03:00
496627,14867,2010-02-03 10:11:00
496628,16755,2010-02-03 10:22:00
496629,12647,2010-02-03 10:34:00
496631,14146,2010-02-03 10:39:00
496641,15091,2010-02-03 11:46:00
496642,15091,2010-02-03 11:50:00
496643,13408,2010-02-03 11:58:00
496644,15003,2010-02-03 11:58:00
496651,13553,2010-02-03 12:21:00
496652,16928,2010-02-03 12:30:00
496662,13757,2010-02-03 12:37:00
496665,17311,2010-02-03 12:38:00
496675,16840,2010-02-03 12:42:00
496677,16081,2010-02-03 12:46:00
496690,14399,2010-02-03 13:09:00
496703,12396,2010-02-03 13:22:00
496704,16709,2010-02-03 13:24:00
496705,15448,2010-02-03 13:29:00
496706,15874,2010-02-03 13:34:00
496710,18101,2010-02-03 13:52:00
496725,13619,2010-02-03 14:16:00
496728,14709,2010-02-03 14:23:00
496730,16834,2010-02-03 14:24:00
496737,17690,2010-02-03 14:26:00
496745,16722,2010-02-03 14:36:00
496750,12840,2010-02-03 14:51:00
496768,14327,2010-02-03 15:07:00
496770,15015,2010-02-03 15:19:00
496771,14545,2010-02-03 15:23:00
496772,16945,2010-02-03 15:34:00
496773,15023,2010-02-03 15:45:00
496774,13562,2010-02-03 15:52:00
496775,13562,2010-02-03 15:53:00
496792,16353,2010-02-03 16:46:00
496802,14038,2010-02-04 08:56:00
496803,15591,2010-02-04 09:20:00
496816,14497,2010-02-04 09:59:00
496817,13468,2010-02-04 10:06:00
496818,15732,2010-02-04 10:10:00
496821,13875,2010-02-04 10:37:00
496822,13107,2010-02-04 10:50:00
496829,14607,2010-02-04 10:56:00
496850,17406,2010-02-04 11:39:00
496851,15768,2010-02-04 11:40:00
496862,16891,2010-02-04 12:07:00
496863,16771,2010-02-04 12:08:00
496864,12373,2010-02-04 12:08:00
496865,16583,2010-02-04 12:18:00
496866,15046,2010-02-04 12:22:00
496867,13953,2010-02-04 12:26:00
496868,14590,2010-02-04 12:27:00
496869,16779,2010-02-04 12:41:00
496870,17281,2010-02-04 13:00:00
496871,16383,2010-02-04 13:18:00
496872,14648,2010-02-04 13:34:00
496873,14040,2010-02-04 13:38:00
496876,16412,2010-02-04 13:46:00
496877,13783,2010-02-04 13:47:00
496881,17841,2010-02-04 13:53:00
496882,15167,2010-02-04 14:13:00
496900,17138,2010-02-04 14:19:00
496904,16986,2010-02-04 14:46:00
496907,16986,2010-02-04 14:48:00
496911,12500,2010-02-04 15:05:00
496912,16986,2010-02-04 15:15:00
496913,16986,2010-02-04 15:19:00
496914,12500,2010-02-04 15:20:00
496915,15856,2010-02-04 15:21:00
496916,12490,2010-02-04 15:33:00
496917,14151,2010-02-04 15:35:00
496918,16986,2010-02-04 15:40:00
496919,16986,2010-02-04 15:41:00
496920,17309,2010-02-04 15:49:00
496921,14081,2010-02-04 15:49:00
496925,14081,2010-02-04 16:12:00
496926,17965,2010-02-04 16:16:00
496927,17293,2010-02-04 16:18:00
496928,16266,2010-02-04 16:21:00
496929,16569,2010-02-04 16:40:00
496930,17873,2010-02-04 16:43:00
496931,15365,2010-02-04 16:43:00
496932,17873,2010-02-04 16:48:00
496933,13491,2010-02-04 16:49:00
496934,14861,2010-02-04 17:05:00
496935,17328,2010-02-04 17:11:00
496944,14606,2010-02-04 17:29:00
496945,15061,2010-02-04 17:38:00
496946,14307,2010-02-04 17:50:00
496947,14030,2010-02-04 18:16:00
496948,15810,2010-02-04 18:18:00
496949,13874,2010-02-04 18:39:00
496959,17949,2010-02-04 19:24:00
496961,17231,2010-02-04 19:34:00
496962,17949,2010-02-04 19:42:00
496963,17949,2010-02-04 19:44:00
496972,15031,2010-02-04 19:58:00
496973,18267,2010-02-05 08:43:00
496974,14298,2010-02-05 08:53:00
496975,12712,2010-02-05 09:14:00
496976,12500,2010-02-05 09:28:00
496977,13823,2010-02-05 09:49:00
496978,15326,2010-02-05 09:53:00
496980,17157,2010-02-05 10:32:00
496981,15482,2010-02-05 10:35:00
496982,17969,2010-02-05 10:51:00
496987,14607,2010-02-05 11:21:00
496990,14607,2010-02-05 11:22:00
496994,13694,2010-02-05 11:32:00
496996,18087,2010-02-05 11:37:00
497000,13234,2010-02-05 11:41:00
497002,12853,2010-02-05 11:57:00
497004,15291,2010-02-05 12:04:00
497005,13009,2010-02-05 12:22:00
497006,16147,2010-02-05 12:26:00
497007,15465,2010-02-05 12:30:00
497025,15311,2010-02-05 13:14:00
497027,13658,2010-02-05 13:17:00
497029,13141,2010-02-05 13:35:00
497030,18102,2010-02-05 13:37:00
497031,12835,2010-02-05 13:38:00
497033,18170,2010-02-05 13:57:00
497035,16704,2010-02-05 14:14:00
497036,15738,2010-02-05 14:18:00
497039,13758,2010-02-05 14:34:00
497043,15784,2010-02-05 14:42:00
497056,14682,2010-02-05 14:47:00
497073,16168,2010-02-05 14:52:00
497084,18168,2010-02-05 14:57:00
497100,14298,2010-02-05 15:04:00
497106,17961,2010-02-05 15:16:00
497124,13564,2010-02-05 15:24:00
497152,15660,2010-02-05 16:01:00
497157,18102,2010-02-05 16:25:00
497163,16550,2010-02-05 16:45:00
497195,13700,2010-02-07 10:53:00
497196,15712,2010-02-07 11:16:00
497197,16714,2010-02-07 11:17:00
497198,15580,2010-02-07 11:21:00
497200,13984,2010-02-07 11:29:00
497201,12681,2010-02-07 11:37:00
497202,15059,2010-02-07 11:38:00
497203,14546,2010-02-07 11:48:00
497204,15422,2010-02-07 11:52:00
497205,17841,2010-02-07 11:57:00
497207,14454,2010-02-07 12:15:00
497208,15584,2010-02-07 12:16:00
497209,16788,2010-02-07 12:40:00
497210,12402,2010-02-07 12:41:00
497211,16225,2010-02-07 12:41:00
497212,18051,2010-02-07 13:30:00
497213,14735,2010-02-07 14:07:00
497214,14562,2010-02-07 14:10:00
497215,13648,2010-02-07 14:11:00
497216,14685,2010-02-07 14:27:00
497217,14156,2010-02-07 14:27:00
497218,12644,2010-02-07 14:27:00
497219,16656,2010-02-07 14:39:00
497221,17550,2010-02-07 15:07:00
497222,16082,2010-02-07 15:16:00
497223,16212,2010-02-07 15:26:00
497225,16422,2010-02-07 15:49:00
497226,13394,2010-02-07 15:56:00
497227,13798,2010-02-07 15:57:00
497228,13004,2010-02-08 09:06:00
497229,17342,2010-02-08 09:16:00
497230,17504,2010-02-08 09:22:00
497233,14227,2010-02-08 09:38:00
497234,17230,2010-02-08 10:09:00
497235,18223,2010-02-08 10:11:00
497236,18061,2010-02-08 10:17:00
497237,13497,2010-02-08 10:27:00
497238,12472,2010-02-08 10:34:00
497240,16161,2010-02-08 11:06:00
497242,16351,2010-02-08 11:33:00
497244,15015,2010-02-08 11:42:00
497247,15015,2010-02-08 11:54:00
497249,14560,2010-02-08 11:58:00
497250,14590,2010-02-08 12:03:00
497251,13870,2010-02-08 12:08:00
497252,15601,2010-02-08 12:18:00
497253,14527,2010-02-08 12:24:00
497254,16246,2010-02-08 12:32:00
497256,13417,2010-02-08 12:39:00
497257,13304,2010-02-08 12:42:00
497258,13834,2010-02-08 12:52:00
497259,14884,2010-02-08 12:56:00
497261,16710,2010-02-08 13:11:00
497263,17965,2010-02-08 13:19:00
497264,15967,2010-02-08 13:24:00
497265,18070,2010-02-08 13:28:00
497266,15867,2010-02-08 13:28:00
497267,16078,2010-02-08 13:29:00
497269,15339,2010-02-08 13:38:00
497272,17160,2010-02-08 13:50:00
497274,16781,2010-02-08 13:56:00
497284,17514,2010-02-08 14:00:00
497312,17294,2010-02-08 14:21:00
497334,17647,2010-02-08 14:39:00
497335,17647,2010-02-08 14:40:00
497336,12524,2010-02-08 14:41:00
497337,14911,2010-02-08 14:53:00
497339,14911,2010-02-08 15:08:00
497340,12665,2010-02-08 15:11:00
497341,13819,2010-02-08 15:30:00
497342,15311,2010-02-08 15:36:00
497345,17319,2010-02-08 15:47:00
497346,16551,2010-02-08 15:48:00
497347,17774,2010-02-08 16:06:00
497348,13965,2010-02-08 16:11:00
497349,17294,2010-02-08 16:12:00
497351,15892,2010-02-08 16:23:00
497358,14606,2010-02-08 17:25:00
497359,13119,2010-02-09 08:38:00
497360,12437,2010-02-09 09:17:00
497362,14160,2010-02-09 09:19:00
497363,12370,2010-02-09 09:41:00
497364,13131,2010-02-09 09:47:00
497365,14609,2010-02-09 09:48:00
497366,18268,2010-02-09 09:53:00
497367,17742,2010-02-09 10:03:00
497368,17577,2010-02-09 10:10:00
497369,16746,2010-02-09 10:18:00
497370,15082,2010-02-09 10:23:00
497371,12471,2010-02-09 10:24:00
497372,17810,2010-02-09 10:47:00
497373,16748,2010-02-09 10:48:00
497374,12645,2010-02-09 10:49:00
497376,12683,2010-02-09 11:11:00
497377,12490,2010-02-09 11:37:00
497378,13089,2010-02-09 11:39:00
497379,15039,2010-02-09 11:40:00
497380,17083,2010-02-09 11:46:00
497382,14680,2010-02-09 11:50:00
497383,12621,2010-02-09 12:01:00
497384,12647,2010-02-09 12:03:00
497385,13293,2010-02-09 12:05:00
497386,15953,2010-02-09 12:09:00
497387,16344,2010-02-09 12:16:00
497388,15003,2010-02-09 12:23:00
497389,15359,2010-02-09 12:30:00
497390,17731,2010-02-09 12:37:00
497391,12523,2010-02-09 12:38:00
497392,13993,2010-02-09 12:52:00
497393,13976,2010-02-09 13:08:00
497394,12681,2010-02-09 13:08:00
497395,18231,2010-02-09 13:10:00
497396,13242,2010-02-09 13:12:00
497397,17631,2010-02-09 13:18:00
497398,16436,2010-02-09 13:19:00
497399,16103,2010-02-09 13:20:00
497400,16419,2010-02-09 13:26:00
497401,13985,2010-02-09 13:56:00
497402,16873,2010-02-09 14:17:00
497403,14422,2010-02-09 14:25:00
497404,12663,2010-02-09 14:28:00
497405,14735,2010-02-09 14:28:00
497433,16353,2010-02-09 15:10:00
497473,13156,2010-02-09 15:27:00
497475,16530,2010-02-09 15:30:00
497485,14460,2010-02-09 15:45:00
497486,16841,2010-02-09 15:48:00
497488,13700,2010-02-09 16:01:00
497489,17841,2010-02-09 16:18:00
497494,13092,2010-02-10 08:44:00
497495,12932,2010-02-10 08:46:00
497496,12483,2010-02-10 09:07:00
497497,18058,2010-02-10 09:38:00
497498,13777,2010-02-10 09:41:00
497499,15176,2010-02-10 10:36:00
497500,13767,2010-02-10 10:39:00
497501,14606,2010-02-10 11:14:00
497504,14593,2010-02-10 11:21:00
497506,14593,2010-02-10 11:26:00
497508,16768,2010-02-10 11:46:00
497509,13164,2010-02-10 11:52:00
497510,12776,2010-02-10 12:11:00
497511,16742,2010-02-10 12:22:00
497512,17201,2010-02-10 12:26:00
497517,13813,2010-02-10 13:04:00
497518,15312,2010-02-10 13:18:00
497519,15311,2010-02-10 13:32:00
497521,17780,2010-02-10 13:39:00
497522,17780,2010-02-10 13:43:00
497523,17575,2010-02-10 13:48:00
497525,13442,2010-02-10 14:03:00
497572,12747,2010-02-10 14:28:00
497574,14739,2010-02-10 14:36:00
497583,12951,2010-02-10 14:51:00
497588,17377,2010-02-10 17:16:00
497589,17377,2010-02-10 17:19:00
497592,17139,2010-02-11 08:51:00
497593,12474,2010-02-11 09:41:00
497594,13520,2010-02-11 09:41:00
497596,16577,2010-02-11 09:45:00
497597,15628,2010-02-11 09:59:00
497600,17085,2010-02-11 10:01:00
497601,12670,2010-02-11 10:13:00
497602,15765,2010-02-11 10:25:00
497603,12567,2010-02-11 10:30:00
497604,17696,2010-02-11 10:49:00
497605,17961,2010-02-11 11:24:00
497606,12682,2010-02-11 11:28:00
497607,17961,2010-02-11 11:39:00
497608,13468,2010-02-11 11:42:00
497609,14115,2010-02-11 11:44:00
497610,17961,2010-02-11 11:45:00
497612,12523,2010-02-11 11:53:00
497615,14527,2010-02-11 11:59:00
497618,15044,2010-02-11 12:18:00
497619,14451,2010-02-11 12:22:00
497620,12835,2010-02-11 12:23:00
497622,16525,2010-02-11 12:24:00
497623,14072,2010-02-11 12:31:00
497624,16992,2010-02-11 12:36:00
497625,15738,2010-02-11 12:47:00
497628,15005,2010-02-11 13:03:00
497629,14301,2010-02-11 13:07:00
497630,17243,2010-02-11 13:10:00
497632,16918,2010-02-11 13:41:00
497636,17685,2010-02-11 13:44:00
497644,16125,2010-02-11 13:47:00
497652,16918,2010-02-11 13:51:00
497662,12677,2010-02-11 13:55:00
497670,15874,2010-02-11 14:04:00
497677,13696,2010-02-11 14:17:00
497678,14190,2010-02-11 14:27:00
497680,15244,2010-02-11 14:48:00
497681,13288,2010-02-11 14:59:00
497682,13551,2010-02-11 15:01:00
497683,16839,2010-02-11 15:02:00
497684,14401,2010-02-11 15:02:00
497690,15291,2010-02-11 15:25:00
497691,14040,2010-02-11 15:29:00
497692,15807,2010-02-11 15:32:00
497696,18041,2010-02-11 16:16:00
497706,16978,2010-02-11 16:27:00
497711,16978,2010-02-11 16:33:00
497715,15061,2010-02-11 17:33:00
497716,13629,2010-02-11 17:34:00
497732,13291,2010-02-11 18:36:00
497733,13199,2010-02-11 18:43:00
497734,13199,2010-02-11 18:45:00
497735,16553,2010-02-11 18:46:00
497736,16553,2010-02-11 18:48:00
497738,17675,2010-02-12 10:14:00
497739,14606,2010-02-12 10:21:00
497740,13815,2010-02-12 10:26:00
497741,15755,2010-02-12 10:29:00
497742,16029,2010-02-12 10:45:00
497743,16895,2010-02-12 11:07:00
497786,16858,2010-02-12 11:50:00
497787,15293,2010-02-12 11:54:00
497788,18065,2010-02-12 12:04:00
497791,16713,2010-02-12 12:21:00
497794,15504,2010-02-12 12:34:00
497795,16954,2010-02-12 12:51:00
497796,15633,2010-02-12 12:59:00
497798,12695,2010-02-12 13:22:00
497799,13223,2010-02-12 13:27:00
497802,13027,2010-02-12 13:52:00
497807,12971,2010-02-12 14:00:00
497808,17226,2010-02-12 14:31:00
497809,17547,2010-02-12 14:34:00
497812,14415,2010-02-12 14:46:00
497816,15278,2010-02-12 14:53:00
497817,15278,2010-02-12 14:54:00
497839,17954,2010-02-12 15:24:00
497840,15288,2010-02-12 15:27:00
497842,12976,2010-02-12 15:46:00
497844,17258,2010-02-12 15:51:00
497846,17955,2010-02-12 16:27:00
497874,15527,2010-02-12 17:16:00
497875,17029,2010-02-14 10:19:00
497876,13050,2010-02-14 11:04:00
497879,12422,2010-02-14 11:15:00
497880,16560,2010-02-14 11:23:00
497881,15372,2010-02-14 11:24:00
497882,12748,2010-02-14 11:42:00
497883,13446,2010-02-14 11:52:00
497884,16608,2010-02-14 11:57:00
497885,15093,2010-02-14 12:06:00
497887,14341,2010-02-14 12:09:00
497888,14341,2010-02-14 12:11:00
497889,17230,2010-02-14 12:15:00
497890,17108,2010-02-14 12:22:00
497891,15561,2010-02-14 12:22:00
497892,13542,2010-02-14 12:22:00
497893,15965,2010-02-14 12:28:00
497894,15425,2010-02-14 12:36:00
497895,12989,2010-02-14 12:37:00
497896,12989,2010-02-14 12:37:00
497897,15538,2010-02-14 12:38:00
497898,18077,2010-02-14 12:49:00
497899,16136,2010-02-14 12:49:00
497901,12872,2010-02-14 12:52:00
497902,15795,2010-02-14 12:57:00
497903,15795,2010-02-14 12:58:00
497905,13587,2010-02-14 13:17:00
497906,14156,2010-02-14 13:26:00
497907,14970,2010-02-14 13:37:00
497908,14970,2010-02-14 13:38:00
497909,15272,2010-02-14 13:39:00
497910,15260,2010-02-14 13:40:00
497911,17285,2010-02-14 14:10:00
497912,12867,2010-02-14 14:35:00
497913,16713,2010-02-14 14:38:00
497914,13421,2010-02-14 14:45:00
497915,13421,2010-02-14 14:54:00
497916,17340,2010-02-14 14:54:00
497917,13421,2010-02-14 15:13:00
497918,17841,2010-02-14 15:22:00
497919,16838,2010-02-14 15:27:00
497920,15964,2010-02-14 15:30:00
497921,14869,2010-02-14 15:38:00
497922,14909,2010-02-14 15:47:00
497923,18179,2010-02-14 15:51:00
497925,14943,2010-02-14 16:04:00
497926,12426,2010-02-15 08:41:00
497928,16225,2010-02-15 09:19:00
497929,14302,2010-02-15 09:20:00
497931,14258,2010-02-15 09:48:00
497932,12391,2010-02-15 10:12:00
497933,16422,2010-02-15 10:33:00
497934,16905,2010-02-15 10:43:00
497935,13408,2010-02-15 10:47:00
497936,15359,2010-02-15 10:47:00
497937,15769,2010-02-15 10:49:00
497939,17091,2010-02-15 10:56:00
497941,14282,2010-02-15 11:22:00
497942,14238,2010-02-15 11:39:00
497943,13225,2010-02-15 11:46:00
497944,13225,2010-02-15 11:50:00
497946,13902,2010-02-15 11:57:00
497947,12380,2010-02-15 12:05:00
497948,13081,2010-02-15 12:05:00
497949,16327,2010-02-15 12:10:00
497950,16027,2010-02-15 12:17:00
497952,12380,2010-02-15 12:31:00
497953,16330,2010-02-15 12:36:00
497954,16225,2010-02-15 12:50:00
497955,14543,2010-02-15 12:54:00
497956,17136,2010-02-15 13:13:00
497957,15371,2010-02-15 13:14:00
497958,14680,2010-02-15 13:20:00
497959,16544,2010-02-15 13:20:00
497963,14527,2010-02-15 13:27:00
497966,16544,2010-02-15 13:28:00
497969,16544,2010-02-15 13:29:00
497983,16860,2010-02-15 13:46:00
498012,17241,2010-02-15 14:47:00
498013,15311,2010-02-15 14:49:00
498014,15805,2010-02-15 15:00:00
498015,17442,2010-02-15 15:54:00
498018,12835,2010-02-15 16:45:00
498019,13089,2010-02-15 16:57:00
498020,13089,2010-02-15 17:00:00
498021,14911,2010-02-15 17:01:00
498022,13089,2010-02-15 17:01:00
498025,15640,2010-02-15 17:17:00
498026,15640,2010-02-15 17:26:00
498027,17644,2010-02-16 08:44:00
498028,15323,2010-02-16 09:21:00
498029,17662,2010-02-16 09:38:00
498035,18172,2010-02-16 10:10:00
498037,13802,2010-02-16 10:11:00
498041,16098,2010-02-16 10:26:00
498042,14369,2010-02-16 10:28:00
498043,16359,2010-02-16 10:39:00
498044,14989,2010-02-16 10:40:00
498045,16584,2010-02-16 10:41:00
498046,15051,2010-02-16 10:44:00
498047,13381,2010-02-16 10:45:00
498048,14606,2010-02-16 10:55:00
498049,13407,2010-02-16 11:13:00
498052,17404,2010-02-16 11:58:00
498053,17171,2010-02-16 12:02:00
498054,16158,2010-02-16 12:06:00
498055,14669,2010-02-16 12:11:00
498060,17287,2010-02-16 12:13:00
498070,14669,2010-02-16 12:19:00
498078,14320,2010-02-16 12:22:00
498089,13397,2010-02-16 12:29:00
498090,17287,2010-02-16 12:30:00
498091,14639,2010-02-16 12:35:00
498093,15372,2010-02-16 12:42:00
498094,17778,2010-02-16 12:44:00
498095,16940,2010-02-16 12:50:00
498096,12836,2010-02-16 12:59:00
498097,16525,2010-02-16 13:12:00
498098,17789,2010-02-16 13:16:00
498099,14466,2010-02-16 13:23:00
498100,15325,2010-02-16 13:30:00
498101,12960,2010-02-16 13:32:00
498102,15372,2010-02-16 13:33:00
498103,15680,2010-02-16 13:39:00
498104,13503,2010-02-16 13:49:00
498105,15372,2010-02-16 13:52:00
498106,14525,2010-02-16 13:53:00
498107,15078,2010-02-16 13:57:00
498108,13468,2010-02-16 14:03:00
498110,13503,2010-02-16 14:11:00
498112,12972,2010-02-16 14:30:00
498114,15311,2010-02-16 14:32:00
498116,14113,2010-02-16 14:35:00
498118,16701,2010-02-16 14:49:00
498119,13078,2010-02-16 15:13:00
498120,13089,2010-02-16 15:25:00
498121,17351,2010-02-16 15:27:00
498123,16409,2010-02-16 15:35:00
498124,17931,2010-02-16 15:47:00
498125,13842,2010-02-16 15:54:00
498126,13842,2010-02-16 15:55:00
498127,13842,2010-02-16 15:56:00
498128,16911,2010-02-16 16:12:00
498130,15662,2010-02-16 16:47:00
498131,17342,2010-02-16 16:50:00
498132,16774,2010-02-16 16:53:00
498135,14911,2010-02-16 17:47:00
498136,13728,2010-02-17 08:32:00
498137,14465,2010-02-17 08:47:00
498138,14944,2010-02-17 08:47:00
498139,14944,2010-02-17 08:49:00
498141,13659,2010-02-17 09:05:00
498142,17364,2010-02-17 09:43:00
498143,13901,2010-02-17 09:53:00
498145,14156,2010-02-17 10:04:00
498149,18285,2010-02-17 10:24:00
498152,13902,2010-02-17 10:51:00
498153,14198,2010-02-17 11:05:00
498154,14732,2010-02-17 11:27:00
498155,14732,2010-02-17 11:29:00
498156,17888,2010-02-17 11:31:00
498157,14244,2010-02-17 11:40:00
498158,15002,2010-02-17 11:44:00
498159,17646,2010-02-17 11:49:00
498160,15911,2010-02-17 11:58:00
498161,15251,2010-02-17 12:03:00
498162,17560,2010-02-17 12:11:00
498163,17511,2010-02-17 12:12:00
498164,13613,2010-02-17 12:40:00
498205,14276,2010-02-17 13:10:00
498213,18092,2010-02-17 13:16:00
498216,17377,2010-02-17 13:26:00
498217,17426,2010-02-17 13:39:00
498221,17075,2010-02-17 13:53:00
498222,14584,2010-02-17 14:01:00
498223,16447,2010-02-17 14:09:00
498224,17757,2010-02-17 14:24:00
498236,15061,2010-02-17 14:34:00
498238,15768,2010-02-17 14:35:00
498240,12921,2010-02-17 14:35:00
498249,14911,2010-02-17 14:39:00
498254,14911,2010-02-17 14:42:00
498256,16553,2010-02-17 14:43:00
498260,13317,2010-02-17 14:47:00
498261,16938,2010-02-17 14:47:00
498269,16928,2010-02-17 15:03:00
498270,18218,2010-02-17 15:11:00
498276,16422,2010-02-17 15:41:00
498281,17739,2010-02-17 16:23:00
498283,17858,2010-02-17 16:40:00
498284,13798,2010-02-17 16:43:00
498288,17576,2010-02-17 16:55:00
498290,17858,2010-02-17 17:02:00
498291,14322,2010-02-18 08:49:00
498292,14495,2010-02-18 08:49:00
498294,14890,2010-02-18 09:00:00
498300,17157,2010-02-18 09:14:00
498301,13767,2010-02-18 09:20:00
498303,15640,2010-02-18 09:31:00
498305,15827,2010-02-18 09:32:00
498307,14560,2010-02-18 09:46:00
498325,15544,2010-02-18 10:26:00
498326,13773,2010-02-18 10:27:00
498328,15586,2010-02-18 10:27:00
498336,12993,2010-02-18 10:35:00
498338,13020,2010-02-18 10:35:00
498340,16143,2010-02-18 11:00:00
498341,17961,2010-02-18 11:12:00
498343,12600,2010-02-18 11:19:00
498345,13431,2010-02-18 11:53:00
498346,16563,2010-02-18 11:56:00
498347,16713,2010-02-18 12:01:00
498348,18172,2010-02-18 12:16:00
498349,14967,2010-02-18 12:22:00
498350,14085,2010-02-18 12:25:00
498351,13206,2010-02-18 12:34:00
498352,12898,2010-02-18 12:36:00
498353,12949,2010-02-18 12:36:00
498354,14527,2010-02-18 12:50:00
498355,14239,2010-02-18 12:57:00
498357,17841,2010-02-18 13:15:00
498359,14040,2010-02-18 13:28:00
498360,12748,2010-02-18 13:29:00
498361,13394,2010-02-18 13:34:00
498362,14952,2010-02-18 13:38:00
498363,14952,2010-02-18 13:42:00
498364,16170,2010-02-18 13:50:00
498365,13579,2010-02-18 13:53:00
498366,14152,2010-02-18 13:57:00
498378,18178,2010-02-18 14:25:00
498379,13680,2010-02-18 14:29:00
498380,12891,2010-02-18 14:32:00
498381,17763,2010-02-18 14:32:00
498383,15693,2010-02-18 14:37:00
498389,14606,2010-02-18 14:43:00
498395,14646,2010-02-18 15:13:00
498396,14646,2010-02-18 15:16:00
498397,17721,2010-02-18 15:18:00
498398,14646,2010-02-18 15:19:00
498399,12747,2010-02-18 15:20:00
498400,15005,2010-02-18 15:33:00
498401,17469,2010-02-18 15:44:00
498403,18153,2010-02-18 15:50:00
498416,14783,2010-02-18 16:16:00
498418,18257,2010-02-18 16:20:00
498421,18008,2010-02-18 16:31:00
498429,15306,2010-02-18 17:12:00
498430,15615,2010-02-18 17:17:00
498431,14031,2010-02-18 17:29:00
498432,16487,2010-02-18 17:36:00
498433,13001,2010-02-18 17:50:00
498434,13952,2010-02-18 18:20:00
498435,14686,2010-02-18 18:29:00
498436,14686,2010-02-18 18:33:00
498437,17941,2010-02-18 19:11:00
498438,13333,2010-02-19 09:26:00
498439,14285,2010-02-19 09:36:00
498440,18102,2010-02-19 09:37:00
498442,13004,2010-02-19 09:41:00
498445,16656,2010-02-19 10:01:00
498446,13093,2010-02-19 10:16:00
498447,16467,2010-02-19 10:20:00
498448,13957,2010-02-19 10:32:00
498457,17949,2010-02-19 10:39:00
498463,13769,2010-02-19 10:41:00
498473,12931,2010-02-19 10:44:00
498504,12931,2010-02-19 11:29:00
498505,17949,2010-02-19 11:34:00
498507,16029,2010-02-19 11:41:00
498508,16574,2010-02-19 11:46:00
498510,13929,2010-02-19 11:54:00
498511,13604,2010-02-19 12:02:00
498513,17145,2010-02-19 12:07:00
498515,15465,2010-02-19 12:10:00
498516,18231,2010-02-19 12:12:00
498517,15808,2010-02-19 12:34:00
498518,15867,2010-02-19 12:48:00
498519,16393,2010-02-19 12:50:00
498521,17139,2010-02-19 13:15:00
498522,13662,2010-02-19 13:21:00
498524,13662,2010-02-19 13:23:00
498525,13552,2010-02-19 13:28:00
498526,13552,2010-02-19 13:29:00
498527,17816,2010-02-19 13:53:00
498528,15311,2010-02-19 14:11:00
498543,17961,2010-02-19 14:44:00
498545,13191,2010-02-19 17:02:00
498547,18283,2010-02-19 17:16:00
498548,17400,2010-02-19 17:40:00
498550,12416,2010-02-21 10:19:00
498552,17243,2010-02-21 10:25:00
498553,15013,2010-02-21 11:02:00
498554,13761,2010-02-21 11:08:00
498555,14878,2010-02-21 11:14:00
498558,14878,2010-02-21 11:19:00
498559,14878,2010-02-21 11:22:00
498560,16335,2010-02-21 11:29:00
498561,15988,2010-02-21 11:36:00
498562,15182,2010-02-21 12:03:00
498564,14505,2010-02-21 12:25:00
498565,16485,2010-02-21 12:31:00
498566,16912,2010-02-21 12:36:00
498567,16693,2010-02-21 12:42:00
498568,14239,2010-02-21 12:43:00
498569,14911,2010-02-21 12:50:00
498570,15059,2010-02-21 12:52:00
498571,15774,2010-02-21 12:57:00
498573,14606,2010-02-21 13:16:00
498574,15498,2010-02-21 13:18:00
498575,14560,2010-02-21 13:37:00
498577,16948,2010-02-21 13:48:00
498578,13980,2010-02-21 14:18:00
498579,17332,2010-02-21 14:41:00
498581,13571,2010-02-21 14:57:00
498584,16200,2010-02-21 15:06:00
498585,16200,2010-02-21 15:09:00
498587,15928,2010-02-21 15:16:00
498588,12945,2010-02-21 15:18:00
498589,14895,2010-02-21 15:19:00
498590,13044,2010-02-21 15:28:00
498592,16450,2010-02-21 15:46:00
498593,14602,2010-02-21 15:47:00
498594,16797,2010-02-21 15:48:00
498596,13152,2010-02-21 15:58:00
498597,16273,2010-02-21 16:02:00
498601,13538,2010-02-21 16:09:00
498610,13393,2010-02-22 09:17:00
498611,13540,2010-02-22 09:22:00
498612,13540,2010-02-22 09:24:00
498613,12360,2010-02-22 09:32:00
498614,14849,2010-02-22 09:48:00
498615,13434,2010-02-22 09:54:00
498616,12391,2010-02-22 10:13:00
498617,12389,2010-02-22 10:15:00
498618,15382,2010-02-22 10:24:00
498622,16985,2010-02-22 10:38:00
498636,14159,2010-02-22 11:11:00
498642,16057,2010-02-22 11:13:00
498648,17955,2010-02-22 11:22:00
498694,13787,2010-02-22 11:42:00
498696,16619,2010-02-22 12:05:00
498697,14997,2010-02-22 12:11:00
498704,17841,2010-02-22 12:44:00
498705,14680,2010-02-22 12:44:00
498706,17439,2010-02-22 12:48:00
498708,13199,2010-02-22 12:48:00
498709,13217,2010-02-22 12:49:00
498713,17195,2010-02-22 13:05:00
498715,17081,2010-02-22 13:19:00
498716,15754,2010-02-22 13:31:00
498717,17259,2010-02-22 13:38:00
498718,17675,2010-02-22 13:40:00
498719,13854,2010-02-22 13:44:00
498720,15673,2010-02-22 14:28:00
498721,13178,2010-02-22 14:34:00
498722,16071,2010-02-22 14:48:00
498723,13340,2010-02-22 14:54:00
498724,13340,2010-02-22 14:59:00
498725,14667,2010-02-22 15:12:00
498726,13576,2010-02-22 15:13:00
498728,13408,2010-02-22 15:39:00
498729,17829,2010-02-22 15:39:00
498734,17610,2010-02-22 15:52:00
498736,12748,2010-02-22 16:04:00
498746,13513,2010-02-22 16:36:00
498756,12980,2010-02-22 16:48:00
498757,14030,2010-02-22 16:49:00
498758,12748,2010-02-22 16:56:00
498759,14156,2010-02-22 16:58:00
498762,14081,2010-02-22 17:10:00
498763,14030,2010-02-22 17:14:00
498764,14081,2010-02-22 17:21:00
498765,12755,2010-02-23 09:37:00
498766,18051,2010-02-23 09:42:00
498767,17848,2010-02-23 09:52:00
498768,12727,2010-02-23 09:54:00
498769,13093,2010-02-23 09:54:00
498770,17667,2010-02-23 09:57:00
498774,13330,2010-02-23 10:12:00
498776,14160,2010-02-23 10:25:00
498778,14134,2010-02-23 10:48:00
498779,14134,2010-02-23 10:49:00
498797,15493,2010-02-23 11:14:00
498817,15732,2010-02-23 11:29:00
498827,13798,2010-02-23 11:36:00
498832,17377,2010-02-23 11:43:00
498836,12647,2010-02-23 11:44:00
498844,15611,2010-02-23 11:46:00
498849,15967,2010-02-23 11:49:00
498850,16416,2010-02-23 12:00:00
498851,13319,2010-02-23 12:02:00
498852,13319,2010-02-23 12:03:00
498853,16779,2010-02-23 12:08:00
498877,13052,2010-02-23 12:31:00
498878,14726,2010-02-23 12:35:00
498879,17519,2010-02-23 12:47:00
498880,14558,2010-02-23 12:51:00
498884,12820,2010-02-23 12:55:00
498886,15295,2010-02-23 13:03:00
498890,12682,2010-02-23 13:21:00
498893,14755,2010-02-23 13:22:00
498899,13772,2010-02-23 13:55:00
498900,15241,2010-02-23 13:59:00
498901,15311,2010-02-23 14:12:00
498902,16843,2010-02-23 14:13:00
498903,14112,2010-02-23 14:16:00
498905,12854,2010-02-23 14:40:00
498906,13490,2010-02-23 14:48:00
498907,12472,2010-02-23 14:52:00
498908,13287,2010-02-23 14:54:00
498909,14092,2010-02-23 14:56:00
498910,14091,2010-02-23 15:17:00
498911,16702,2010-02-23 15:27:00
498912,12748,2010-02-23 15:33:00
498913,16553,2010-02-23 15:47:00
498914,15955,2010-02-23 16:36:00
498918,15607,2010-02-24 08:50:00
498919,14681,2010-02-24 08:54:00
498921,14911,2010-02-24 09:24:00
498923,17028,2010-02-24 09:50:00
498925,13694,2010-02-24 10:04:00
498926,13694,2010-02-24 10:10:00
498927,15290,2010-02-24 10:15:00
498928,13694,2010-02-24 10:18:00
498929,16388,2010-02-24 10:20:00
498931,12482,2010-02-24 10:24:00
498935,14911,2010-02-24 10:42:00
498936,12482,2010-02-24 10:43:00
498939,12482,2010-02-24 10:55:00
498943,12482,2010-02-24 11:03:00
498944,17377,2010-02-24 11:06:00
498945,12482,2010-02-24 11:16:00
498964,15984,2010-02-24 11:28:00
498997,12835,2010-02-24 11:51:00
498999,16406,2010-02-24 11:51:00
499004,12998,2010-02-24 11:55:00
499009,17511,2010-02-24 11:59:00
499010,15439,2010-02-24 12:05:00
499011,14284,2010-02-24 12:06:00
499012,15439,2010-02-24 12:09:00
499013,12909,2010-02-24 12:14:00
499014,15291,2010-02-24 12:14:00
499020,14527,2010-02-24 12:19:00
499023,15984,2010-02-24 12:20:00
499025,15984,2010-02-24 12:21:00
499029,17949,2010-02-24 12:39:00
499030,15523,2010-02-24 12:42:00
499031,14541,2010-02-24 12:48:00
499032,13590,2010-02-24 12:51:00
499033,15144,2010-02-24 12:51:00
499035,13982,2010-02-24 13:04:00
499036,17850,2010-02-24 13:06:00
499038,15768,2010-02-24 13:15:00
499039,14646,2010-02-24 13:16:00
499043,17763,2010-02-24 13:32:00
499044,15659,2010-02-24 13:32:00
499045,17763,2010-02-24 13:34:00
499056,13765,2010-02-24 13:46:00
499057,15898,2010-02-24 13:48:00
499058,17027,2010-02-24 13:54:00
499059,12939,2010-02-24 13:55:00
499061,15058,2010-02-24 14:07:00
499062,14590,2010-02-24 14:10:00
499064,13110,2010-02-24 14:18:00
499065,16208,2010-02-24 14:24:00
499066,16742,2010-02-24 14:30:00
499067,14911,2010-02-24 14:30:00
499069,13944,2010-02-24 15:02:00
499070,13469,2010-02-24 15:03:00
499071,14535,2010-02-24 15:03:00
499072,13104,2010-02-24 15:06:00
499122,13756,2010-02-24 15:53:00
499123,14556,2010-02-24 16:15:00
499155,17358,2010-02-24 16:42:00
499163,15514,2010-02-24 17:23:00
499164,17460,2010-02-25 08:56:00
499165,15321,2010-02-25 09:16:00
499166,15321,2010-02-25 09:21:00
499167,16029,2010-02-25 09:32:00
499168,16029,2010-02-25 09:33:00
499169,17949,2010-02-25 09:39:00
499170,16118,2010-02-25 09:40:00
499171,14006,2010-02-25 09:45:00
499172,15465,2010-02-25 09:55:00
499173,18268,2010-02-25 10:06:00
499174,16471,2010-02-25 10:07:00
499175,14867,2010-02-25 10:17:00
499176,16684,2010-02-25 10:20:00
499177,12835,2010-02-25 10:21:00
499218,12647,2010-02-25 11:23:00
499219,13288,2010-02-25 11:28:00
499220,14606,2010-02-25 11:32:00
499221,14740,2010-02-25 11:40:00
499222,15573,2010-02-25 11:41:00
499223,12583,2010-02-25 11:45:00
499225,18009,2010-02-25 11:49:00
499226,13148,2010-02-25 11:49:00
499227,15719,2010-02-25 11:50:00
499228,17863,2010-02-25 12:01:00
499229,16746,2010-02-25 12:14:00
499230,12748,2010-02-25 12:16:00
499231,15674,2010-02-25 12:18:00
499232,13334,2010-02-25 12:21:00
499234,13771,2010-02-25 12:37:00
499235,17675,2010-02-25 12:53:00
499236,13240,2010-02-25 13:17:00
499237,13735,2010-02-25 13:19:00
499238,14402,2010-02-25 13:20:00
499239,17200,2010-02-25 13:23:00
499240,17200,2010-02-25 13:24:00
499242,17850,2010-02-25 13:29:00
499244,13240,2010-02-25 13:31:00
499245,12931,2010-02-25 13:39:00
499247,17841,2010-02-25 13:46:00
499248,14298,2010-02-25 14:18:00
499249,14298,2010-02-25 14:19:00
499250,15311,2010-02-25 14:21:00
499254,13408,2010-02-25 14:52:00
499255,13408,2010-02-25 14:54:00
499261,17726,2010-02-25 15:07:00
499262,13269,2010-02-25 15:13:00
499263,13269,2010-02-25 15:14:00
499264,18041,2010-02-25 15:39:00
499266,17032,2010-02-25 15:41:00
499267,13935,2010-02-25 16:01:00
499269,16677,2010-02-25 16:11:00
499270,12500,2010-02-25 16:21:00
499272,17032,2010-02-25 16:48:00
499273,17534,2010-02-25 16:55:00
499274,14898,2010-02-25 16:58:00
499275,13652,2010-02-25 17:37:00
499276,15456,2010-02-25 18:12:00
499279,14732,2010-02-25 18:44:00
499284,14770,2010-02-25 18:58:00
499285,17207,2010-02-25 19:08:00
499294,17323,2010-02-25 19:39:00
499295,17883,2010-02-25 20:07:00
499297,18102,2010-02-25 20:16:00
499298,18102,2010-02-25 20:18:00
499299,18102,2010-02-25 20:19:00
499300,18102,2010-02-25 20:19:00
499302,18223,2010-02-26 08:35:00
499303,13089,2010-02-26 08:46:00
499304,13089,2010-02-26 08:47:00
499306,17011,2010-02-26 09:47:00
499307,15366,2010-02-26 10:10:00
499308,14329,2010-02-26 10:11:00
499312,15124,2010-02-26 10:49:00
499313,16631,2010-02-26 10:49:00
499326,13598,2010-02-26 11:22:00
499327,13598,2010-02-26 11:26:00
499352,12748,2010-02-26 11:38:00
499377,14177,2010-02-26 11:59:00
499378,15998,2010-02-26 12:00:00
499379,14177,2010-02-26 12:04:00
499381,16913,2010-02-26 12:06:00
499382,14646,2010-02-26 12:08:00
499383,16913,2010-02-26 12:09:00
499384,13753,2010-02-26 12:10:00
499386,12854,2010-02-26 12:13:00
499387,14680,2010-02-26 12:41:00
499388,14646,2010-02-26 12:43:00
499398,15309,2010-02-26 13:01:00
499399,14459,2010-02-26 13:26:00
499400,13889,2010-02-26 13:28:00
499401,14646,2010-02-26 13:38:00
499402,14667,2010-02-26 14:16:00
499403,13727,2010-02-26 14:23:00
499404,17850,2010-02-26 14:24:00
499405,14739,2010-02-26 14:35:00
499411,13999,2010-02-26 15:09:00
499450,14522,2010-02-26 17:33:00
499451,17848,2010-02-26 17:37:00
499452,17243,2010-02-28 10:08:00
499453,14466,2010-02-28 10:25:00
499454,12708,2010-02-28 10:31:00
499455,15477,2010-02-28 10:37:00
499456,17819,2010-02-28 10:40:00
499457,15569,2010-02-28 10:55:00
499458,13941,2010-02-28 10:57:00
499459,15149,2010-02-28 11:13:00
499460,15149,2010-02-28 11:14:00
499461,15013,2010-02-28 11:16:00
499463,13564,2010-02-28 11:24:00
499464,17150,2010-02-28 11:25:00
499465,14807,2010-02-28 11:33:00
499466,17050,2010-02-28 11:33:00
499467,18046,2010-02-28 11:36:00
499468,13542,2010-02-28 11:37:00
499469,13762,2010-02-28 11:54:00
499470,12484,2010-02-28 11:55:00
499471,17760,2010-02-28 12:15:00
499472,14507,2010-02-28 12:16:00
499473,16950,2010-02-28 12:21:00
499474,15421,2010-02-28 12:29:00
499475,15990,2010-02-28 12:30:00
499476,17969,2010-02-28 12:45:00
499477,15943,2010-02-28 12:49:00
499478,15664,2010-02-28 12:50:00
499479,13883,2010-02-28 12:53:00
499480,15953,2010-02-28 13:00:00
499481,16843,2010-02-28 13:07:00
499482,12471,2010-02-28 13:25:00
499483,13413,2010-02-28 13:27:00
499484,17929,2010-02-28 13:28:00
499485,16939,2010-02-28 13:33:00
499486,15061,2010-02-28 13:42:00
499487,13561,2010-02-28 13:42:00
499488,17858,2010-02-28 13:49:00
499490,18106,2010-02-28 13:55:00
499491,14064,2010-02-28 14:03:00
499494,16283,2010-02-28 14:12:00
499495,17372,2010-02-28 14:17:00
499496,17373,2010-02-28 14:17:00
499497,14396,2010-02-28 14:24:00
499498,14396,2010-02-28 14:34:00
499499,17211,2010-02-28 14:41:00
499500,13044,2010-02-28 14:43:00
499502,14044,2010-02-28 15:01:00
499503,14068,2010-02-28 15:05:00
499504,17848,2010-02-28 15:21:00
499505,14606,2010-02-28 15:58:00
499506,15031,2010-02-28 16:00:00
499507,17209,2010-02-28 16:01:00
499508,18069,2010-02-28 16:14:00
499509,18069,2010-02-28 16:16:00
499510,14798,2010-03-01 08:38:00
499511,16717,2010-03-01 08:55:00
499512,16202,2010-03-01 09:13:00
499513,14949,2010-03-01 09:24:00
499515,16202,2010-03-01 09:30:00
499516,12779,2010-03-01 09:56:00
499517,12598,2010-03-01 09:58:00
499519,13694,2010-03-01 10:06:00
499520,13694,2010-03-01 10:07:00
499521,13694,2010-03-01 10:14:00
499523,13694,2010-03-01 10:17:00
499524,13694,2010-03-01 10:19:00
499525,13694,2010-03-01 10:21:00
499526,17241,2010-03-01 10:36:00
499527,14870,2010-03-01 11:04:00
499528,17865,2010-03-01 11:18:00
499529,13010,2010-03-01 11:28:00
499532,15219,2010-03-01 11:33:00
499533,17362,2010-03-01 11:34:00
499534,16013,2010-03-01 11:36:00
499535,14527,2010-03-01 11:45:00
499542,14131,2010-03-01 11:59:00
499549,18231,2010-03-01 12:04:00
499576,13948,2010-03-01 12:16:00
499596,16511,2010-03-01 12:21:00
499597,16037,2010-03-01 12:31:00
499601,13018,2010-03-01 12:34:00
499604,13018,2010-03-01 12:35:00
499619,17305,2010-03-01 12:47:00
499623,17377,2010-03-01 13:06:00
499624,17593,2010-03-01 13:10:00
499625,17965,2010-03-01 13:14:00
499628,16521,2010-03-01 13:22:00
499629,17324,2010-03-01 13:22:00
499630,16273,2010-03-01 13:24:00
499631,12540,2010-03-01 13:29:00
499632,14401,2010-03-01 13:29:00
499633,15311,2010-03-01 13:29:00
499635,13027,2010-03-01 13:40:00
499636,13050,2010-03-01 13:41:00
499637,12989,2010-03-01 13:45:00
499639,16519,2010-03-01 13:51:00
499640,15291,2010-03-01 13:57:00
499641,17841,2010-03-01 14:01:00
499650,13993,2010-03-01 14:31:00
499656,17359,2010-03-01 14:48:00
499657,14896,2010-03-01 14:54:00
499659,16731,2010-03-01 15:05:00
499660,13798,2010-03-01 15:10:00
499663,14755,2010-03-01 15:21:00
499664,14257,2010-03-01 15:36:00
499665,13979,2010-03-01 15:47:00
499674,15603,2010-03-01 16:02:00
499675,17241,2010-03-01 16:14:00
499676,17116,2010-03-01 16:29:00
499677,13911,2010-03-01 16:31:00
499678,17222,2010-03-01 16:35:00
499679,13995,2010-03-02 09:11:00
499680,17330,2010-03-02 09:20:00
499681,12731,2010-03-02 09:23:00
499682,12623,2010-03-02 09:25:00
499683,16705,2010-03-02 09:42:00
499684,16705,2010-03-02 09:44:00
499685,14646,2010-03-02 10:04:00
499686,13202,2010-03-02 10:08:00
499687,13468,2010-03-02 10:16:00
499689,17905,2010-03-02 10:37:00
499691,16296,2010-03-02 10:46:00
499692,16946,2010-03-02 10:49:00
499752,17477,2010-03-02 11:53:00
499754,17850,2010-03-02 12:01:00
499756,13797,2010-03-02 12:17:00
499757,17377,2010-03-02 12:18:00
499758,15003,2010-03-02 12:20:00
499759,13126,2010-03-02 12:24:00
499760,13777,2010-03-02 12:29:00
499761,12972,2010-03-02 12:30:00
499762,14818,2010-03-02 12:48:00
499763,12346,2010-03-02 13:08:00
499764,17372,2010-03-02 13:09:00
499768,13173,2010-03-02 13:20:00
499769,13694,2010-03-02 13:25:00
499770,15927,2010-03-02 13:25:00
499771,18283,2010-03-02 13:28:00
499772,16960,2010-03-02 13:36:00
499773,16954,2010-03-02 13:39:00
499775,17011,2010-03-02 13:50:00
499777,12525,2010-03-02 14:01:00
499778,16177,2010-03-02 14:03:00
499779,16103,2010-03-02 14:12:00
499780,12809,2010-03-02 14:19:00
499781,13327,2010-03-02 14:23:00
499782,17638,2010-03-02 14:32:00
499784,15367,2010-03-02 14:36:00
499785,15606,2010-03-02 14:48:00
499788,16159,2010-03-02 14:57:00
499789,15311,2010-03-02 14:59:00
499795,14895,2010-03-02 15:23:00
499797,13473,2010-03-02 15:28:00
499798,16523,2010-03-02 15:37:00
499799,14867,2010-03-02 15:44:00
499800,14867,2010-03-02 15:45:00
499801,17850,2010-03-02 15:45:00
499849,12926,2010-03-02 16:33:00
499850,13593,2010-03-02 16:36:00
499853,16520,2010-03-02 16:50:00
499859,17961,2010-03-02 17:05:00
499864,13593,2010-03-02 17:10:00
499866,17576,2010-03-02 17:13:00
499873,13793,2010-03-03 08:25:00
499874,16556,2010-03-03 08:42:00
499875,17850,2010-03-03 09:06:00
499876,17850,2010-03-03 09:10:00
499877,18087,2010-03-03 09:16:00
499878,14156,2010-03-03 09:59:00
499879,15224,2010-03-03 10:11:00
499880,13663,2010-03-03 10:11:00
499881,12645,2010-03-03 10:19:00
499882,17850,2010-03-03 10:43:00
499883,16947,2010-03-03 10:54:00
499884,14440,2010-03-03 11:08:00
499886,16099,2010-03-03 11:13:00
499887,15039,2010-03-03 11:14:00
499890,14606,2010-03-03 11:34:00
499891,14051,2010-03-03 11:36:00
499893,18148,2010-03-03 11:40:00
499894,14593,2010-03-03 11:40:00
499895,14593,2010-03-03 11:51:00
499897,14298,2010-03-03 11:53:00
499899,13820,2010-03-03 11:57:00
499900,14194,2010-03-03 12:02:00
499912,15179,2010-03-03 12:10:00
499914,13097,2010-03-03 12:10:00
499918,13097,2010-03-03 12:16:00
499919,14911,2010-03-03 12:20:00
499921,14911,2010-03-03 12:21:00
499922,14911,2010-03-03 12:21:00
499939,17020,2010-03-03 12:27:00
499942,13873,2010-03-03 12:31:00
499944,14530,2010-03-03 12:34:00
499956,15015,2010-03-03 12:42:00
499958,14915,2010-03-03 12:45:00
499959,12380,2010-03-03 12:53:00
499960,13294,2010-03-03 12:54:00
499961,16019,2010-03-03 12:57:00
499962,12835,2010-03-03 13:04:00
499964,12594,2010-03-03 13:51:00
499965,16461,2010-03-03 13:57:00
499966,17742,2010-03-03 14:02:00
499967,16636,2010-03-03 14:06:00
499968,13214,2010-03-03 14:10:00
499969,13722,2010-03-03 14:13:00
499971,17188,2010-03-03 14:20:00
499972,13680,2010-03-03 14:31:00
499973,13595,2010-03-03 14:42:00
499974,14905,2010-03-03 14:43:00
499975,16125,2010-03-03 14:44:00
499977,14142,2010-03-03 15:13:00
499979,18152,2010-03-03 15:26:00
499981,15605,2010-03-03 15:52:00
499982,12681,2010-03-03 15:56:00
499985,12598,2010-03-03 16:03:00
499986,16285,2010-03-03 16:03:00
499988,13654,2010-03-03 16:21:00
499990,13890,2010-03-03 16:33:00
499991,14156,2010-03-03 16:37:00
499993,14157,2010-03-03 16:49:00
499994,15875,2010-03-03 16:51:00
499995,15544,2010-03-03 17:18:00
499996,13835,2010-03-04 08:26:00
499997,15798,2010-03-04 09:08:00
499998,14156,2010-03-04 09:32:00
499999,15754,2010-03-04 09:37:00
500001,15222,2010-03-04 09:38:00
500008,12431,2010-03-04 09:51:00
500009,13249,2010-03-04 09:53:00
500010,13377,2010-03-04 10:06:00
500012,17049,2010-03-04 10:23:00
500014,15622,2010-03-04 10:29:00
500015,17861,2010-03-04 10:31:00
500017,14298,2010-03-04 10:40:00
500018,17930,2010-03-04 10:41:00
500019,13770,2010-03-04 10:41:00
500020,15084,2010-03-04 10:45:00
500021,13044,2010-03-04 10:46:00
500022,14097,2010-03-04 10:46:00
500023,18151,2010-03-04 10:47:00
500024,13879,2010-03-04 10:49:00
500025,15950,2010-03-04 11:11:00
500029,13266,2010-03-04 11:28:00
500030,14527,2010-03-04 11:29:00
500045,16748,2010-03-04 11:36:00
500064,17663,2010-03-04 11:42:00
500072,15538,2010-03-04 11:44:00
500073,13047,2010-03-04 11:44:00
500083,17850,2010-03-04 11:53:00
500092,12978,2010-03-04 12:11:00
500093,15910,2010-03-04 12:13:00
500094,15005,2010-03-04 12:24:00
500096,14560,2010-03-04 12:31:00
500097,15633,2010-03-04 12:32:00
500098,16771,2010-03-04 12:32:00
500099,15358,2010-03-04 12:37:00
500100,16859,2010-03-04 12:37:00
500105,17287,2010-03-04 12:39:00
500108,15358,2010-03-04 12:41:00
500113,13097,2010-03-04 12:50:00
500114,18272,2010-03-04 12:53:00
500115,17847,2010-03-04 12:57:00
500116,17577,2010-03-04 13:01:00
500117,18064,2010-03-04 13:24:00
500118,14680,2010-03-04 13:39:00
500119,17905,2010-03-04 13:47:00
500120,14135,2010-03-04 13:53:00
500121,12490,2010-03-04 14:05:00
500122,14018,2010-03-04 14:23:00
500123,14911,2010-03-04 14:24:00
500124,14388,2010-03-04 14:27:00
500125,14426,2010-03-04 14:36:00
500126,13881,2010-03-04 14:41:00
500128,13610,2010-03-04 14:45:00
500129,15768,2010-03-04 14:50:00
500130,17159,2010-03-04 14:53:00
500132,15311,2010-03-04 15:05:00
500133,16329,2010-03-04 15:07:00
500134,14740,2010-03-04 15:39:00
500135,16096,2010-03-04 15:44:00
500141,15601,2010-03-04 16:06:00
500144,15601,2010-03-04 16:38:00
500145,14748,2010-03-04 17:08:00
500146,15030,2010-03-04 17:10:00
500147,15812,2010-03-04 17:22:00
500148,17448,2010-03-04 17:29:00
500149,17931,2010-03-04 17:40:00
500150,14769,2010-03-04 17:42:00
500151,17931,2010-03-04 17:45:00
500153,17931,2010-03-04 17:54:00
500155,17931,2010-03-04 18:02:00
500157,12371,2010-03-04 18:23:00
500158,12371,2010-03-04 18:25:00
500159,14159,2010-03-04 18:27:00
500160,14841,2010-03-04 18:46:00
500161,12647,2010-03-05 07:15:00
500162,17718,2010-03-05 08:01:00
500163,12399,2010-03-05 08:45:00
500165,13280,2010-03-05 09:07:00
500166,15203,2010-03-05 09:09:00
500167,12568,2010-03-05 09:15:00
500168,13476,2010-03-05 09:39:00
500169,12497,2010-03-05 09:39:00
500170,18226,2010-03-05 10:05:00
500171,14037,2010-03-05 10:11:00
500172,18102,2010-03-05 10:12:00
500173,18102,2010-03-05 10:13:00
500174,12839,2010-03-05 10:14:00
500175,14156,2010-03-05 10:20:00
500176,12437,2010-03-05 10:35:00
500177,16742,2010-03-05 10:37:00
500181,14957,2010-03-05 10:50:00
500183,17508,2010-03-05 10:51:00
500198,13037,2010-03-05 10:55:00
500205,13037,2010-03-05 10:58:00
500220,14896,2010-03-05 11:16:00
500223,14186,2010-03-05 11:17:00
500232,15769,2010-03-05 11:22:00
500233,13544,2010-03-05 11:31:00
500234,17841,2010-03-05 11:50:00
500235,12823,2010-03-05 11:55:00
500236,16746,2010-03-05 11:56:00
500237,12417,2010-03-05 11:56:00
500238,15827,2010-03-05 11:57:00
500239,13515,2010-03-05 11:58:00
500240,18061,2010-03-05 12:01:00
500241,16156,2010-03-05 12:09:00
500246,17707,2010-03-05 12:39:00
500247,14136,2010-03-05 12:42:00
500249,14156,2010-03-05 12:44:00
500250,15094,2010-03-05 12:56:00
500251,14681,2010-03-05 12:57:00
500252,15607,2010-03-05 13:06:00
500254,13446,2010-03-05 13:19:00
500255,17190,2010-03-05 13:21:00
500256,14649,2010-03-05 13:24:00
500257,17006,2010-03-05 13:33:00
500259,17716,2010-03-05 13:52:00
500260,15795,2010-03-05 13:57:00
500261,18037,2010-03-05 14:21:00
500262,15630,2010-03-05 14:30:00
500267,15978,2010-03-05 14:39:00
500271,15732,2010-03-05 14:41:00
500278,14852,2010-03-05 14:51:00
500282,15929,2010-03-05 14:56:00
500285,17961,2010-03-05 15:07:00
500287,14852,2010-03-05 15:21:00
500289,14045,2010-03-05 15:36:00
500292,16620,2010-03-05 15:48:00
500293,13174,2010-03-05 16:02:00
500294,14233,2010-03-05 16:35:00
500296,12748,2010-03-05 16:37:00
500297,13799,2010-03-05 16:39:00
500299,14085,2010-03-05 16:52:00
500300,15482,2010-03-07 10:19:00
500301,17365,2010-03-07 10:27:00
500302,14110,2010-03-07 10:49:00
500303,16331,2010-03-07 10:55:00
500304,14172,2010-03-07 10:58:00
500306,13201,2010-03-07 11:01:00
500310,15270,2010-03-07 11:24:00
500311,16923,2010-03-07 11:27:00
500312,17448,2010-03-07 11:31:00
500313,17769,2010-03-07 11:31:00
500316,13508,2010-03-07 11:58:00
500318,17675,2010-03-07 12:01:00
500320,16271,2010-03-07 12:03:00
500322,16798,2010-03-07 12:06:00
500323,13958,2010-03-07 12:09:00
500324,15443,2010-03-07 12:10:00
500325,14205,2010-03-07 12:20:00
500326,14877,2010-03-07 12:25:00
500327,17913,2010-03-07 12:35:00
500328,18253,2010-03-07 12:38:00
500329,13764,2010-03-07 12:56:00
500330,17236,2010-03-07 13:00:00
500331,13764,2010-03-07 13:08:00
500332,17085,2010-03-07 13:08:00
500333,16735,2010-03-07 13:28:00
500334,12872,2010-03-07 13:37:00
500335,14606,2010-03-07 13:44:00
500336,17589,2010-03-07 13:48:00
500337,17734,2010-03-07 13:55:00
500338,13276,2010-03-07 14:05:00
500339,13557,2010-03-07 14:23:00
500340,13561,2010-03-07 14:25:00
500341,16466,2010-03-07 14:31:00
500342,13561,2010-03-07 14:32:00
500343,12530,2010-03-07 14:37:00
500344,17448,2010-03-07 14:39:00
500346,17969,2010-03-07 14:50:00
500347,15631,2010-03-07 14:52:00
500349,15751,2010-03-07 14:56:00
500350,15751,2010-03-07 15:01:00
500353,12668,2010-03-07 15:24:00
500354,13026,2010-03-07 15:27:00
500355,18029,2010-03-07 15:30:00
500356,16984,2010-03-07 15:34:00
500357,16310,2010-03-07 15:41:00
500358,16534,2010-03-07 15:47:00
500359,14369,2010-03-07 15:47:00
500360,17158,2010-03-07 15:50:00
500361,17961,2010-03-07 15:56:00
500362,17449,2010-03-07 16:12:00
500367,12369,2010-03-08 08:09:00
500368,14493,2010-03-08 08:33:00
500369,14628,2010-03-08 08:42:00
500370,17063,2010-03-08 08:45:00
500371,15847,2010-03-08 08:47:00
500372,17298,2010-03-08 08:56:00
500373,15791,2010-03-08 09:41:00
500374,12765,2010-03-08 09:43:00
500375,17682,2010-03-08 09:49:00
500376,12524,2010-03-08 09:57:00
500377,17454,2010-03-08 10:05:00
500378,14404,2010-03-08 10:15:00
500379,12359,2010-03-08 10:15:00
500380,12825,2010-03-08 10:17:00
500381,13148,2010-03-08 10:19:00
500382,16351,2010-03-08 10:32:00
500383,12986,2010-03-08 10:41:00
500384,17740,2010-03-08 10:45:00
500385,14290,2010-03-08 10:49:00
500386,14160,2010-03-08 10:58:00
500389,16029,2010-03-08 11:26:00
500399,17325,2010-03-08 11:31:00
500400,16754,2010-03-08 11:32:00
500425,13798,2010-03-08 11:58:00
500428,13157,2010-03-08 11:59:00
500448,17857,2010-03-08 12:09:00
500449,17542,2010-03-08 12:08:00
500450,16013,2010-03-08 12:10:00
500451,16013,2010-03-08 12:13:00
500452,16422,2010-03-08 12:15:00
500453,17542,2010-03-08 12:17:00
500454,15538,2010-03-08 12:18:00
500455,12514,2010-03-08 12:18:00
500456,13497,2010-03-08 12:19:00
500457,17960,2010-03-08 12:22:00
500458,16628,2010-03-08 12:24:00
500459,13004,2010-03-08 12:25:00
500460,18170,2010-03-08 12:33:00
500476,15719,2010-03-08 12:45:00
500493,17289,2010-03-08 12:52:00
500495,15078,2010-03-08 13:04:00
500498,17672,2010-03-08 13:17:00
500500,14173,2010-03-08 13:24:00
500501,18219,2010-03-08 13:24:00
500502,17025,2010-03-08 13:37:00
500503,15916,2010-03-08 13:38:00
500504,16537,2010-03-08 13:41:00
500505,13001,2010-03-08 13:44:00
500506,14562,2010-03-08 13:48:00
500508,12932,2010-03-08 13:52:00
500509,16400,2010-03-08 14:04:00
500510,17488,2010-03-08 14:07:00
500511,16681,2010-03-08 14:10:00
500523,16287,2010-03-08 14:15:00
500533,13473,2010-03-08 14:23:00
500535,12472,2010-03-08 14:27:00
500536,17961,2010-03-08 14:27:00
500537,13454,2010-03-08 14:40:00
500538,16275,2010-03-08 14:41:00
500539,16568,2010-03-08 14:51:00
500540,13911,2010-03-08 15:15:00
500541,18245,2010-03-08 15:26:00
500564,17002,2010-03-08 15:46:00
500566,17002,2010-03-08 15:48:00
500567,13694,2010-03-08 15:49:00
500568,13831,2010-03-08 15:50:00
500574,17663,2010-03-08 16:30:00
500576,17438,2010-03-08 16:53:00
500577,17222,2010-03-08 17:27:00
500578,15250,2010-03-09 07:35:00
500579,13641,2010-03-09 07:37:00
500580,13643,2010-03-09 09:15:00
500581,16182,2010-03-09 09:34:00
500582,12490,2010-03-09 09:46:00
500583,13178,2010-03-09 09:49:00
500584,12648,2010-03-09 09:55:00
500585,15637,2010-03-09 10:02:00
500587,17138,2010-03-09 10:18:00
500588,15591,2010-03-09 10:21:00
500589,16027,2010-03-09 10:25:00
500590,13013,2010-03-09 10:26:00
500611,17266,2010-03-09 10:42:00
500615,17157,2010-03-09 10:45:00
500616,15437,2010-03-09 10:45:00
500638,13854,2010-03-09 10:53:00
500639,12495,2010-03-09 10:53:00
500652,15921,2010-03-09 11:03:00
500653,12682,2010-03-09 11:10:00
500654,12668,2010-03-09 11:10:00
500655,16525,2010-03-09 11:13:00
500656,18039,2010-03-09 11:19:00
500658,12748,2010-03-09 11:22:00
500659,16558,2010-03-09 11:23:00
500661,17961,2010-03-09 11:50:00
500662,15838,2010-03-09 11:57:00
500663,17700,2010-03-09 12:10:00
500664,17841,2010-03-09 12:12:00
500672,14527,2010-03-09 12:23:00
500673,13874,2010-03-09 12:25:00
500685,17907,2010-03-09 12:33:00
500696,16208,2010-03-09 12:53:00
500699,16210,2010-03-09 13:07:00
500701,16791,2010-03-09 13:26:00
500702,16210,2010-03-09 13:29:00
500703,14147,2010-03-09 13:43:00
500706,16701,2010-03-09 13:48:00
500711,13627,2010-03-09 14:03:00
500712,13089,2010-03-09 14:14:00
500713,17213,2010-03-09 14:16:00
500715,16854,2010-03-09 14:32:00
500716,13283,2010-03-09 14:36:00
500718,15722,2010-03-09 15:05:00
500719,16707,2010-03-09 15:16:00
500720,12747,2010-03-09 15:16:00
500721,17059,2010-03-09 15:22:00
500728,16756,2010-03-09 15:56:00
500730,15078,2010-03-09 16:02:00
500734,12542,2010-03-09 16:26:00
500736,13089,2010-03-09 16:32:00
500737,13491,2010-03-09 16:32:00
500739,13413,2010-03-09 16:40:00
500741,15856,2010-03-09 17:12:00
500744,13078,2010-03-10 08:31:00
500745,13426,2010-03-10 09:16:00
500746,13319,2010-03-10 09:17:00
500747,14676,2010-03-10 09:30:00
500749,13316,2010-03-10 10:01:00
500751,13081,2010-03-10 10:25:00
500754,12638,2010-03-10 10:30:00
500773,16946,2010-03-10 10:42:00
500778,15309,2010-03-10 10:48:00
500781,14286,2010-03-10 10:50:00
500782,13941,2010-03-10 10:50:00
500784,14286,2010-03-10 10:51:00
500788,17044,2010-03-10 10:53:00
500794,14828,2010-03-10 10:54:00
500828,13783,2010-03-10 11:21:00
500829,17377,2010-03-10 11:28:00
500830,17377,2010-03-10 11:31:00
500832,17377,2010-03-10 11:35:00
500834,13484,2010-03-10 11:46:00
500836,16846,2010-03-10 12:03:00
500837,14590,2010-03-10 12:04:00
500838,15898,2010-03-10 12:04:00
500839,13798,2010-03-10 12:05:00
500840,13413,2010-03-10 12:10:00
500843,17348,2010-03-10 12:13:00
500844,13413,2010-03-10 12:16:00
500845,13413,2010-03-10 12:17:00
500853,13566,2010-03-10 12:22:00
500857,15911,2010-03-10 12:23:00
500860,17880,2010-03-10 12:39:00
500861,14680,2010-03-10 12:45:00
500862,13408,2010-03-10 12:50:00
500863,13408,2010-03-10 12:51:00
500864,14924,2010-03-10 12:51:00
500866,16700,2010-03-10 13:01:00
500867,14680,2010-03-10 13:01:00
500868,14156,2010-03-10 13:08:00
500869,17220,2010-03-10 13:21:00
500871,17220,2010-03-10 13:26:00
500872,13668,2010-03-10 13:34:00
500873,17029,2010-03-10 13:34:00
500874,16719,2010-03-10 13:43:00
500875,14403,2010-03-10 14:00:00
500876,15218,2010-03-10 14:02:00
500878,16258,2010-03-10 14:19:00
500879,15093,2010-03-10 14:24:00
500880,15544,2010-03-10 14:49:00
500881,13305,2010-03-10 14:49:00
500882,12471,2010-03-10 14:50:00
500883,12471,2010-03-10 14:52:00
500884,12483,2010-03-10 15:03:00
500885,15633,2010-03-10 15:22:00
500886,15558,2010-03-10 15:25:00
500889,16611,2010-03-10 16:07:00
500890,17338,2010-03-10 16:09:00
500896,15291,2010-03-10 16:50:00
500899,12976,2010-03-11 09:26:00
500900,14060,2010-03-11 09:47:00
500901,13093,2010-03-11 10:05:00
500902,13093,2010-03-11 10:07:00
500903,18251,2010-03-11 10:13:00
500904,12954,2010-03-11 10:16:00
500917,13599,2010-03-11 10:26:00
500919,15311,2010-03-11 10:48:00
500920,13468,2010-03-11 10:50:00
500921,13659,2010-03-11 10:52:00
500922,16161,2010-03-11 10:56:00
500933,14606,2010-03-11 11:45:00
500940,14527,2010-03-11 11:51:00
500941,13823,2010-03-11 11:54:00
500943,17409,2010-03-11 12:04:00
500963,15696,2010-03-11 12:17:00
500964,16387,2010-03-11 12:22:00
500968,14942,2010-03-11 12:31:00
500970,12931,2010-03-11 12:55:00
500971,12931,2010-03-11 12:55:00
500973,13418,2010-03-11 13:13:00
500979,14172,2010-03-11 13:16:00
500986,17076,2010-03-11 13:19:00
500995,12924,2010-03-11 13:21:00
500996,14422,2010-03-11 13:30:00
500997,15955,2010-03-11 13:34:00
500998,12957,2010-03-11 13:43:00
500999,16933,2010-03-11 13:46:00
501000,17757,2010-03-11 13:46:00
501001,14878,2010-03-11 13:52:00
501002,14878,2010-03-11 14:03:00
501004,17841,2010-03-11 14:15:00
501005,17448,2010-03-11 14:23:00
501006,14646,2010-03-11 14:33:00
501007,16126,2010-03-11 14:51:00
501008,17448,2010-03-11 15:26:00
501009,17448,2010-03-11 15:27:00
501010,13715,2010-03-11 15:33:00
501011,15768,2010-03-11 15:36:00
501028,15311,2010-03-11 17:05:00
501029,16011,2010-03-11 17:21:00
501030,17448,2010-03-11 17:37:00
501031,16718,2010-03-11 17:41:00
501033,16918,2010-03-11 18:18:00
501034,14209,2010-03-11 18:46:00
501035,14713,2010-03-11 19:24:00
501037,14322,2010-03-12 09:15:00
501038,17448,2010-03-12 09:21:00
501039,13162,2010-03-12 09:26:00
501042,12523,2010-03-12 09:57:00
501043,14911,2010-03-12 10:09:00
501044,14484,2010-03-12 10:30:00
501045,14745,2010-03-12 10:33:00
501046,14646,2010-03-12 10:36:00
501047,14646,2010-03-12 10:37:00
501048,15221,2010-03-12 10:40:00
501049,14646,2010-03-12 10:41:00
501079,15008,2010-03-12 11:13:00
501082,17065,2010-03-12 11:40:00
501083,17065,2010-03-12 11:41:00
501084,13462,2010-03-12 11:44:00
501085,17289,2010-03-12 11:48:00
501086,17228,2010-03-12 11:54:00
501093,17588,2010-03-12 12:34:00
501098,16347,2010-03-12 12:41:00
501101,13795,2010-03-12 12:44:00
501102,15874,2010-03-12 13:06:00
501103,14824,2010-03-12 13:07:00
501104,15874,2010-03-12 13:08:00
501114,12692,2010-03-12 14:02:00
501117,17448,2010-03-12 14:31:00
501118,15941,2010-03-12 14:45:00
501119,12435,2010-03-12 14:50:00
501121,15428,2010-03-12 15:13:00
501123,15808,2010-03-12 15:17:00
501124,13824,2010-03-12 15:17:00
501126,13724,2010-03-12 15:28:00
501127,18178,2010-03-12 15:47:00
501128,13573,2010-03-12 16:06:00
501129,17754,2010-03-12 16:18:00
501132,14031,2010-03-12 17:07:00
501133,17920,2010-03-14 10:10:00
501134,13571,2010-03-14 10:33:00
501135,16586,2010-03-14 11:24:00
501136,15994,2010-03-14 11:55:00
501137,13802,2010-03-14 12:01:00
501138,14532,2010-03-14 12:05:00
501140,16911,2010-03-14 12:18:00
501141,16255,2010-03-14 12:18:00
501142,17332,2010-03-14 12:24:00
501143,13183,2010-03-14 12:32:00
501144,14161,2010-03-14 12:37:00
501145,18149,2010-03-14 12:41:00
501146,13634,2010-03-14 13:08:00
501147,17905,2010-03-14 13:28:00
501148,14646,2010-03-14 13:40:00
501149,13211,2010-03-14 13:43:00
501150,13211,2010-03-14 13:46:00
501151,13688,2010-03-14 14:11:00
501152,18231,2010-03-14 14:21:00
501153,15665,2010-03-14 15:07:00
501154,17849,2010-03-14 15:17:00
501155,17849,2010-03-14 15:19:00
501156,12748,2010-03-14 16:09:00
501157,16686,2010-03-14 16:18:00
501158,17809,2010-03-15 08:48:00
501159,13382,2010-03-15 09:11:00
501160,12703,2010-03-15 09:20:00
501166,13481,2010-03-15 09:46:00
501167,17448,2010-03-15 09:46:00
501168,13883,2010-03-15 10:03:00
501172,12755,2010-03-15 10:47:00
501175,13946,2010-03-15 11:00:00
501176,14857,2010-03-15 11:00:00
501177,14857,2010-03-15 11:04:00
501178,14646,2010-03-15 11:17:00
501181,14645,2010-03-15 11:33:00
501182,16186,2010-03-15 11:39:00
501186,14527,2010-03-15 12:07:00
501201,14911,2010-03-15 12:14:00
501251,17949,2010-03-15 12:44:00
501256,17949,2010-03-15 12:45:00
501257,17949,2010-03-15 12:46:00
501261,17949,2010-03-15 12:47:00
501263,17949,2010-03-15 12:48:00
501264,14315,2010-03-15 12:49:00
501265,17949,2010-03-15 12:49:00
501266,16754,2010-03-15 12:52:00
501267,17085,2010-03-15 12:54:00
501268,15251,2010-03-15 13:06:00
501272,13543,2010-03-15 13:34:00
501273,15117,2010-03-15 13:39:00
501274,15117,2010-03-15 13:40:00
501275,14667,2010-03-15 13:45:00
501276,18135,2010-03-15 13:55:00
501277,18051,2010-03-15 13:58:00
501278,17180,2010-03-15 14:01:00
501279,13530,2010-03-15 14:10:00
501280,17841,2010-03-15 14:13:00
501281,14911,2010-03-15 14:15:00
501282,14534,2010-03-15 14:16:00
501284,12714,2010-03-15 14:19:00
501291,14343,2010-03-15 15:33:00
501295,18251,2010-03-15 15:58:00
501296,16242,2010-03-15 16:02:00
501297,14606,2010-03-15 16:05:00
501298,17218,2010-03-15 16:13:00
501299,18008,2010-03-15 16:19:00
501300,14062,2010-03-15 16:35:00
501301,13786,2010-03-15 16:36:00
501302,17848,2010-03-15 17:01:00
501303,14195,2010-03-15 17:12:00
501304,17231,2010-03-15 17:14:00
501305,13600,2010-03-15 17:16:00
501308,15227,2010-03-16 08:23:00
501316,14669,2010-03-16 09:39:00
501318,13777,2010-03-16 09:42:00
501320,15123,2010-03-16 09:49:00
501333,12366,2010-03-16 10:28:00
501335,15719,2010-03-16 10:29:00
501345,15946,2010-03-16 10:49:00
501347,14873,2010-03-16 10:51:00
501369,17243,2010-03-16 10:58:00
501385,17238,2010-03-16 11:08:00
501386,16779,2010-03-16 11:14:00
501387,17241,2010-03-16 11:16:00
501403,12483,2010-03-16 11:29:00
501420,16467,2010-03-16 11:46:00
501422,14146,2010-03-16 11:53:00
501423,14146,2010-03-16 11:54:00
501425,17774,2010-03-16 12:00:00
501426,13983,2010-03-16 12:13:00
501427,14467,2010-03-16 12:34:00
501430,17679,2010-03-16 12:53:00
501431,14604,2010-03-16 13:00:00
501432,18063,2010-03-16 13:05:00
501434,14496,2010-03-16 13:15:00
501437,12703,2010-03-16 13:22:00
501438,12701,2010-03-16 13:23:00
501439,17268,2010-03-16 13:25:00
501440,15311,2010-03-16 13:28:00
501442,12835,2010-03-16 13:47:00
501443,15005,2010-03-16 14:01:00
501444,17716,2010-03-16 14:08:00
501445,17478,2010-03-16 14:19:00
501446,16150,2010-03-16 14:24:00
501447,14872,2010-03-16 14:41:00
501449,14210,2010-03-16 15:02:00
501461,15885,2010-03-16 15:18:00
501463,12500,2010-03-16 15:19:00
501464,12931,2010-03-16 15:52:00
501469,14399,2010-03-16 16:01:00
501470,17596,2010-03-16 16:18:00
501471,15312,2010-03-16 16:22:00
501472,14465,2010-03-16 16:24:00
501473,17511,2010-03-16 16:31:00
501474,17568,2010-03-16 16:45:00
501476,15990,2010-03-17 08:59:00
501477,17479,2010-03-17 09:26:00
501478,16945,2010-03-17 09:42:00
501479,16945,2010-03-17 09:43:00
501480,13027,2010-03-17 10:10:00
501482,13935,2010-03-17 10:16:00
501483,16652,2010-03-17 10:22:00
501484,14911,2010-03-17 10:33:00
501485,16331,2010-03-17 10:34:00
501505,17448,2010-03-17 10:51:00
501507,14662,2010-03-17 11:21:00
501508,17448,2010-03-17 11:33:00
501509,16891,2010-03-17 11:37:00
501515,15867,2010-03-17 11:53:00
501523,13612,2010-03-17 12:14:00
501524,17690,2010-03-17 12:17:00
501525,16553,2010-03-17 12:19:00
501526,16875,2010-03-17 12:25:00
501528,14680,2010-03-17 12:32:00
501529,16777,2010-03-17 12:42:00
501530,13089,2010-03-17 12:47:00
501531,13089,2010-03-17 12:50:00
501532,14606,2010-03-17 12:54:00
501533,13798,2010-03-17 13:03:00
501534,13902,2010-03-17 13:09:00
501535,18231,2010-03-17 13:12:00
501537,15194,2010-03-17 13:28:00
501539,13275,2010-03-17 14:05:00
501540,16085,2010-03-17 14:12:00
501541,13478,2010-03-17 14:23:00
501542,16004,2010-03-17 14:27:00
501543,13478,2010-03-17 14:28:00
501544,18196,2010-03-17 14:55:00
501545,12709,2010-03-17 14:59:00
501546,17933,2010-03-17 15:11:00
501547,17227,2010-03-17 15:20:00
501548,16917,2010-03-17 15:24:00
501550,13371,2010-03-17 15:29:00
501552,14249,2010-03-17 15:37:00
501553,16254,2010-03-17 15:43:00
501556,12921,2010-03-17 16:14:00
501557,17075,2010-03-17 16:33:00
501563,16510,2010-03-17 17:11:00
501564,12748,2010-03-17 17:27:00
501565,13406,2010-03-18 07:29:00
501566,14821,2010-03-18 07:31:00
501567,15775,2010-03-18 07:32:00
501568,16525,2010-03-18 08:03:00
501569,16336,2010-03-18 08:05:00
501570,16336,2010-03-18 08:06:00
501571,18131,2010-03-18 08:48:00
501572,16571,2010-03-18 09:12:00
501573,14427,2010-03-18 09:49:00
501574,18187,2010-03-18 09:49:00
501575,17677,2010-03-18 10:08:00
501576,16742,2010-03-18 10:09:00
501578,14258,2010-03-18 10:22:00
501611,13694,2010-03-18 10:51:00
501612,17356,2010-03-18 10:52:00
501613,15311,2010-03-18 10:56:00
501614,13694,2010-03-18 10:58:00
501616,16977,2010-03-18 11:06:00
501617,15819,2010-03-18 11:08:00
501618,15819,2010-03-18 11:09:00
501619,14299,2010-03-18 11:28:00
501620,14527,2010-03-18 11:31:00
501621,16422,2010-03-18 11:37:00
501622,16017,2010-03-18 11:38:00
501623,16422,2010-03-18 11:39:00
501624,14651,2010-03-18 11:39:00
501625,15918,2010-03-18 11:40:00
501626,14651,2010-03-18 11:42:00
501627,14911,2010-03-18 11:46:00
501628,14911,2010-03-18 11:48:00
501629,15039,2010-03-18 11:51:00
501637,13199,2010-03-18 12:08:00
501638,12621,2010-03-18 12:08:00
501639,13199,2010-03-18 12:09:00
501640,14400,2010-03-18 12:11:00
501641,13057,2010-03-18 12:14:00
501645,14249,2010-03-18 12:35:00
501646,17377,2010-03-18 12:40:00
501647,15461,2010-03-18 12:40:00
501648,17307,2010-03-18 12:41:00
501649,17377,2010-03-18 12:42:00
501650,15858,2010-03-18 12:44:00
501651,16385,2010-03-18 12:45:00
501652,17841,2010-03-18 12:47:00
501653,16365,2010-03-18 12:47:00
501654,14648,2010-03-18 13:00:00
501656,14648,2010-03-18 13:08:00
501657,13243,2010-03-18 13:10:00
501658,15496,2010-03-18 13:16:00
501660,17095,2010-03-18 13:28:00
501661,16125,2010-03-18 13:37:00
501662,16497,2010-03-18 14:04:00
501663,12615,2010-03-18 14:09:00
501664,16303,2010-03-18 14:12:00
501665,16108,2010-03-18 14:14:00
501666,17349,2010-03-18 14:26:00
501667,13694,2010-03-18 14:26:00
501669,17512,2010-03-18 14:40:00
501670,13128,2010-03-18 15:08:00
501671,18171,2010-03-18 15:11:00
501672,17364,2010-03-18 15:12:00
501673,16569,2010-03-18 15:19:00
501674,12951,2010-03-18 15:23:00
501675,18247,2010-03-18 15:52:00
501676,16722,2010-03-18 15:53:00
501677,12647,2010-03-18 16:16:00
501679,13203,2010-03-18 16:20:00
501681,12993,2010-03-18 16:28:00
501682,17519,2010-03-18 16:30:00
501685,18102,2010-03-18 16:35:00
501687,14543,2010-03-18 16:37:00
501688,15738,2010-03-18 17:04:00
501689,15738,2010-03-18 17:05:00
501691,18223,2010-03-18 17:26:00
501693,15030,2010-03-18 17:34:00
501694,16668,2010-03-18 18:25:00
501695,12989,2010-03-18 18:37:00
501696,16199,2010-03-18 18:47:00
501697,17848,2010-03-18 18:57:00
501699,14702,2010-03-18 19:29:00
501700,13230,2010-03-18 20:02:00
501701,13150,2010-03-19 09:03:00
501705,17838,2010-03-19 09:53:00
501706,13089,2010-03-19 09:53:00
501707,17838,2010-03-19 09:54:00
501708,13089,2010-03-19 09:54:00
501709,15615,2010-03-19 10:02:00
501710,17738,2010-03-19 10:07:00
501711,17930,2010-03-19 10:11:00
501712,17581,2010-03-19 10:18:00
501713,18225,2010-03-19 10:21:00
501714,17581,2010-03-19 10:22:00
501715,16636,2010-03-19 10:23:00
501716,13021,2010-03-19 10:27:00
501717,13267,2010-03-19 10:35:00
501718,15325,2010-03-19 10:40:00
501719,13881,2010-03-19 10:44:00
501729,16716,2010-03-19 11:05:00
501730,14159,2010-03-19 11:05:00
501731,16008,2010-03-19 11:07:00
501732,14292,2010-03-19 11:10:00
501766,15760,2010-03-19 11:35:00
501767,16335,2010-03-19 11:39:00
501768,15760,2010-03-19 11:45:00
501770,14851,2010-03-19 11:52:00
501776,17612,2010-03-19 12:31:00
501785,16452,2010-03-19 12:39:00
501789,15768,2010-03-19 13:01:00
501790,14607,2010-03-19 13:17:00
501791,17230,2010-03-19 13:19:00
501792,15279,2010-03-19 13:22:00
501793,15329,2010-03-19 13:32:00
501795,16508,2010-03-19 13:41:00
501800,13694,2010-03-19 13:51:00
501805,13542,2010-03-19 14:01:00
501806,17673,2010-03-19 14:02:00
501807,17799,2010-03-19 14:05:00
501808,14796,2010-03-19 14:16:00
501810,14911,2010-03-19 14:41:00
501811,15465,2010-03-19 14:44:00
501812,14327,2010-03-19 14:47:00
501813,12418,2010-03-19 14:47:00
501815,13415,2010-03-19 14:56:00
501816,16905,2010-03-19 14:59:00
501818,13415,2010-03-19 15:09:00
501819,14832,2010-03-19 15:14:00
501822,14316,2010-03-19 15:18:00
501824,18077,2010-03-19 15:27:00
501825,14408,2010-03-19 15:40:00
501828,15218,2010-03-19 15:45:00
501830,12908,2010-03-19 15:59:00
501831,14584,2010-03-19 16:24:00
501836,15808,2010-03-19 17:03:00
501845,17920,2010-03-21 10:25:00
501846,17920,2010-03-21 10:28:00
501847,17243,2010-03-21 10:30:00
501848,13555,2010-03-21 10:34:00
501849,14451,2010-03-21 10:49:00
501850,13214,2010-03-21 10:50:00
501852,17465,2010-03-21 10:51:00
501853,16782,2010-03-21 11:07:00
501854,15446,2010-03-21 11:15:00
501855,17526,2010-03-21 11:16:00
501856,17526,2010-03-21 11:17:00
501858,13593,2010-03-21 11:21:00
501859,14080,2010-03-21 11:32:00
501860,15425,2010-03-21 11:32:00
501862,16326,2010-03-21 11:41:00
501863,15650,2010-03-21 11:46:00
501864,17681,2010-03-21 11:47:00
501866,13668,2010-03-21 11:51:00
501867,18085,2010-03-21 11:57:00
501868,16746,2010-03-21 12:00:00
501869,13848,2010-03-21 12:01:00
501870,17448,2010-03-21 12:20:00
501871,14970,2010-03-21 12:23:00
501872,17916,2010-03-21 12:26:00
501874,17133,2010-03-21 12:31:00
501875,16168,2010-03-21 12:39:00
501876,17236,2010-03-21 12:56:00
501877,17611,2010-03-21 13:14:00
501879,17472,2010-03-21 13:27:00
501880,17285,2010-03-21 13:38:00
501881,15482,2010-03-21 13:42:00
501882,17372,2010-03-21 13:42:00
501883,13466,2010-03-21 13:50:00
501884,17611,2010-03-21 14:04:00
501885,13092,2010-03-21 14:06:00
501886,17448,2010-03-21 14:07:00
501887,17587,2010-03-21 14:16:00
501888,15633,2010-03-21 14:18:00
501889,13093,2010-03-21 14:24:00
501890,14606,2010-03-21 14:44:00
501891,17969,2010-03-21 14:49:00
501892,17051,2010-03-21 14:55:00
501893,15005,2010-03-21 15:03:00
501894,16858,2010-03-21 15:16:00
501895,16039,2010-03-21 15:17:00
501896,15623,2010-03-21 15:22:00
501897,17539,2010-03-21 15:23:00
501898,18177,2010-03-21 15:25:00
501899,13798,2010-03-21 15:33:00
501900,16397,2010-03-21 15:36:00
501902,12796,2010-03-21 15:49:00
501903,18078,2010-03-21 15:50:00
501904,12368,2010-03-21 15:56:00
501906,17340,2010-03-21 16:02:00
501907,13451,2010-03-21 16:13:00
501908,14541,2010-03-22 08:07:00
501909,14051,2010-03-22 08:41:00
501910,12639,2010-03-22 09:05:00
501911,14928,2010-03-22 09:14:00
501912,17552,2010-03-22 09:19:00
501913,15222,2010-03-22 09:23:00
501916,15611,2010-03-22 10:04:00
501917,15810,2010-03-22 10:08:00
501918,17949,2010-03-22 10:14:00
501919,13148,2010-03-22 10:21:00
501920,14040,2010-03-22 10:23:00
501921,16132,2010-03-22 10:25:00
501922,13151,2010-03-22 10:26:00
501923,13482,2010-03-22 10:31:00
501925,15311,2010-03-22 10:33:00
501926,14175,2010-03-22 10:43:00
501927,12533,2010-03-22 10:56:00
501928,16895,2010-03-22 11:01:00
501929,17760,2010-03-22 11:21:00
501930,14016,2010-03-22 11:21:00
501931,17760,2010-03-22 11:24:00
501938,15523,2010-03-22 11:49:00
501944,15732,2010-03-22 11:53:00
501945,15860,2010-03-22 11:53:00
501947,15607,2010-03-22 11:55:00
501959,16225,2010-03-22 12:06:00
501960,14817,2010-03-22 12:10:00
501996,13089,2010-03-22 12:31:00
502028,13313,2010-03-22 13:07:00
502035,15298,2010-03-22 13:23:00
502036,14709,2010-03-22 13:30:00
502037,12472,2010-03-22 13:44:00
502038,13206,2010-03-22 13:49:00
502039,13206,2010-03-22 13:50:00
502053,17841,2010-03-22 14:23:00
502055,13357,2010-03-22 14:30:00
502056,17138,2010-03-22 14:34:00
502057,13357,2010-03-22 14:38:00
502058,18061,2010-03-22 14:43:00
502059,16560,2010-03-22 14:44:00
502060,17696,2010-03-22 14:50:00
502063,14355,2010-03-22 15:08:00
502064,14464,2010-03-22 15:20:00
502069,13141,2010-03-22 15:30:00
502080,14530,2010-03-22 15:47:00
502082,14643,2010-03-22 15:49:00
502087,17496,2010-03-22 15:59:00
502089,14307,2010-03-22 16:04:00
502091,17432,2010-03-22 16:44:00
502093,16823,2010-03-22 17:32:00
502094,12748,2010-03-22 17:34:00
502096,16441,2010-03-22 18:00:00
502097,15793,2010-03-23 08:40:00
502098,12359,2010-03-23 08:55:00
502099,17640,2010-03-23 09:15:00
502100,13706,2010-03-23 09:18:00
502101,14769,2010-03-23 09:43:00
502102,16656,2010-03-23 09:50:00
502104,15984,2010-03-23 09:57:00
502105,13711,2010-03-23 10:06:00
502106,12843,2010-03-23 10:06:00
502107,12843,2010-03-23 10:11:00
502108,18172,2010-03-23 10:23:00
502109,15732,2010-03-23 10:23:00
502110,16071,2010-03-23 10:28:00
502111,12455,2010-03-23 10:30:00
502112,15732,2010-03-23 10:32:00
502113,15998,2010-03-23 11:01:00
502118,15614,2010-03-23 11:13:00
502138,15998,2010-03-23 11:20:00
502169,15270,2010-03-23 11:29:00
502189,15003,2010-03-23 11:41:00
502192,14680,2010-03-23 11:48:00
502219,14680,2010-03-23 12:07:00
502228,15716,2010-03-23 12:11:00
502229,12921,2010-03-23 12:12:00
502230,14596,2010-03-23 12:13:00
502232,15105,2010-03-23 12:18:00
502233,14739,2010-03-23 12:20:00
502234,16327,2010-03-23 12:24:00
502235,15571,2010-03-23 12:41:00
502236,14160,2010-03-23 12:44:00
502237,18009,2010-03-23 13:05:00
502238,16296,2010-03-23 13:11:00
502239,12823,2010-03-23 13:11:00
502240,13293,2010-03-23 13:12:00
502241,17389,2010-03-23 13:21:00
502242,14958,2010-03-23 13:26:00
502244,13872,2010-03-23 13:34:00
502245,15079,2010-03-23 13:40:00
502246,16970,2010-03-23 13:50:00
502247,17147,2010-03-23 13:52:00
502249,17797,2010-03-23 14:09:00
502251,13869,2010-03-23 14:22:00
502252,14590,2010-03-23 14:29:00
502255,13495,2010-03-23 15:01:00
502256,14543,2010-03-23 15:06:00
502257,17675,2010-03-23 15:08:00
502258,14166,2010-03-23 15:10:00
502259,16578,2010-03-23 15:11:00
502260,16615,2010-03-23 15:13:00
502261,12891,2010-03-23 15:15:00
502263,12918,2010-03-23 15:22:00
502266,13445,2010-03-23 15:34:00
502267,17940,2010-03-23 15:35:00
502268,14762,2010-03-23 15:36:00
502269,17940,2010-03-23 15:36:00
502272,14344,2010-03-23 15:47:00
502273,13613,2010-03-23 15:52:00
502274,17961,2010-03-23 15:56:00
502275,16321,2010-03-23 16:01:00
502278,15785,2010-03-23 16:37:00
502279,15785,2010-03-23 16:39:00
502280,14156,2010-03-23 16:45:00
502281,15869,2010-03-23 16:50:00
502286,17576,2010-03-23 17:11:00
502287,17576,2010-03-23 17:15:00
502288,12681,2010-03-24 08:31:00
502293,13896,2010-03-24 08:55:00
502300,16029,2010-03-24 09:07:00
502301,17082,2010-03-24 09:26:00
502303,13151,2010-03-24 09:31:00
502313,17113,2010-03-24 09:46:00
502314,13078,2010-03-24 09:52:00
502315,17512,2010-03-24 09:52:00
502316,17512,2010-03-24 09:54:00
502317,16003,2010-03-24 09:57:00
502318,18189,2010-03-24 09:57:00
502319,14370,2010-03-24 10:00:00
502320,14341,2010-03-24 10:03:00
502322,16003,2010-03-24 10:09:00
502323,17838,2010-03-24 10:15:00
502326,12758,2010-03-24 10:28:00
502327,13252,2010-03-24 10:30:00
502328,16711,2010-03-24 10:30:00
502331,12360,2010-03-24 10:39:00
502333,16077,2010-03-24 10:42:00
502334,14911,2010-03-24 10:42:00
502336,13468,2010-03-24 10:45:00
502337,17377,2010-03-24 10:45:00
502347,13988,2010-03-24 11:05:00
502363,14606,2010-03-24 11:19:00
502375,17165,2010-03-24 11:38:00
502393,12524,2010-03-24 11:49:00
502396,15057,2010-03-24 11:51:00
502399,13611,2010-03-24 11:52:00
502404,15607,2010-03-24 11:56:00
502418,17935,2010-03-24 12:07:00
502419,16300,2010-03-24 12:15:00
502420,15015,2010-03-24 12:17:00
502421,15329,2010-03-24 12:18:00
502422,14911,2010-03-24 12:20:00
502423,15601,2010-03-24 12:23:00
502424,14527,2010-03-24 12:30:00
502425,13835,2010-03-24 12:32:00
502426,13199,2010-03-24 12:33:00
502427,17019,2010-03-24 12:33:00
502429,12742,2010-03-24 12:43:00
502430,16735,2010-03-24 12:47:00
502432,17716,2010-03-24 12:54:00
502433,13497,2010-03-24 12:56:00
502436,16002,2010-03-24 13:08:00
502439,15920,2010-03-24 13:14:00
502440,15015,2010-03-24 13:15:00
502441,17640,2010-03-24 13:20:00
502443,18037,2010-03-24 13:28:00
502444,14729,2010-03-24 13:30:00
502445,14729,2010-03-24 13:35:00
502446,15086,2010-03-24 13:56:00
502448,15311,2010-03-24 14:05:00
502449,16444,2010-03-24 14:06:00
502450,14026,2010-03-24 14:10:00
502455,14911,2010-03-24 14:17:00
502456,14911,2010-03-24 14:19:00
502462,15447,2010-03-24 14:40:00
502463,15605,2010-03-24 14:49:00
502464,12748,2010-03-24 15:00:00
502465,17402,2010-03-24 15:08:00
502466,16741,2010-03-24 15:15:00
502467,12437,2010-03-24 15:24:00
502468,16984,2010-03-24 15:36:00
502484,13571,2010-03-24 16:22:00
502485,17072,2010-03-24 16:33:00
502487,12663,2010-03-25 09:40:00
502488,12540,2010-03-25 09:44:00
502489,15527,2010-03-25 10:04:00
502490,14640,2010-03-25 10:04:00
502491,12471,2010-03-25 10:20:00
502492,13459,2010-03-25 10:24:00
502493,12370,2010-03-25 10:28:00
502494,13564,2010-03-25 10:33:00
502495,13557,2010-03-25 10:36:00
502496,14202,2010-03-25 10:36:00
502498,15602,2010-03-25 10:55:00
502499,15513,2010-03-25 11:07:00
502500,15513,2010-03-25 11:09:00
502501,13004,2010-03-25 11:20:00
502509,16554,2010-03-25 11:23:00
502523,15443,2010-03-25 11:28:00
502525,13694,2010-03-25 11:28:00
502528,14947,2010-03-25 11:29:00
502532,13694,2010-03-25 11:31:00
502534,15547,2010-03-25 11:32:00
502535,13694,2010-03-25 11:32:00
502565,13849,2010-03-25 12:03:00
502567,15374,2010-03-25 12:03:00
502568,12370,2010-03-25 12:10:00
502569,14522,2010-03-25 12:12:00
502570,15380,2010-03-25 12:20:00
502583,13875,2010-03-25 12:39:00
502584,13875,2010-03-25 12:40:00
502586,17001,2010-03-25 12:41:00
502588,16550,2010-03-25 12:43:00
502590,17353,2010-03-25 12:52:00
502591,17841,2010-03-25 12:54:00
502592,13995,2010-03-25 13:02:00
502594,16090,2010-03-25 13:05:00
502595,14911,2010-03-25 13:13:00
502596,16553,2010-03-25 13:15:00
502597,13969,2010-03-25 13:15:00
502598,14156,2010-03-25 13:15:00
502599,17301,2010-03-25 13:16:00
502602,16943,2010-03-25 13:34:00
502604,16699,2010-03-25 13:41:00
502605,14685,2010-03-25 13:43:00
502606,13900,2010-03-25 13:46:00
502607,12373,2010-03-25 13:49:00
502608,13001,2010-03-25 13:53:00
502609,17873,2010-03-25 13:55:00
502610,13408,2010-03-25 14:06:00
502611,13668,2010-03-25 14:12:00
502613,14535,2010-03-25 14:22:00
502614,12471,2010-03-25 14:23:00
502615,13285,2010-03-25 14:26:00
502616,12870,2010-03-25 14:32:00
502617,15027,2010-03-25 14:39:00
502618,14085,2010-03-25 14:43:00
502620,14167,2010-03-25 15:00:00
502623,18219,2010-03-25 15:14:00
502624,16794,2010-03-25 15:17:00
502628,16670,2010-03-25 15:36:00
502632,17484,2010-03-25 16:17:00
502633,12510,2010-03-25 16:19:00
502636,12726,2010-03-25 16:25:00
502637,15768,2010-03-25 16:29:00
502638,15260,2010-03-25 16:33:00
502643,15549,2010-03-25 16:43:00
502648,16210,2010-03-25 16:50:00
502653,17160,2010-03-25 16:58:00
502659,14682,2010-03-25 17:06:00
502660,13187,2010-03-25 17:18:00
502661,13705,2010-03-25 17:19:00
502662,14704,2010-03-25 17:21:00
502663,12791,2010-03-25 17:29:00
502664,15722,2010-03-25 17:34:00
502665,15698,2010-03-25 17:38:00
502667,13187,2010-03-25 19:03:00
502668,13187,2010-03-25 19:06:00
502669,15523,2010-03-26 08:51:00
502670,14330,2010-03-26 09:10:00
502671,13767,2010-03-26 09:38:00
502672,12471,2010-03-26 09:41:00
502673,14911,2010-03-26 09:46:00
502674,16286,2010-03-26 09:58:00
502675,14013,2010-03-26 10:02:00
502677,15755,2010-03-26 10:20:00
502692,17949,2010-03-26 11:13:00
502716,16779,2010-03-26 11:20:00
502721,15789,2010-03-26 11:21:00
502723,17949,2010-03-26 11:23:00
502724,14110,2010-03-26 11:26:00
502725,16558,2010-03-26 11:26:00
502728,18188,2010-03-26 11:37:00
502730,15443,2010-03-26 11:42:00
502733,15911,2010-03-26 11:56:00
502734,13082,2010-03-26 11:59:00
502735,12791,2010-03-26 12:05:00
502736,15911,2010-03-26 12:06:00
502738,12791,2010-03-26 12:08:00
502739,16170,2010-03-26 12:19:00
502740,17582,2010-03-26 12:23:00
502743,18166,2010-03-26 12:26:00
502745,16158,2010-03-26 12:42:00
502747,18215,2010-03-26 13:03:00
502748,16493,2010-03-26 13:05:00
502749,18245,2010-03-26 13:08:00
502751,17290,2010-03-26 13:13:00
502752,18252,2010-03-26 13:28:00
502753,16923,2010-03-26 13:30:00
502755,16601,2010-03-26 13:39:00
502756,13931,2010-03-26 13:42:00
502757,14537,2010-03-26 13:44:00
502758,14646,2010-03-26 13:45:00
502759,14646,2010-03-26 13:46:00
502760,14646,2010-03-26 13:47:00
502761,13117,2010-03-26 13:50:00
502762,14074,2010-03-26 13:55:00
502763,17966,2010-03-26 13:57:00
502764,12477,2010-03-26 14:01:00
502765,17371,2010-03-26 14:01:00
502768,14994,2010-03-26 14:16:00
502771,13694,2010-03-26 14:29:00
502772,13694,2010-03-26 14:31:00
502779,16807,2010-03-26 14:38:00
502781,13694,2010-03-26 14:40:00
502784,15249,2010-03-26 14:51:00
502785,13767,2010-03-26 14:55:00
502792,14253,2010-03-26 15:08:00
502794,16833,2010-03-26 15:31:00
502795,16510,2010-03-26 15:32:00
502796,17191,2010-03-26 15:32:00
502798,15552,2010-03-26 16:17:00
502799,15867,2010-03-26 16:17:00
502810,15339,2010-03-26 17:24:00
502811,17243,2010-03-28 10:13:00
502812,15965,2010-03-28 10:28:00
502813,16104,2010-03-28 10:33:00
502814,13767,2010-03-28 10:33:00
502815,16768,2010-03-28 10:35:00
502816,13871,2010-03-28 10:51:00
502817,15848,2010-03-28 10:54:00
502818,13825,2010-03-28 11:02:00
502819,17644,2010-03-28 11:04:00
502820,14849,2010-03-28 11:07:00
502821,14849,2010-03-28 11:09:00
502822,17155,2010-03-28 11:19:00
502823,13209,2010-03-28 11:20:00
502824,13053,2010-03-28 11:28:00
502825,16787,2010-03-28 11:30:00
502826,17920,2010-03-28 11:38:00
502827,15289,2010-03-28 11:45:00
502828,16727,2010-03-28 12:18:00
502829,17827,2010-03-28 12:20:00
502830,14378,2010-03-28 12:22:00
502831,17372,2010-03-28 12:26:00
502832,14805,2010-03-28 12:34:00
502833,13225,2010-03-28 12:36:00
502834,17731,2010-03-28 12:43:00
502835,16934,2010-03-28 12:43:00
502836,16939,2010-03-28 12:44:00
502837,14771,2010-03-28 12:52:00
502838,16784,2010-03-28 12:55:00
502839,12910,2010-03-28 13:10:00
502840,15068,2010-03-28 13:18:00
502841,18283,2010-03-28 13:21:00
502842,17518,2010-03-28 13:31:00
502843,14101,2010-03-28 13:36:00
502844,14291,2010-03-28 13:38:00
502845,13615,2010-03-28 13:40:00
502846,15423,2010-03-28 13:42:00
502847,14572,2010-03-28 13:47:00
502848,15570,2010-03-28 14:04:00
502850,17954,2010-03-28 14:18:00
502851,17068,2010-03-28 14:26:00
502852,18231,2010-03-28 14:32:00
502853,17589,2010-03-28 14:47:00
502854,13684,2010-03-28 14:48:00
502855,16710,2010-03-28 14:53:00
502856,14078,2010-03-28 15:05:00
502857,14735,2010-03-28 15:11:00
502858,15231,2010-03-28 15:12:00
502859,14735,2010-03-28 15:12:00
502860,16666,2010-03-28 15:13:00
502861,14583,2010-03-28 15:16:00
502862,17504,2010-03-28 15:33:00
502863,16067,2010-03-28 15:40:00
502864,14809,2010-03-28 15:42:00
502865,14809,2010-03-28 15:44:00
502866,16549,2010-03-28 15:45:00
502867,15141,2010-03-28 15:58:00
502868,16655,2010-03-28 16:04:00
502869,13113,2010-03-28 16:13:00
502870,13373,2010-03-28 16:17:00
502871,17642,2010-03-29 09:48:00
502873,15981,2010-03-29 10:07:00
502874,13319,2010-03-29 10:08:00
502875,13319,2010-03-29 10:10:00
502876,17949,2010-03-29 10:25:00
502877,16532,2010-03-29 10:26:00
502880,17994,2010-03-29 10:37:00
502881,17448,2010-03-29 10:38:00
502882,16754,2010-03-29 10:41:00
502883,16754,2010-03-29 10:44:00
502884,16019,2010-03-29 10:55:00
502885,16019,2010-03-29 10:56:00
502886,16456,2010-03-29 11:16:00
502887,16754,2010-03-29 11:28:00
502888,18102,2010-03-29 11:33:00
502889,17448,2010-03-29 11:38:00
502890,15039,2010-03-29 11:40:00
502891,17448,2010-03-29 11:41:00
502892,17419,2010-03-29 11:42:00
502893,17448,2010-03-29 11:43:00
502895,17448,2010-03-29 11:49:00
502896,15527,2010-03-29 11:49:00
502897,14527,2010-03-29 11:55:00
502898,17448,2010-03-29 12:01:00
502901,13340,2010-03-29 12:19:00
502902,16634,2010-03-29 12:32:00
502905,12931,2010-03-29 12:51:00
502906,18102,2010-03-29 12:52:00
502908,16327,2010-03-29 13:03:00
502909,17448,2010-03-29 13:04:00
502911,17448,2010-03-29 13:06:00
502912,14680,2010-03-29 13:09:00
502913,13975,2010-03-29 13:10:00
502914,14680,2010-03-29 13:21:00
502915,17920,2010-03-29 13:36:00
502916,16502,2010-03-29 13:39:00
502917,15311,2010-03-29 13:43:00
502918,16502,2010-03-29 13:44:00
502919,17046,2010-03-29 13:46:00
502920,18041,2010-03-29 13:55:00
502921,12496,2010-03-29 13:57:00
502922,18041,2010-03-29 14:04:00
502923,12496,2010-03-29 14:06:00
502924,18168,2010-03-29 14:15:00
502925,17841,2010-03-29 14:19:00
502954,16036,2010-03-29 14:47:00
502968,16176,2010-03-29 14:52:00
502991,12931,2010-03-29 14:57:00
503024,16197,2010-03-29 15:03:00
503046,15270,2010-03-29 15:21:00
503048,12921,2010-03-29 15:34:00
503049,15795,2010-03-29 15:38:00
503058,15291,2010-03-29 15:48:00
503059,13831,2010-03-29 16:14:00
503060,13412,2010-03-29 16:28:00
503062,14606,2010-03-29 16:48:00
503063,17664,2010-03-29 17:17:00
503064,12748,2010-03-29 17:44:00
503065,13097,2010-03-30 09:05:00
503066,16570,2010-03-30 09:32:00
503067,14911,2010-03-30 09:47:00
503068,15713,2010-03-30 10:26:00
503069,16455,2010-03-30 10:31:00
503070,17676,2010-03-30 10:49:00
503071,14469,2010-03-30 10:55:00
503072,17241,2010-03-30 10:58:00
503073,13051,2010-03-30 11:11:00
503074,14461,2010-03-30 11:14:00
503106,12990,2010-03-30 11:36:00
503116,12861,2010-03-30 11:39:00
503135,14935,2010-03-30 11:48:00
503143,15874,2010-03-30 12:07:00
503144,14505,2010-03-30 12:13:00
503146,15029,2010-03-30 12:16:00
503147,14505,2010-03-30 12:16:00
503148,15715,2010-03-30 12:17:00
503149,14606,2010-03-30 12:17:00
503150,15862,2010-03-30 12:22:00
503151,14298,2010-03-30 12:26:00
503152,14298,2010-03-30 12:27:00
503153,14298,2010-03-30 12:29:00
503154,14298,2010-03-30 12:30:00
503155,15981,2010-03-30 12:35:00
503156,15862,2010-03-30 12:36:00
503157,15719,2010-03-30 12:40:00
503158,15575,2010-03-30 12:50:00
503159,13659,2010-03-30 12:58:00
503160,12931,2010-03-30 13:00:00
503162,17586,2010-03-30 13:12:00
503163,13694,2010-03-30 13:13:00
503164,17464,2010-03-30 13:15:00
503165,13694,2010-03-30 13:19:00
503167,13694,2010-03-30 13:24:00
503168,13694,2010-03-30 13:27:00
503169,16611,2010-03-30 13:33:00
503170,17217,2010-03-30 13:35:00
503171,14235,2010-03-30 13:36:00
503172,14871,2010-03-30 13:38:00
503174,15513,2010-03-30 13:57:00
503177,12748,2010-03-30 14:03:00
503178,12949,2010-03-30 14:04:00
503179,15122,2010-03-30 14:05:00
503180,12836,2010-03-30 14:14:00
503181,14492,2010-03-30 14:23:00
503183,18102,2010-03-30 14:26:00
503184,18102,2010-03-30 14:28:00
503186,18102,2010-03-30 14:47:00
503187,15611,2010-03-30 14:54:00
503188,15611,2010-03-30 14:58:00
503189,14882,2010-03-30 15:02:00
503190,13694,2010-03-30 15:06:00
503192,13952,2010-03-30 15:20:00
503193,18242,2010-03-30 15:21:00
503194,13952,2010-03-30 15:21:00
503195,15742,2010-03-30 15:25:00
503197,15633,2010-03-30 15:38:00
503198,13856,2010-03-30 15:40:00
503204,15680,2010-03-30 15:48:00
503217,18002,2010-03-30 16:17:00
503220,16658,2010-03-30 16:24:00
503226,13162,2010-03-30 16:40:00
503230,13676,2010-03-30 16:53:00
503234,15808,2010-03-30 17:10:00
503235,17602,2010-03-30 17:25:00
503236,17602,2010-03-30 17:31:00
503237,18025,2010-03-30 17:33:00
503241,14890,2010-03-31 09:40:00
503242,15792,2010-03-31 09:42:00
503243,12980,2010-03-31 09:43:00
503244,17377,2010-03-31 09:49:00
503245,15216,2010-03-31 09:52:00
503246,13803,2010-03-31 10:00:00
503247,13777,2010-03-31 10:05:00
503248,16954,2010-03-31 10:10:00
503250,18093,2010-03-31 10:27:00
503251,15754,2010-03-31 10:32:00
503252,13382,2010-03-31 10:40:00
503253,16085,2010-03-31 10:41:00
503255,13709,2010-03-31 10:49:00
503256,13798,2010-03-31 10:50:00
503258,17889,2010-03-31 10:54:00
503259,14706,2010-03-31 11:09:00
503260,16393,2010-03-31 11:11:00
503265,12835,2010-03-31 11:27:00
503268,17740,2010-03-31 11:31:00
503277,17460,2010-03-31 11:33:00
503293,13446,2010-03-31 11:39:00
503295,13179,2010-03-31 11:40:00
503328,15741,2010-03-31 11:55:00
503329,14527,2010-03-31 11:57:00
503330,15013,2010-03-31 11:58:00
503331,16212,2010-03-31 12:16:00
503332,13802,2010-03-31 12:19:00
503333,16133,2010-03-31 12:21:00
503334,13941,2010-03-31 12:21:00
503335,16133,2010-03-31 12:22:00
503336,13059,2010-03-31 12:23:00
503337,15046,2010-03-31 12:28:00
503338,18056,2010-03-31 12:29:00
503339,15660,2010-03-31 12:44:00
503340,13059,2010-03-31 12:52:00
503341,17531,2010-03-31 12:57:00
503342,16845,2010-03-31 13:09:00
503343,15796,2010-03-31 13:10:00
503344,15454,2010-03-31 13:15:00
503345,15800,2010-03-31 13:17:00
503346,15800,2010-03-31 13:22:00
503347,15800,2010-03-31 13:23:00
503348,15800,2010-03-31 13:29:00
503349,15125,2010-03-31 13:29:00
503350,16847,2010-03-31 13:32:00
503351,15125,2010-03-31 13:32:00
503352,15125,2010-03-31 13:33:00
503353,15311,2010-03-31 13:39:00
503354,15573,2010-03-31 13:40:00
503355,12913,2010-03-31 13:40:00
503356,15270,2010-03-31 13:40:00
503358,15544,2010-03-31 13:42:00
503359,13209,2010-03-31 13:45:00
503360,16704,2010-03-31 14:02:00
503361,17049,2010-03-31 14:03:00
503362,18231,2010-03-31 14:08:00
503363,18231,2010-03-31 14:12:00
503365,13219,2010-03-31 14:18:00
503379,13417,2010-03-31 14:31:00
503391,14676,2010-03-31 15:00:00
503394,13464,2010-03-31 15:22:00
503395,13039,2010-03-31 15:30:00
503397,14895,2010-03-31 15:38:00
503398,17083,2010-03-31 15:42:00
503401,17428,2010-03-31 16:31:00
503402,17576,2010-03-31 17:13:00
503427,13576,2010-03-31 17:29:00
503430,13361,2010-04-01 07:49:00
503431,14643,2010-04-01 08:33:00
503432,17739,2010-04-01 08:34:00
503433,12609,2010-04-01 08:43:00
503434,15251,2010-04-01 08:45:00
503435,14893,2010-04-01 09:03:00
503436,12662,2010-04-01 09:50:00
503437,15689,2010-04-01 09:53:00
503438,12417,2010-04-01 10:05:00
503439,12647,2010-04-01 10:16:00
503441,15606,2010-04-01 10:29:00
503442,18009,2010-04-01 10:33:00
503443,15754,2010-04-01 10:34:00
503444,16377,2010-04-01 10:36:00
503445,13327,2010-04-01 10:48:00
503447,14916,2010-04-01 10:57:00
503448,16779,2010-04-01 11:16:00
503449,14796,2010-04-01 11:22:00
503450,13582,2010-04-01 11:38:00
503452,16347,2010-04-01 11:48:00
503455,15311,2010-04-01 11:48:00
503461,17603,2010-04-01 11:51:00
503469,15311,2010-04-01 11:55:00
503470,13408,2010-04-01 11:55:00
503472,18241,2010-04-01 11:55:00
503479,13408,2010-04-01 11:57:00
503496,17841,2010-04-01 12:07:00
503497,17539,2010-04-01 12:07:00
503498,16551,2010-04-01 12:10:00
503499,15173,2010-04-01 12:26:00
503503,12583,2010-04-01 12:30:00
503507,16713,2010-04-01 12:33:00
503515,13196,2010-04-01 12:54:00
503516,16434,2010-04-01 12:56:00
503517,14200,2010-04-01 13:01:00
503531,12708,2010-04-01 13:17:00
503532,12472,2010-04-01 13:20:00
503533,13397,2010-04-01 13:24:00
503534,14239,2010-04-01 13:28:00
503535,17700,2010-04-01 13:33:00
503536,15023,2010-04-01 13:54:00
503537,16130,2010-04-01 13:58:00
503538,14692,2010-04-01 14:04:00
503539,17920,2010-04-01 14:14:00
503540,15198,2010-04-01 14:15:00
503541,14748,2010-04-01 14:18:00
503542,14646,2010-04-01 14:19:00
503543,17993,2010-04-01 14:23:00
503545,13750,2010-04-01 14:49:00
503546,16351,2010-04-01 14:51:00
503547,14049,2010-04-01 14:52:00
503548,16918,2010-04-01 14:59:00
503550,13929,2010-04-01 15:15:00
503551,13291,2010-04-01 15:16:00
503568,13089,2010-04-01 15:38:00
503569,13074,2010-04-01 15:40:00
503570,15863,2010-04-01 15:40:00
503572,14441,2010-04-01 15:46:00
503573,14790,2010-04-01 16:13:00
503575,15856,2010-04-01 16:35:00
503579,15768,2010-04-01 16:40:00
503580,17044,2010-04-01 16:46:00
503584,17961,2010-04-01 16:55:00
503585,13047,2010-04-01 17:13:00
503586,15222,2010-04-01 17:15:00
503587,16167,2010-04-01 17:23:00
503588,14713,2010-04-01 18:03:00
503589,14710,2010-04-01 18:23:00
503590,16054,2010-04-01 18:37:00
503591,17669,2010-04-01 18:48:00
503592,18006,2010-04-01 19:06:00
503593,14835,2010-04-01 19:34:00
503594,14694,2010-04-01 19:46:00
503595,17218,2010-04-01 19:54:00
503597,16754,2010-04-06 09:28:00
503598,16754,2010-04-06 09:30:00
503599,17949,2010-04-06 09:37:00
503600,17949,2010-04-06 09:39:00
503602,17949,2010-04-06 09:46:00
503603,16029,2010-04-06 09:51:00
503604,14489,2010-04-06 09:52:00
503605,16029,2010-04-06 09:53:00
503606,17416,2010-04-06 09:56:00
503607,15774,2010-04-06 09:58:00
503608,17477,2010-04-06 10:06:00
503609,17457,2010-04-06 10:21:00
503611,18173,2010-04-06 10:43:00
503612,13027,2010-04-06 10:47:00
503613,12997,2010-04-06 11:06:00
503614,14481,2010-04-06 11:17:00
503616,15215,2010-04-06 11:21:00
503666,13202,2010-04-06 11:41:00
503667,15493,2010-04-06 11:42:00
503668,15770,2010-04-06 11:47:00
503670,15367,2010-04-06 12:11:00
503671,16186,2010-04-06 12:14:00
503672,15367,2010-04-06 12:14:00
503673,15771,2010-04-06 12:20:00
503680,14035,2010-04-06 12:39:00
503683,17281,2010-04-06 12:40:00
503685,13881,2010-04-06 12:41:00
503692,13939,2010-04-06 12:43:00
503693,16782,2010-04-06 12:45:00
503694,13710,2010-04-06 12:54:00
503695,14590,2010-04-06 12:56:00
503697,16654,2010-04-06 13:29:00
503698,15164,2010-04-06 13:30:00
503702,13071,2010-04-06 13:37:00
503703,17841,2010-04-06 13:42:00
503704,16746,2010-04-06 13:52:00
503705,16843,2010-04-06 13:53:00
503706,14990,2010-04-06 13:54:00
503708,14221,2010-04-06 14:10:00
503709,14825,2010-04-06 14:14:00
503710,16266,2010-04-06 14:18:00
503711,12748,2010-04-06 14:21:00
503712,13089,2010-04-06 14:30:00
503713,14265,2010-04-06 14:39:00
503714,13432,2010-04-06 14:42:00
503716,14952,2010-04-06 15:08:00
503717,14952,2010-04-06 15:09:00
503718,15867,2010-04-06 15:10:00
503719,15867,2010-04-06 15:16:00
503720,15311,2010-04-06 15:33:00
503723,13093,2010-04-06 16:01:00
503724,13050,2010-04-06 16:24:00
503725,13207,2010-04-06 16:37:00
503729,13491,2010-04-07 09:29:00
503730,17563,2010-04-07 10:02:00
503731,15252,2010-04-07 10:24:00
503732,13911,2010-04-07 10:35:00
503766,16732,2010-04-07 10:53:00
503772,13632,2010-04-07 10:59:00
503773,16400,2010-04-07 10:59:00
503774,14606,2010-04-07 11:04:00
503775,13727,2010-04-07 11:07:00
503776,16941,2010-04-07 11:13:00
503777,13727,2010-04-07 11:20:00
503778,13769,2010-04-07 11:21:00
503780,14527,2010-04-07 11:52:00
503782,12711,2010-04-07 11:59:00
503783,14156,2010-04-07 12:07:00
503784,14680,2010-04-07 12:09:00
503785,13727,2010-04-07 12:14:00
503786,14590,2010-04-07 12:23:00
503787,14626,2010-04-07 12:30:00
503790,13174,2010-04-07 12:45:00
503791,15854,2010-04-07 12:58:00
503795,14770,2010-04-07 13:07:00
503796,12931,2010-04-07 13:14:00
503797,14264,2010-04-07 13:21:00
503798,15521,2010-04-07 13:34:00
503800,15827,2010-04-07 13:46:00
503801,15521,2010-04-07 13:48:00
503802,14514,2010-04-07 13:54:00
503804,15061,2010-04-07 14:04:00
503805,15061,2010-04-07 14:08:00
503806,15061,2010-04-07 14:10:00
503807,15061,2010-04-07 14:12:00
503808,15061,2010-04-07 14:14:00
503809,15061,2010-04-07 14:14:00
503810,12643,2010-04-07 14:16:00
503811,15112,2010-04-07 14:17:00
503812,17969,2010-04-07 14:21:00
503813,13723,2010-04-07 14:32:00
503814,16656,2010-04-07 14:36:00
503815,13019,2010-04-07 14:36:00
503821,15201,2010-04-07 14:50:00
503822,14916,2010-04-07 14:54:00
503824,13593,2010-04-07 15:02:00
503825,15323,2010-04-07 15:14:00
503826,12821,2010-04-07 15:14:00
503827,13640,2010-04-07 15:33:00
503828,12971,2010-04-07 15:43:00
503829,14667,2010-04-07 15:47:00
503830,16454,2010-04-07 15:54:00
503831,12482,2010-04-07 16:06:00
503832,15738,2010-04-07 16:09:00
503833,12482,2010-04-07 16:11:00
503834,12482,2010-04-07 16:13:00
503835,12482,2010-04-07 16:16:00
503836,12482,2010-04-07 16:17:00
503837,17738,2010-04-07 16:21:00
503838,17738,2010-04-07 16:22:00
503839,17707,2010-04-07 16:36:00
503842,16369,2010-04-07 16:52:00
503844,18064,2010-04-08 08:00:00
503845,17497,2010-04-08 08:01:00
503846,14758,2010-04-08 08:27:00
503847,14798,2010-04-08 08:31:00
503848,13852,2010-04-08 09:06:00
503849,12989,2010-04-08 09:25:00
503850,15640,2010-04-08 09:43:00
503851,17553,2010-04-08 09:44:00
503852,14145,2010-04-08 09:47:00
503853,15358,2010-04-08 09:56:00
503854,12765,2010-04-08 10:08:00
503855,17426,2010-04-08 10:17:00
503856,17426,2010-04-08 10:19:00
503858,12989,2010-04-08 10:30:00
503859,14855,2010-04-08 10:30:00
503860,12422,2010-04-08 10:40:00
503861,13107,2010-04-08 10:52:00
503863,15309,2010-04-08 11:11:00
503864,16053,2010-04-08 11:11:00
503867,13712,2010-04-08 11:16:00
503868,14918,2010-04-08 11:18:00
503869,17677,2010-04-08 11:20:00
503870,12835,2010-04-08 11:33:00
503875,14813,2010-04-08 11:49:00
503877,15005,2010-04-08 11:50:00
503895,13278,2010-04-08 11:59:00
503901,14450,2010-04-08 12:09:00
503904,14533,2010-04-08 12:13:00
503905,17961,2010-04-08 12:23:00
503907,18251,2010-04-08 12:23:00
503921,15613,2010-04-08 12:51:00
503922,17746,2010-04-08 12:54:00
503923,14110,2010-04-08 13:15:00
503924,15298,2010-04-08 13:16:00
503925,15673,2010-04-08 13:18:00
503926,12709,2010-04-08 13:19:00
503927,18194,2010-04-08 13:21:00
503928,12709,2010-04-08 13:21:00
503929,14105,2010-04-08 13:32:00
503930,17110,2010-04-08 13:32:00
503932,14562,2010-04-08 13:45:00
503933,18065,2010-04-08 13:54:00
503934,13611,2010-04-08 14:15:00
503935,17047,2010-04-08 14:28:00
503936,14160,2010-04-08 14:30:00
503937,17805,2010-04-08 14:36:00
503938,15638,2010-04-08 14:37:00
503939,14562,2010-04-08 14:42:00
503941,13044,2010-04-08 15:04:00
503942,14299,2010-04-08 15:19:00
503943,14299,2010-04-08 15:20:00
503944,15768,2010-04-08 15:29:00
503945,13668,2010-04-08 15:30:00
503946,16168,2010-04-08 15:35:00
503947,16168,2010-04-08 15:36:00
503948,16168,2010-04-08 15:36:00
503949,14924,2010-04-08 15:40:00
503950,17362,2010-04-08 15:40:00
503951,15062,2010-04-08 15:41:00
503953,13163,2010-04-08 16:21:00
503954,13999,2010-04-08 16:36:00
503955,13694,2010-04-08 16:43:00
503956,13443,2010-04-08 16:45:00
503959,13694,2010-04-08 16:49:00
503960,12843,2010-04-08 16:50:00
503961,13694,2010-04-08 16:54:00
503962,13694,2010-04-08 16:58:00
503963,16365,2010-04-08 17:00:00
503964,12998,2010-04-08 17:04:00
503965,14548,2010-04-08 17:05:00
503966,14548,2010-04-08 17:09:00
503968,15129,2010-04-08 17:15:00
503969,15311,2010-04-08 17:32:00
503971,13446,2010-04-08 17:39:00
503972,17180,2010-04-08 17:44:00
503973,12987,2010-04-08 17:45:00
503975,17529,2010-04-08 17:51:00
503976,17602,2010-04-08 19:13:00
503977,14702,2010-04-08 19:29:00
503978,13291,2010-04-08 19:39:00
503979,13735,2010-04-08 19:40:00
503980,13762,2010-04-09 08:05:00
503981,13197,2010-04-09 09:14:00
503982,18271,2010-04-09 09:26:00
503984,17949,2010-04-09 09:54:00
503985,12468,2010-04-09 10:08:00
503986,16040,2010-04-09 10:12:00
503987,14961,2010-04-09 10:17:00
503988,18246,2010-04-09 10:19:00
503989,17314,2010-04-09 10:24:00
503991,16341,2010-04-09 10:30:00
503994,16944,2010-04-09 11:03:00
503995,13798,2010-04-09 11:15:00
503997,15223,2010-04-09 11:34:00
504000,16013,2010-04-09 11:38:00
504001,16013,2010-04-09 11:39:00
504002,16412,2010-04-09 11:41:00
504020,13552,2010-04-09 12:08:00
504026,12786,2010-04-09 12:12:00
504064,17289,2010-04-09 12:33:00
504065,16087,2010-04-09 12:33:00
504082,17841,2010-04-09 12:40:00
504092,13971,2010-04-09 13:00:00
504093,13080,2010-04-09 13:07:00
504094,12681,2010-04-09 13:08:00
504097,12613,2010-04-09 14:01:00
504098,15331,2010-04-09 14:26:00
504099,12931,2010-04-09 14:27:00
504100,13802,2010-04-09 14:38:00
504101,16103,2010-04-09 14:46:00
504102,13802,2010-04-09 14:49:00
504116,14441,2010-04-09 15:04:00
504117,15326,2010-04-09 15:22:00
504118,15898,2010-04-09 16:05:00
504119,17609,2010-04-09 16:54:00
504120,15889,2010-04-09 17:13:00
504121,16104,2010-04-11 10:16:00
504122,12916,2010-04-11 10:30:00
504123,17314,2010-04-11 10:35:00
504125,12500,2010-04-11 10:44:00
504126,13854,2010-04-11 10:44:00
504127,13854,2010-04-11 10:45:00
504128,16742,2010-04-11 10:47:00
504130,13520,2010-04-11 11:14:00
504131,15015,2010-04-11 11:17:00
504132,17133,2010-04-11 11:22:00
504133,15489,2010-04-11 11:47:00
504134,17734,2010-04-11 11:56:00
504135,16276,2010-04-11 12:02:00
504136,13799,2010-04-11 12:05:00
504137,17920,2010-04-11 12:12:00
504138,14275,2010-04-11 12:32:00
504139,17769,2010-04-11 12:37:00
504140,16814,2010-04-11 12:45:00
504141,16466,2010-04-11 12:45:00
504142,13259,2010-04-11 13:01:00
504143,17113,2010-04-11 13:07:00
504144,17372,2010-04-11 13:09:00
504145,13786,2010-04-11 13:09:00
504146,12481,2010-04-11 13:10:00
504147,17675,2010-04-11 13:27:00
504148,13180,2010-04-11 13:37:00
504149,17608,2010-04-11 13:37:00
504150,16700,2010-04-11 13:39:00
504151,14011,2010-04-11 13:40:00
504152,17838,2010-04-11 13:49:00
504153,17068,2010-04-11 14:11:00
504154,15443,2010-04-11 14:28:00
504155,17858,2010-04-11 14:42:00
504156,16372,2010-04-11 15:20:00
504157,17221,2010-04-11 15:34:00
504158,13001,2010-04-11 15:38:00
504159,17221,2010-04-11 15:38:00
504160,15555,2010-04-11 15:54:00
504161,15067,2010-04-11 15:54:00
504162,12935,2010-04-11 15:59:00
504163,14430,2010-04-11 15:59:00
504164,14404,2010-04-11 16:06:00
504165,16754,2010-04-12 07:07:00
504166,16029,2010-04-12 07:14:00
504176,13443,2010-04-12 08:23:00
504183,13418,2010-04-12 09:13:00
504184,15524,2010-04-12 09:19:00
504188,16454,2010-04-12 09:52:00
504189,17147,2010-04-12 09:59:00
504192,15590,2010-04-12 10:09:00
504193,12481,2010-04-12 10:10:00
504195,16126,2010-04-12 10:15:00
504196,14791,2010-04-12 10:24:00
504200,14114,2010-04-12 11:07:00
504203,13408,2010-04-12 11:19:00
504204,14930,2010-04-12 11:22:00
504206,17469,2010-04-12 11:25:00
504210,17469,2010-04-12 11:28:00
504212,17865,2010-04-12 11:38:00
504213,15546,2010-04-12 11:45:00
504214,15546,2010-04-12 11:51:00
504216,15504,2010-04-12 12:48:00
504217,14844,2010-04-12 12:50:00
504232,15044,2010-04-12 13:01:00
504234,18102,2010-04-12 13:11:00
504244,13225,2010-04-12 13:22:00
504257,12982,2010-04-12 13:50:00
504266,16353,2010-04-12 14:20:00
504318,15466,2010-04-12 14:48:00
504320,14905,2010-04-12 14:53:00
504321,15311,2010-04-12 14:53:00
504323,15917,2010-04-12 15:01:00
504326,13564,2010-04-12 15:32:00
504327,16595,2010-04-12 15:40:00
504328,16987,2010-04-12 15:59:00
504329,17268,2010-04-12 16:01:00
504331,15523,2010-04-12 16:11:00
504332,12671,2010-04-12 16:30:00
504333,13473,2010-04-12 16:33:00
504335,13473,2010-04-12 16:38:00
504336,16705,2010-04-12 16:38:00
504337,16705,2010-04-12 16:41:00
504338,16705,2010-04-12 16:42:00
504339,16705,2010-04-12 16:44:00
504340,13564,2010-04-12 16:50:00
504341,17048,2010-04-12 17:23:00
504344,14853,2010-04-13 09:26:00
504351,13777,2010-04-13 09:55:00
504352,17268,2010-04-13 09:56:00
504355,13443,2010-04-13 10:01:00
504356,12835,2010-04-13 10:02:00
504372,12943,2010-04-13 11:03:00
504373,13468,2010-04-13 11:04:00
504375,15268,2010-04-13 11:27:00
504376,17460,2010-04-13 11:31:00
504386,14057,2010-04-13 11:38:00
504394,14040,2010-04-13 11:43:00
504404,14040,2010-04-13 11:48:00
504406,17841,2010-04-13 11:55:00
504407,14527,2010-04-13 11:58:00
504408,15039,2010-04-13 12:00:00
504409,13089,2010-04-13 12:21:00
504410,13089,2010-04-13 12:23:00
504411,13089,2010-04-13 12:24:00
504412,16940,2010-04-13 12:24:00
504413,13089,2010-04-13 12:27:00
504414,12805,2010-04-13 12:30:00
504416,13590,2010-04-13 12:35:00
504418,15965,2010-04-13 13:02:00
504421,15639,2010-04-13 13:11:00
504426,16779,2010-04-13 13:21:00
504427,14030,2010-04-13 13:21:00
504430,14172,2010-04-13 13:26:00
504432,18144,2010-04-13 13:26:00
504433,15013,2010-04-13 13:29:00
504434,15311,2010-04-13 13:30:00
504435,14606,2010-04-13 13:31:00
504436,14156,2010-04-13 13:33:00
504437,12957,2010-04-13 13:39:00
504438,14156,2010-04-13 13:40:00
504439,17757,2010-04-13 13:50:00
504440,13052,2010-04-13 14:02:00
504441,13039,2010-04-13 14:16:00
504444,14898,2010-04-13 14:36:00
504447,15889,2010-04-13 14:40:00
504449,12459,2010-04-13 14:53:00
504450,14723,2010-04-13 14:55:00
504451,16709,2010-04-13 15:01:00
504452,15260,2010-04-13 15:17:00
504454,16809,2010-04-13 15:34:00
504458,15982,2010-04-13 15:47:00
504459,14998,2010-04-13 16:07:00
504462,17505,2010-04-13 16:33:00
504466,16259,2010-04-13 16:57:00
504467,16259,2010-04-13 17:15:00
504469,15890,2010-04-14 08:43:00
504470,15513,2010-04-14 08:45:00
504471,15513,2010-04-14 08:46:00
504472,15497,2010-04-14 08:48:00
504473,17594,2010-04-14 08:53:00
504474,15615,2010-04-14 09:30:00
504475,13266,2010-04-14 09:43:00
504477,12437,2010-04-14 10:08:00
504478,12682,2010-04-14 10:13:00
504479,13199,2010-04-14 10:31:00
504480,13199,2010-04-14 10:32:00
504481,14624,2010-04-14 10:44:00
504486,18087,2010-04-14 10:56:00
504487,15046,2010-04-14 11:01:00
504498,17511,2010-04-14 11:16:00
504508,15265,2010-04-14 11:20:00
504519,15563,2010-04-14 11:36:00
504532,12471,2010-04-14 11:50:00
504533,12471,2010-04-14 11:51:00
504535,15061,2010-04-14 11:54:00
504536,13097,2010-04-14 11:59:00
504542,13694,2010-04-14 12:17:00
504546,17961,2010-04-14 12:26:00
504547,17682,2010-04-14 12:28:00
504548,14210,2010-04-14 12:40:00
504550,17039,2010-04-14 12:56:00
504551,13629,2010-04-14 13:24:00
504552,16105,2010-04-14 13:27:00
504553,16292,2010-04-14 13:29:00
504554,16442,2010-04-14 13:35:00
504555,13561,2010-04-14 13:39:00
504556,13878,2010-04-14 13:50:00
504558,14344,2010-04-14 13:55:00
504559,15771,2010-04-14 13:56:00
504560,17961,2010-04-14 13:57:00
504569,17146,2010-04-14 14:20:00
504571,15572,2010-04-14 14:38:00
504572,18057,2010-04-14 14:49:00
504574,14016,2010-04-14 15:10:00
504575,15222,2010-04-14 15:15:00
504576,15144,2010-04-14 15:17:00
504577,14867,2010-04-14 16:24:00
504578,16422,2010-04-14 16:29:00
504580,17519,2010-04-15 08:33:00
504581,16631,2010-04-15 08:35:00
504582,15812,2010-04-15 08:38:00
504583,17888,2010-04-15 09:09:00
504584,17888,2010-04-15 09:10:00
504585,12540,2010-04-15 09:15:00
504586,18190,2010-04-15 09:45:00
504587,14134,2010-04-15 10:12:00
504588,13388,2010-04-15 10:18:00
504589,15194,2010-04-15 10:20:00
504591,13394,2010-04-15 10:31:00
504592,13433,2010-04-15 10:35:00
504593,13901,2010-04-15 10:43:00
504594,15910,2010-04-15 10:49:00
504618,13659,2010-04-15 11:33:00
504619,13659,2010-04-15 11:34:00
504620,14947,2010-04-15 11:44:00
504621,14944,2010-04-15 11:47:00
504622,14569,2010-04-15 11:49:00
504623,14656,2010-04-15 12:10:00
504624,18061,2010-04-15 12:10:00
504625,18174,2010-04-15 12:17:00
504626,15874,2010-04-15 12:20:00
504627,18008,2010-04-15 12:22:00
504628,18008,2010-04-15 12:24:00
504630,12935,2010-04-15 12:54:00
504631,13647,2010-04-15 12:55:00
504633,15311,2010-04-15 13:07:00
504634,18236,2010-04-15 13:39:00
504635,15615,2010-04-15 13:52:00
504636,17678,2010-04-15 13:54:00
504638,18245,2010-04-15 14:10:00
504640,17032,2010-04-15 14:14:00
504643,18151,2010-04-15 14:26:00
504644,14068,2010-04-15 14:28:00
504645,15814,2010-04-15 14:31:00
504646,15032,2010-04-15 14:38:00
504647,17961,2010-04-15 14:45:00
504649,17709,2010-04-15 14:48:00
504655,13661,2010-04-15 14:58:00
504668,13013,2010-04-15 15:12:00
504669,16174,2010-04-15 15:12:00
504673,13287,2010-04-15 15:26:00
504675,15722,2010-04-15 15:28:00
504677,15898,2010-04-15 15:33:00
504680,16840,2010-04-15 15:48:00
504682,14099,2010-04-15 15:57:00
504683,16986,2010-04-15 16:03:00
504686,15354,2010-04-15 16:17:00
504687,15354,2010-04-15 16:21:00
504688,15354,2010-04-15 16:24:00
504691,16325,2010-04-15 16:34:00
504692,13015,2010-04-15 16:35:00
504694,13414,2010-04-15 17:00:00
504695,17799,2010-04-15 17:06:00
504696,17799,2010-04-15 17:10:00
504697,12474,2010-04-15 17:18:00
504698,13591,2010-04-15 17:24:00
504699,13092,2010-04-15 17:25:00
504700,17032,2010-04-15 18:08:00
504701,16722,2010-04-15 18:27:00
504703,13450,2010-04-15 19:15:00
504704,15031,2010-04-15 19:22:00
504705,13542,2010-04-15 19:44:00
504707,13734,2010-04-16 08:42:00
504708,18262,2010-04-16 09:05:00
504709,12437,2010-04-16 09:27:00
504711,12778,2010-04-16 09:57:00
504712,17876,2010-04-16 10:01:00
504714,12395,2010-04-16 10:16:00
504715,17404,2010-04-16 10:27:00
504716,17920,2010-04-16 10:40:00
504717,16098,2010-04-16 10:49:00
504718,12969,2010-04-16 10:50:00
504730,14680,2010-04-16 11:21:00
504741,15716,2010-04-16 11:33:00
504742,15979,2010-04-16 11:35:00
504766,13013,2010-04-16 11:51:00
504775,15249,2010-04-16 11:54:00
504789,13813,2010-04-16 11:59:00
504807,17626,2010-04-16 12:15:00
504808,17841,2010-04-16 12:28:00
504810,15628,2010-04-16 12:43:00
504825,14527,2010-04-16 13:04:00
504826,12875,2010-04-16 13:12:00
504827,16158,2010-04-16 13:13:00
504828,16158,2010-04-16 13:16:00
504829,16125,2010-04-16 13:17:00
504830,14988,2010-04-16 13:34:00
504831,17913,2010-04-16 13:35:00
504832,14110,2010-04-16 13:36:00
504833,14907,2010-04-16 13:40:00
504834,16094,2010-04-16 14:00:00
504835,17842,2010-04-16 14:23:00
504836,14258,2010-04-16 14:40:00
504837,13426,2010-04-16 15:12:00
504838,15078,2010-04-16 15:18:00
504842,15259,2010-04-16 15:55:00
504844,12748,2010-04-16 16:12:00
504846,15061,2010-04-16 16:21:00
504847,17931,2010-04-16 16:51:00
504848,14623,2010-04-16 17:12:00
504850,14134,2010-04-18 10:13:00
504851,15482,2010-04-18 10:31:00
504852,17243,2010-04-18 10:37:00
504853,15796,2010-04-18 10:39:00
504854,16923,2010-04-18 10:40:00
504855,15569,2010-04-18 11:14:00
504856,16883,2010-04-18 11:20:00
504857,17113,2010-04-18 11:24:00
504858,18172,2010-04-18 11:40:00
504859,18064,2010-04-18 11:59:00
504860,12402,2010-04-18 12:04:00
504861,14702,2010-04-18 12:05:00
504862,17850,2010-04-18 12:07:00
504863,13240,2010-04-18 12:07:00
504864,13262,2010-04-18 12:14:00
504865,17346,2010-04-18 12:18:00
504866,17858,2010-04-18 12:19:00
504867,13408,2010-04-18 12:31:00
504868,13044,2010-04-18 12:31:00
504869,13408,2010-04-18 12:32:00
504870,14532,2010-04-18 12:33:00
504871,12482,2010-04-18 12:33:00
504872,12482,2010-04-18 12:36:00
504873,14817,2010-04-18 12:36:00
504874,12482,2010-04-18 12:39:00
504875,12482,2010-04-18 12:44:00
504876,14878,2010-04-18 12:44:00
504877,17085,2010-04-18 12:45:00
504878,15768,2010-04-18 12:46:00
504879,12482,2010-04-18 12:49:00
504880,15059,2010-04-18 12:57:00
504881,17850,2010-04-18 13:00:00
504882,14395,2010-04-18 13:12:00
504883,18231,2010-04-18 13:18:00
504884,17389,2010-04-18 13:27:00
504885,17969,2010-04-18 13:31:00
504886,13285,2010-04-18 13:38:00
504887,17850,2010-04-18 13:40:00
504888,17256,2010-04-18 13:40:00
504889,17256,2010-04-18 13:42:00
504890,14415,2010-04-18 13:53:00
504891,12791,2010-04-18 14:00:00
504893,15972,2010-04-18 14:06:00
504894,15990,2010-04-18 14:10:00
504895,18172,2010-04-18 14:15:00
504896,17041,2010-04-18 14:25:00
504897,17041,2010-04-18 14:28:00
504898,16409,2010-04-18 14:35:00
504900,17850,2010-04-18 15:12:00
504901,16921,2010-04-18 15:34:00
504902,13286,2010-04-18 15:35:00
504903,16549,2010-04-18 15:48:00
504904,18069,2010-04-18 15:53:00
504905,16027,2010-04-18 15:57:00
504906,17850,2010-04-19 07:14:00
504907,17850,2010-04-19 08:19:00
504908,14506,2010-04-19 08:27:00
504909,15410,2010-04-19 08:57:00
504910,17850,2010-04-19 09:35:00
504911,17540,2010-04-19 09:47:00
504912,15793,2010-04-19 09:54:00
504913,14911,2010-04-19 10:04:00
504914,14845,2010-04-19 10:19:00
504915,14911,2010-04-19 10:23:00
504917,15039,2010-04-19 10:29:00
504920,17474,2010-04-19 10:43:00
504922,14952,2010-04-19 10:46:00
504923,14952,2010-04-19 10:48:00
504926,18172,2010-04-19 11:00:00
504927,12482,2010-04-19 10:59:00
504929,12482,2010-04-19 11:01:00
504930,18172,2010-04-19 11:09:00
504932,13145,2010-04-19 11:11:00
504934,17850,2010-04-19 11:15:00
504937,15273,2010-04-19 11:31:00
504938,15321,2010-04-19 11:36:00
504950,15321,2010-04-19 11:48:00
504974,13883,2010-04-19 12:04:00
504978,13883,2010-04-19 12:05:00
505000,16470,2010-04-19 12:28:00
505001,17850,2010-04-19 12:38:00
505002,16905,2010-04-19 12:39:00
505004,13093,2010-04-19 12:45:00
505005,13939,2010-04-19 12:49:00
505007,16905,2010-04-19 12:52:00
505008,15538,2010-04-19 12:55:00
505009,16843,2010-04-19 13:03:00
505011,17850,2010-04-19 13:15:00
505012,17865,2010-04-19 13:15:00
505013,13115,2010-04-19 13:29:00
505014,17802,2010-04-19 13:28:00
505015,14156,2010-04-19 13:30:00
505017,17850,2010-04-19 14:03:00
505018,15451,2010-04-19 14:08:00
505019,18095,2010-04-19 14:09:00
505020,17584,2010-04-19 14:09:00
505023,12516,2010-04-19 14:14:00
505024,15005,2010-04-19 14:21:00
505042,16190,2010-04-19 14:34:00
505044,12949,2010-04-19 14:36:00
505047,12949,2010-04-19 14:36:00
505051,12949,2010-04-19 14:39:00
505052,17850,2010-04-19 14:52:00
505056,14667,2010-04-19 14:59:00
505057,17644,2010-04-19 15:20:00
505058,17696,2010-04-19 15:22:00
505059,15682,2010-04-19 15:30:00
505061,14372,2010-04-19 15:57:00
505062,13874,2010-04-19 16:09:00
505063,16548,2010-04-19 16:15:00
505064,17236,2010-04-19 16:20:00
505066,13407,2010-04-19 16:48:00
505067,14606,2010-04-19 16:48:00
505068,17850,2010-04-19 16:50:00
505070,13679,2010-04-19 17:11:00
505075,17850,2010-04-20 08:44:00
505076,17850,2010-04-20 09:29:00
505077,15061,2010-04-20 09:32:00
505078,12780,2010-04-20 09:40:00
505079,15447,2010-04-20 09:45:00
505080,15447,2010-04-20 09:47:00
505081,16742,2010-04-20 09:49:00
505082,13995,2010-04-20 09:54:00
505083,12623,2010-04-20 09:56:00
505084,14926,2010-04-20 09:59:00
505085,14611,2010-04-20 10:19:00
505086,12931,2010-04-20 10:22:00
505087,17850,2010-04-20 10:23:00
505088,12931,2010-04-20 10:25:00
505089,17307,2010-04-20 10:35:00
505090,18276,2010-04-20 10:40:00
505142,17138,2010-04-20 11:19:00
505143,16161,2010-04-20 11:21:00
505144,17850,2010-04-20 11:24:00
505146,13694,2010-04-20 11:26:00
505147,15970,2010-04-20 11:30:00
505148,13694,2010-04-20 11:37:00
505152,17867,2010-04-20 11:49:00
505153,17908,2010-04-20 11:52:00
505154,16864,2010-04-20 11:56:00
505157,13856,2010-04-20 11:57:00
505158,17825,2010-04-20 12:01:00
505159,17742,2010-04-20 12:10:00
505162,14812,2010-04-20 12:13:00
505163,17596,2010-04-20 12:15:00
505165,15885,2010-04-20 12:29:00
505166,16862,2010-04-20 12:30:00
505167,17841,2010-04-20 12:46:00
505168,14156,2010-04-20 12:48:00
505169,17850,2010-04-20 12:49:00
505170,12647,2010-04-20 12:49:00
505171,16774,2010-04-20 12:51:00
505172,16525,2010-04-20 12:52:00
505173,12983,2010-04-20 12:58:00
505174,17850,2010-04-20 13:24:00
505175,12835,2010-04-20 13:28:00
505176,17622,2010-04-20 13:38:00
505177,13042,2010-04-20 13:43:00
505178,17861,2010-04-20 13:48:00
505179,17185,2010-04-20 13:49:00
505180,17185,2010-04-20 13:52:00
505181,18134,2010-04-20 14:02:00
505182,17576,2010-04-20 14:04:00
505183,13999,2010-04-20 14:06:00
505184,13753,2010-04-20 14:08:00
505185,14648,2010-04-20 14:33:00
505186,16619,2010-04-20 14:52:00
505187,14440,2010-04-20 14:52:00
505188,15886,2010-04-20 15:03:00
505189,13485,2010-04-20 15:32:00
505196,13577,2010-04-20 15:40:00
505199,15571,2010-04-20 16:00:00
505200,16839,2010-04-20 16:06:00
505201,12836,2010-04-20 16:19:00
505204,17448,2010-04-20 16:24:00
505206,13078,2010-04-20 16:46:00
505209,14081,2010-04-20 17:25:00
505211,18062,2010-04-21 08:55:00
505212,15129,2010-04-21 09:03:00
505213,15366,2010-04-21 09:52:00
505227,12482,2010-04-21 10:33:00
505228,16256,2010-04-21 10:34:00
505229,12482,2010-04-21 10:34:00
505230,15695,2010-04-21 10:36:00
505232,17448,2010-04-21 10:43:00
505233,17377,2010-04-21 10:46:00
505235,17949,2010-04-21 10:50:00
505236,12391,2010-04-21 10:58:00
505237,12391,2010-04-21 10:59:00
505238,16684,2010-04-21 11:03:00
505239,17920,2010-04-21 11:21:00
505240,12971,2010-04-21 11:31:00
505287,16472,2010-04-21 11:48:00
505297,12530,2010-04-21 11:51:00
505313,13911,2010-04-21 12:02:00
505314,12681,2010-04-21 12:02:00
505315,15311,2010-04-21 12:03:00
505316,16231,2010-04-21 12:06:00
505317,12588,2010-04-21 12:22:00
505328,14527,2010-04-21 12:30:00
505329,13431,2010-04-21 12:30:00
505330,13089,2010-04-21 12:32:00
505331,17622,2010-04-21 12:36:00
505332,15719,2010-04-21 12:43:00
505333,15455,2010-04-21 12:43:00
505335,12709,2010-04-21 13:00:00
505336,17644,2010-04-21 13:11:00
505337,12631,2010-04-21 13:14:00
505338,12631,2010-04-21 13:15:00
505340,17448,2010-04-21 13:20:00
505341,17448,2010-04-21 13:21:00
505342,17448,2010-04-21 13:22:00
505343,16592,2010-04-21 13:23:00
505344,16086,2010-04-21 13:28:00
505345,17324,2010-04-21 13:42:00
505346,15890,2010-04-21 13:53:00
505347,16133,2010-04-21 13:56:00
505348,16225,2010-04-21 14:00:00
505349,15580,2010-04-21 14:05:00
505351,17884,2010-04-21 14:17:00
505352,17884,2010-04-21 14:21:00
505356,15570,2010-04-21 15:08:00
505357,17457,2010-04-21 15:22:00
505358,14605,2010-04-21 15:24:00
505360,17115,2010-04-21 15:31:00
505361,14825,2010-04-21 15:34:00
505362,13728,2010-04-21 15:40:00
505363,17865,2010-04-21 15:42:00
505364,14395,2010-04-21 15:46:00
505366,13461,2010-04-21 16:01:00
505367,13963,2010-04-21 16:20:00
505368,14388,2010-04-21 16:28:00
505372,17681,2010-04-21 17:21:00
505373,17681,2010-04-21 17:22:00
505374,17848,2010-04-21 17:22:00
505375,17848,2010-04-21 17:24:00
505376,16755,2010-04-21 17:33:00
505378,15095,2010-04-22 08:03:00
505379,15291,2010-04-22 08:34:00
505380,17675,2010-04-22 08:36:00
505381,14646,2010-04-22 08:38:00
505385,13308,2010-04-22 09:22:00
505389,17675,2010-04-22 09:31:00
505392,18108,2010-04-22 09:38:00
505393,14646,2010-04-22 09:41:00
505394,14917,2010-04-22 09:44:00
505396,16131,2010-04-22 09:50:00
505397,15633,2010-04-22 09:54:00
505398,13855,2010-04-22 10:10:00
505399,18188,2010-04-22 10:11:00
505409,12504,2010-04-22 10:24:00
505443,13625,2010-04-22 10:50:00
505445,13089,2010-04-22 10:58:00
505447,14680,2010-04-22 11:14:00
505448,17646,2010-04-22 11:14:00
505450,13935,2010-04-22 11:21:00
505452,14917,2010-04-22 11:28:00
505453,12625,2010-04-22 11:33:00
505456,14735,2010-04-22 11:34:00
505461,17754,2010-04-22 11:48:00
505462,15622,2010-04-22 11:51:00
505463,15622,2010-04-22 11:52:00
505464,13698,2010-04-22 11:52:00
505465,13446,2010-04-22 11:58:00
505466,14000,2010-04-22 11:59:00
505468,12932,2010-04-22 12:09:00
505469,17083,2010-04-22 12:09:00
505472,12932,2010-04-22 12:10:00
505479,18231,2010-04-22 12:12:00
505481,13346,2010-04-22 12:34:00
505482,18218,2010-04-22 12:38:00
505491,14895,2010-04-22 12:58:00
505494,14064,2010-04-22 13:15:00
505495,16743,2010-04-22 13:21:00
505496,15651,2010-04-22 13:26:00
505497,14040,2010-04-22 13:26:00
505498,14209,2010-04-22 13:29:00
505499,16862,2010-04-22 13:36:00
505500,13199,2010-04-22 14:05:00
505501,18093,2010-04-22 14:07:00
505502,18272,2010-04-22 14:07:00
505503,14006,2010-04-22 14:08:00
505504,16279,2010-04-22 14:09:00
505506,16344,2010-04-22 14:10:00
505507,15073,2010-04-22 14:15:00
505508,14655,2010-04-22 14:29:00
505509,14156,2010-04-22 14:31:00
505511,13769,2010-04-22 14:34:00
505512,17961,2010-04-22 14:55:00
505513,14556,2010-04-22 14:57:00
505514,17729,2010-04-22 15:03:00
505515,14092,2010-04-22 15:15:00
505516,15768,2010-04-22 15:31:00
505517,15715,2010-04-22 15:33:00
505518,14182,2010-04-22 15:36:00
505519,13004,2010-04-22 15:43:00
505520,12823,2010-04-22 15:43:00
505521,17240,2010-04-22 15:44:00
505522,14911,2010-04-22 15:58:00
505523,15093,2010-04-22 16:12:00
505525,14156,2010-04-22 17:01:00
505530,12976,2010-04-22 17:38:00
505532,16176,2010-04-22 17:41:00
505533,18102,2010-04-22 17:44:00
505534,18102,2010-04-22 17:46:00
505535,18102,2010-04-22 17:48:00
505536,18102,2010-04-22 17:49:00
505537,16013,2010-04-22 17:51:00
505538,16013,2010-04-22 17:53:00
505540,16029,2010-04-22 18:00:00
505542,14788,2010-04-22 18:16:00
505547,12406,2010-04-22 18:41:00
505548,14525,2010-04-22 18:58:00
505549,17057,2010-04-22 19:21:00
505550,17448,2010-04-23 08:28:00
505551,16497,2010-04-23 09:00:00
505552,16497,2010-04-23 09:02:00
505553,17448,2010-04-23 09:26:00
505554,12747,2010-04-23 09:51:00
505555,12672,2010-04-23 09:57:00
505557,13648,2010-04-23 10:02:00
505558,12921,2010-04-23 10:07:00
505559,17949,2010-04-23 10:18:00
505560,17949,2010-04-23 10:20:00
505561,17448,2010-04-23 10:20:00
505563,16168,2010-04-23 10:37:00
505564,14522,2010-04-23 10:45:00
505565,13531,2010-04-23 10:48:00
505566,15218,2010-04-23 11:00:00
505567,13267,2010-04-23 11:07:00
505568,13694,2010-04-23 11:12:00
505569,15474,2010-04-23 11:14:00
505570,17181,2010-04-23 11:21:00
505571,16661,2010-04-23 11:28:00
505572,14030,2010-04-23 11:36:00
505573,17448,2010-04-23 11:43:00
505574,13269,2010-04-23 11:44:00
505575,16028,2010-04-23 11:45:00
505576,13269,2010-04-23 11:46:00
505577,15738,2010-04-23 11:59:00
505578,15306,2010-04-23 12:12:00
505579,17448,2010-04-23 12:13:00
505580,17448,2010-04-23 12:13:00
505581,15898,2010-04-23 12:14:00
505585,17448,2010-04-23 12:19:00
505588,15548,2010-04-23 12:20:00
505615,15288,2010-04-23 12:49:00
505616,13656,2010-04-23 12:50:00
505633,14623,2010-04-23 13:00:00
505634,15518,2010-04-23 13:12:00
505635,14852,2010-04-23 13:12:00
505636,14755,2010-04-23 13:23:00
505637,15179,2010-04-23 13:26:00
505639,15042,2010-04-23 14:01:00
505640,15694,2010-04-23 14:03:00
505641,15514,2010-04-23 14:10:00
505643,15245,2010-04-23 14:23:00
505644,14958,2010-04-23 14:31:00
505657,13126,2010-04-23 14:38:00
505669,12483,2010-04-23 14:45:00
505675,16008,2010-04-23 14:59:00
505676,14541,2010-04-23 15:13:00
505681,15747,2010-04-23 16:02:00
505682,14709,2010-04-23 16:13:00
505685,16538,2010-04-23 16:25:00
505688,17351,2010-04-23 16:52:00
505694,13693,2010-04-25 10:11:00
505695,16585,2010-04-25 10:34:00
505696,13777,2010-04-25 10:36:00
505697,15755,2010-04-25 10:51:00
505698,15838,2010-04-25 11:15:00
505699,14451,2010-04-25 11:15:00
505700,16414,2010-04-25 11:24:00
505701,16868,2010-04-25 11:31:00
505702,14549,2010-04-25 11:43:00
505703,15600,2010-04-25 11:50:00
505704,12844,2010-04-25 11:51:00
505705,16068,2010-04-25 11:52:00
505706,17436,2010-04-25 11:53:00
505707,14156,2010-04-25 12:11:00
505708,13782,2010-04-25 12:15:00
505709,13050,2010-04-25 12:34:00
505710,12474,2010-04-25 12:36:00
505711,13293,2010-04-25 12:42:00
505712,13527,2010-04-25 12:43:00
505713,18178,2010-04-25 13:07:00
505714,13863,2010-04-25 13:09:00
505715,13760,2010-04-25 13:10:00
505716,18091,2010-04-25 13:18:00
505717,17611,2010-04-25 13:20:00
505718,13609,2010-04-25 13:26:00
505719,17550,2010-04-25 13:28:00
505720,17372,2010-04-25 13:36:00
505721,15055,2010-04-25 13:40:00
505723,17146,2010-04-25 13:48:00
505724,17550,2010-04-25 13:49:00
505725,14606,2010-04-25 13:55:00
505729,12877,2010-04-25 14:19:00
505730,13455,2010-04-25 14:31:00
505731,16558,2010-04-25 15:09:00
505732,13510,2010-04-25 15:26:00
505733,13021,2010-04-25 15:32:00
505734,16485,2010-04-25 15:40:00
505735,15638,2010-04-25 15:45:00
505736,17160,2010-04-25 15:47:00
505737,13798,2010-04-25 15:48:00
505738,13798,2010-04-25 15:48:00
505739,15221,2010-04-25 15:50:00
505740,13762,2010-04-25 15:51:00
505741,16984,2010-04-25 15:56:00
505742,18065,2010-04-25 16:02:00
505743,13152,2010-04-25 16:07:00
505744,15769,2010-04-26 07:15:00
505745,16684,2010-04-26 07:17:00
505746,16684,2010-04-26 07:19:00
505747,16684,2010-04-26 07:20:00
505748,14897,2010-04-26 09:13:00
505755,13408,2010-04-26 09:47:00
505756,14677,2010-04-26 09:48:00
505757,12838,2010-04-26 09:59:00
505762,17093,2010-04-26 10:22:00
505766,14743,2010-04-26 10:26:00
505769,17572,2010-04-26 10:27:00
505770,14773,2010-04-26 10:29:00
505771,14493,2010-04-26 10:31:00
505772,12925,2010-04-26 10:32:00
505773,15058,2010-04-26 10:33:00
505774,17663,2010-04-26 10:33:00
505775,14942,2010-04-26 10:35:00
505776,15717,2010-04-26 10:41:00
505778,14820,2010-04-26 10:43:00
505779,13555,2010-04-26 10:44:00
505780,13117,2010-04-26 10:45:00
505781,15420,2010-04-26 10:46:00
505782,14999,2010-04-26 10:47:00
505783,17406,2010-04-26 10:48:00
505784,17406,2010-04-26 10:48:00
505785,13993,2010-04-26 10:49:00
505787,16814,2010-04-26 10:57:00
505788,16099,2010-04-26 11:00:00
505789,15586,2010-04-26 11:00:00
505790,15990,2010-04-26 11:02:00
505791,16335,2010-04-26 11:07:00
505806,14911,2010-04-26 11:16:00
505809,14665,2010-04-26 11:17:00
505826,14021,2010-04-26 11:22:00
505838,17673,2010-04-26 11:25:00
505840,17049,2010-04-26 11:36:00
505841,16736,2010-04-26 11:44:00
505842,13555,2010-04-26 11:48:00
505844,13911,2010-04-26 12:00:00
505845,16756,2010-04-26 12:02:00
505846,16523,2010-04-26 12:02:00
505847,14710,2010-04-26 12:11:00
505848,13911,2010-04-26 12:16:00
505849,17715,2010-04-26 12:17:00
505851,12472,2010-04-26 12:34:00
505852,15384,2010-04-26 12:38:00
505853,17241,2010-04-26 12:46:00
505854,14563,2010-04-26 12:51:00
505855,14186,2010-04-26 12:57:00
505858,15111,2010-04-26 13:12:00
505867,13307,2010-04-26 13:28:00
505877,12921,2010-04-26 13:33:00
505882,14552,2010-04-26 13:44:00
505883,12471,2010-04-26 13:53:00
505884,14911,2010-04-26 13:54:00
505885,16623,2010-04-26 14:04:00
505886,15311,2010-04-26 14:08:00
505887,17959,2010-04-26 14:12:00
505889,13012,2010-04-26 14:14:00
505890,14527,2010-04-26 14:22:00
505891,13781,2010-04-26 14:30:00
505916,15867,2010-04-26 14:47:00
505941,16858,2010-04-26 14:57:00
505962,17841,2010-04-26 15:17:00
505963,14401,2010-04-26 15:20:00
505964,13015,2010-04-26 15:30:00
505965,16242,2010-04-26 15:43:00
505966,18009,2010-04-26 16:16:00
505967,18009,2010-04-26 16:21:00
505969,17231,2010-04-26 16:36:00
505970,12712,2010-04-26 16:49:00
505973,14465,2010-04-26 17:16:00
505974,17449,2010-04-26 18:06:00
505975,13037,2010-04-27 08:51:00
505976,14625,2010-04-27 08:58:00
505977,13881,2010-04-27 09:01:00
505978,13881,2010-04-27 09:03:00
505979,15601,2010-04-27 09:05:00
505980,15845,2010-04-27 09:09:00
505981,18102,2010-04-27 09:30:00
505982,18102,2010-04-27 09:32:00
505983,13199,2010-04-27 09:34:00
505984,18102,2010-04-27 09:35:00
505985,18102,2010-04-27 09:41:00
505986,16186,2010-04-27 09:42:00
505987,18102,2010-04-27 09:44:00
505988,13655,2010-04-27 09:59:00
505989,13064,2010-04-27 10:08:00
505990,17966,2010-04-27 10:11:00
505991,13798,2010-04-27 10:13:00
505992,17966,2010-04-27 10:14:00
505993,17221,2010-04-27 10:27:00
505994,17920,2010-04-27 10:28:00
505995,15601,2010-04-27 10:31:00
505996,17348,2010-04-27 10:48:00
505997,13192,2010-04-27 10:50:00
505998,15367,2010-04-27 10:51:00
505999,14837,2010-04-27 10:54:00
506000,16088,2010-04-27 10:56:00
506003,16652,2010-04-27 11:15:00
506004,15633,2010-04-27 11:22:00
506018,15369,2010-04-27 11:35:00
506024,15369,2010-04-27 11:37:00
506025,16543,2010-04-27 11:38:00
506029,16550,2010-04-27 11:40:00
506047,16782,2010-04-27 11:48:00
506055,16117,2010-04-27 11:50:00
506066,13696,2010-04-27 11:53:00
506070,17139,2010-04-27 11:54:00
506073,17139,2010-04-27 11:56:00
506080,17332,2010-04-27 11:58:00
506082,13178,2010-04-27 11:58:00
506091,15402,2010-04-27 12:12:00
506092,17185,2010-04-27 12:15:00
506097,16456,2010-04-27 12:20:00
506099,17991,2010-04-27 12:46:00
506100,16749,2010-04-27 13:06:00
506107,16354,2010-04-27 13:33:00
506108,17063,2010-04-27 13:35:00
506111,12849,2010-04-27 13:44:00
506112,16210,2010-04-27 13:45:00
506113,16210,2010-04-27 13:48:00
506114,13001,2010-04-27 13:48:00
506115,12392,2010-04-27 14:04:00
506116,13026,2010-04-27 14:07:00
506117,16408,2010-04-27 14:08:00
506118,17709,2010-04-27 14:10:00
506119,16267,2010-04-27 14:10:00
506120,16170,2010-04-27 14:10:00
506121,17035,2010-04-27 14:11:00
506122,13048,2010-04-27 14:11:00
506123,16197,2010-04-27 14:12:00
506125,14651,2010-04-27 14:14:00
506127,16351,2010-04-27 14:36:00
506130,16011,2010-04-27 14:44:00
506131,14211,2010-04-27 14:56:00
506134,16103,2010-04-27 15:18:00
506135,15070,2010-04-27 15:21:00
506136,14882,2010-04-27 15:29:00
506137,13319,2010-04-27 15:31:00
506138,15005,2010-04-27 15:32:00
506139,18268,2010-04-27 15:47:00
506140,15856,2010-04-27 16:15:00
506142,12744,2010-04-27 16:19:00
506144,15856,2010-04-27 16:32:00
506149,12748,2010-04-27 17:01:00
506154,14471,2010-04-27 17:12:00
506162,13081,2010-04-28 09:15:00
506163,15498,2010-04-28 09:18:00
506164,17941,2010-04-28 09:23:00
506165,14912,2010-04-28 09:41:00
506167,16138,2010-04-28 09:51:00
506168,13958,2010-04-28 10:02:00
506169,13958,2010-04-28 10:03:00
506170,14237,2010-04-28 10:04:00
506171,14110,2010-04-28 10:05:00
506172,16742,2010-04-28 10:16:00
506173,12939,2010-04-28 10:18:00
506174,16182,2010-04-28 10:29:00
506175,14978,2010-04-28 10:50:00
506176,17635,2010-04-28 10:51:00
506177,14770,2010-04-28 10:52:00
506178,16841,2010-04-28 10:58:00
506189,16779,2010-04-28 11:24:00
506209,15791,2010-04-28 11:29:00
506222,18135,2010-04-28 11:52:00
506223,16461,2010-04-28 11:54:00
506225,17491,2010-04-28 11:57:00
506226,13047,2010-04-28 12:01:00
506227,13539,2010-04-28 12:04:00
506228,13775,2010-04-28 12:15:00
506229,18273,2010-04-28 12:24:00
506230,13694,2010-04-28 12:27:00
506231,13694,2010-04-28 12:28:00
506232,14177,2010-04-28 12:31:00
506233,14177,2010-04-28 12:34:00
506239,14177,2010-04-28 12:41:00
506241,15311,2010-04-28 12:51:00
506242,14194,2010-04-28 13:12:00
506244,14194,2010-04-28 13:18:00
506245,16447,2010-04-28 13:21:00
506246,14194,2010-04-28 13:23:00
506247,18049,2010-04-28 13:24:00
506248,14724,2010-04-28 13:26:00
506249,12876,2010-04-28 13:26:00
506250,16327,2010-04-28 13:34:00
506251,14344,2010-04-28 13:40:00
506252,14399,2010-04-28 13:42:00
506253,17346,2010-04-28 13:53:00
506254,12714,2010-04-28 13:59:00
506255,16384,2010-04-28 14:01:00
506256,14233,2010-04-28 14:02:00
506258,15738,2010-04-28 14:25:00
506260,12717,2010-04-28 14:34:00
506261,17605,2010-04-28 14:45:00
506262,12839,2010-04-28 14:45:00
506263,14739,2010-04-28 14:52:00
506264,13715,2010-04-28 14:53:00
506265,14389,2010-04-28 14:57:00
506266,16648,2010-04-28 14:58:00
506267,12695,2010-04-28 14:59:00
506268,15445,2010-04-28 15:00:00
506269,15101,2010-04-28 15:00:00
506270,18260,2010-04-28 15:01:00
506271,13238,2010-04-28 15:02:00
506272,14648,2010-04-28 15:04:00
506273,16359,2010-04-28 15:05:00
506274,17262,2010-04-28 15:06:00
506275,17262,2010-04-28 15:09:00
506276,17581,2010-04-28 15:39:00
506277,17581,2010-04-28 15:40:00
506278,12698,2010-04-28 15:51:00
506279,13976,2010-04-28 15:54:00
506281,14395,2010-04-28 16:17:00
506282,17406,2010-04-28 16:20:00
506283,14422,2010-04-28 16:26:00
506285,16767,2010-04-28 16:49:00
506287,13041,2010-04-29 08:43:00
506288,14403,2010-04-29 08:47:00
506289,13758,2010-04-29 09:11:00
506290,14911,2010-04-29 09:16:00
506292,15641,2010-04-29 09:38:00
506293,13802,2010-04-29 09:42:00
506294,17377,2010-04-29 10:11:00
506295,15125,2010-04-29 10:17:00
506296,17377,2010-04-29 10:20:00
506297,14275,2010-04-29 10:24:00
506298,12748,2010-04-29 10:24:00
506299,14849,2010-04-29 10:33:00
506300,13655,2010-04-29 10:38:00
506301,14249,2010-04-29 10:41:00
506303,14249,2010-04-29 10:43:00
506305,13070,2010-04-29 10:48:00
506308,14911,2010-04-29 10:54:00
506309,12758,2010-04-29 10:58:00
506311,17841,2010-04-29 11:08:00
506312,17886,2010-04-29 11:10:00
506314,12835,2010-04-29 11:19:00
506317,13694,2010-04-29 11:22:00
506344,17730,2010-04-29 11:48:00
506346,15691,2010-04-29 11:53:00
506347,14512,2010-04-29 11:56:00
506361,14961,2010-04-29 12:04:00
506377,14527,2010-04-29 12:16:00
506378,14824,2010-04-29 12:17:00
506380,17222,2010-04-29 12:19:00
506381,13477,2010-04-29 12:21:00
506383,13824,2010-04-29 12:30:00
506384,14680,2010-04-29 12:37:00
506386,15203,2010-04-29 12:43:00
506387,15203,2010-04-29 12:44:00
506388,16383,2010-04-29 12:51:00
506389,17356,2010-04-29 12:55:00
506391,18111,2010-04-29 12:58:00
506394,12349,2010-04-29 13:20:00
506395,17771,2010-04-29 13:21:00
506397,14732,2010-04-29 13:29:00
506399,13969,2010-04-29 13:32:00
506400,15954,2010-04-29 13:35:00
506403,16332,2010-04-29 13:41:00
506404,16008,2010-04-29 13:41:00
506408,15768,2010-04-29 13:50:00
506410,12863,2010-04-29 13:54:00
506411,13148,2010-04-29 14:00:00
506412,16607,2010-04-29 14:01:00
506413,14292,2010-04-29 14:16:00
506415,17460,2010-04-29 15:00:00
506416,13786,2010-04-29 15:02:00
506428,15180,2010-04-29 15:27:00
506433,18141,2010-04-29 15:32:00
506434,13173,2010-04-29 15:34:00
506435,12377,2010-04-29 15:34:00
506436,13173,2010-04-29 15:38:00
506437,15606,2010-04-29 15:39:00
506440,17611,2010-04-29 16:22:00
506442,16520,2010-04-29 16:45:00
506443,14282,2010-04-29 16:45:00
506444,16718,2010-04-29 16:56:00
506446,12982,2010-04-29 17:11:00
506447,12857,2010-04-29 17:33:00
506448,17463,2010-04-29 17:57:00
506451,13077,2010-04-29 18:18:00
506452,15709,2010-04-29 18:31:00
506453,14031,2010-04-29 18:34:00
506454,16422,2010-04-29 19:05:00
506455,16827,2010-04-29 19:07:00
506456,15015,2010-04-29 19:08:00
506457,17406,2010-04-29 19:17:00
506458,14543,2010-04-29 19:36:00
506459,12915,2010-04-29 19:36:00
506460,15861,2010-04-29 20:04:00
506461,17021,2010-04-29 20:05:00
506462,14650,2010-04-29 20:27:00
506463,16258,2010-04-30 07:58:00
506464,16258,2010-04-30 08:01:00
506465,15291,2010-04-30 08:47:00
506466,14867,2010-04-30 08:55:00
506467,16754,2010-04-30 09:06:00
506468,17949,2010-04-30 09:08:00
506469,13481,2010-04-30 09:13:00
506470,15605,2010-04-30 09:28:00
506471,16754,2010-04-30 09:41:00
506472,17230,2010-04-30 09:47:00
506475,13856,2010-04-30 10:08:00
506478,16748,2010-04-30 10:26:00
506487,12806,2010-04-30 10:44:00
506494,14299,2010-04-30 10:52:00
506496,17005,2010-04-30 10:55:00
506555,17677,2010-04-30 11:25:00
506556,14994,2010-04-30 11:28:00
506557,13249,2010-04-30 11:44:00
506558,15013,2010-04-30 11:47:00
506560,15819,2010-04-30 11:57:00
506561,15819,2010-04-30 11:58:00
506562,16150,2010-04-30 12:13:00
506564,16096,2010-04-30 12:25:00
506565,17677,2010-04-30 12:36:00
506566,14648,2010-04-30 12:46:00
506569,15818,2010-04-30 12:58:00
506570,14201,2010-04-30 13:00:00
506572,16374,2010-04-30 13:10:00
506573,15984,2010-04-30 13:18:00
506574,14467,2010-04-30 13:30:00
506575,15984,2010-04-30 13:35:00
506578,12708,2010-04-30 13:52:00
506579,12374,2010-04-30 14:01:00
506581,14045,2010-04-30 14:10:00
506600,16792,2010-04-30 14:43:00
506603,12989,2010-04-30 15:02:00
506604,13317,2010-04-30 15:23:00
506606,13317,2010-04-30 15:26:00
506609,13230,2010-04-30 15:39:00
506615,15808,2010-04-30 15:57:00
506669,14683,2010-04-30 17:18:00
506673,17602,2010-04-30 17:33:00
506675,17243,2010-05-02 10:24:00
506676,16977,2010-05-02 10:38:00
506677,15173,2010-05-02 10:39:00
506678,16977,2010-05-02 10:46:00
506679,18260,2010-05-02 10:48:00
506680,14460,2010-05-02 10:49:00
506681,17519,2010-05-02 10:54:00
506682,15253,2010-05-02 11:17:00
506683,15418,2010-05-02 11:31:00
506684,13093,2010-05-02 11:32:00
506685,16651,2010-05-02 11:46:00
506686,17287,2010-05-02 11:48:00
506687,12931,2010-05-02 11:51:00
506688,17565,2010-05-02 11:54:00
506689,15046,2010-05-02 11:56:00
506690,15373,2010-05-02 11:57:00
506691,12971,2010-05-02 12:01:00
506692,17068,2010-05-02 12:12:00
506693,15795,2010-05-02 12:13:00
506694,15732,2010-05-02 12:31:00
506695,16326,2010-05-02 12:44:00
506696,16119,2010-05-02 13:24:00
506697,17675,2010-05-02 13:26:00
506698,14740,2010-05-02 13:34:00
506699,14040,2010-05-02 13:42:00
506700,13136,2010-05-02 13:46:00
506701,13078,2010-05-02 13:50:00
506702,15229,2010-05-02 13:50:00
506705,17228,2010-05-02 14:28:00
506706,16549,2010-05-02 14:42:00
506707,14156,2010-05-02 14:49:00
506708,15719,2010-05-02 14:53:00
506709,15426,2010-05-02 15:10:00
506710,13465,2010-05-02 15:30:00
506711,17051,2010-05-02 15:31:00
506712,12662,2010-05-02 15:32:00
506713,12765,2010-05-02 15:33:00
506714,12932,2010-05-02 15:40:00
506715,13113,2010-05-02 15:48:00
506716,17555,2010-05-02 16:02:00
506717,12540,2010-05-04 08:51:00
506718,17091,2010-05-04 09:01:00
506720,17157,2010-05-04 09:15:00
506721,12507,2010-05-04 09:23:00
506723,14872,2010-05-04 09:45:00
506726,15240,2010-05-04 10:03:00
506729,13842,2010-05-04 10:06:00
506730,14911,2010-05-04 10:10:00
506731,14911,2010-05-04 10:13:00
506735,16317,2010-05-04 10:17:00
506740,14911,2010-05-04 10:31:00
506741,15311,2010-05-04 10:43:00
506742,15311,2010-05-04 10:47:00
506743,15039,2010-05-04 10:57:00
506744,16161,2010-05-04 11:22:00
506747,15183,2010-05-04 11:31:00
506754,14110,2010-05-04 11:51:00
506755,14110,2010-05-04 11:51:00
506781,14895,2010-05-04 12:16:00
506785,14895,2010-05-04 12:18:00
506794,13143,2010-05-04 12:22:00
506812,14988,2010-05-04 12:30:00
506818,18245,2010-05-04 12:45:00
506820,17504,2010-05-04 12:49:00
506821,17644,2010-05-04 12:51:00
506822,15215,2010-05-04 12:59:00
506830,13542,2010-05-04 13:19:00
506831,16145,2010-05-04 13:31:00
506834,16450,2010-05-04 13:43:00
506837,15889,2010-05-04 13:49:00
506839,12503,2010-05-04 13:59:00
506840,12725,2010-05-04 13:59:00
506841,13081,2010-05-04 14:02:00
506842,16938,2010-05-04 14:07:00
506843,15122,2010-05-04 14:12:00
506857,17757,2010-05-04 14:34:00
506858,13418,2010-05-04 14:37:00
506859,17961,2010-05-04 14:40:00
506860,18163,2010-05-04 14:51:00
506861,14962,2010-05-04 14:57:00
506862,13643,2010-05-04 14:58:00
506863,15391,2010-05-04 15:04:00
506865,17841,2010-05-04 15:13:00
506870,15325,2010-05-04 15:48:00
506873,17188,2010-05-04 16:18:00
506876,16526,2010-05-04 16:34:00
506878,17236,2010-05-04 16:41:00
506880,13039,2010-05-04 16:45:00
506887,15291,2010-05-05 08:44:00
506889,15590,2010-05-05 08:53:00
506891,14609,2010-05-05 08:58:00
506894,15396,2010-05-05 09:04:00
506895,15590,2010-05-05 09:04:00
506897,13393,2010-05-05 09:34:00
506898,16135,2010-05-05 09:35:00
506900,14175,2010-05-05 09:43:00
506901,13591,2010-05-05 09:55:00
506902,14025,2010-05-05 09:56:00
506905,14735,2010-05-05 10:29:00
506906,15513,2010-05-05 10:30:00
506907,12649,2010-05-05 10:39:00
506909,18061,2010-05-05 10:47:00
506920,16124,2010-05-05 10:53:00
506947,17377,2010-05-05 11:16:00
506948,16347,2010-05-05 11:17:00
506949,14849,2010-05-05 11:25:00
506950,15822,2010-05-05 11:27:00
506951,14560,2010-05-05 11:36:00
506953,17759,2010-05-05 11:40:00
506954,17819,2010-05-05 11:43:00
506956,16415,2010-05-05 11:51:00
506957,18231,2010-05-05 11:53:00
506958,14878,2010-05-05 11:54:00
506960,14560,2010-05-05 12:16:00
506961,14437,2010-05-05 12:20:00
506962,14936,2010-05-05 12:26:00
506963,15306,2010-05-05 12:30:00
506964,17920,2010-05-05 12:31:00
506965,14936,2010-05-05 12:31:00
506974,17021,2010-05-05 12:42:00
506976,18041,2010-05-05 12:55:00
506977,15488,2010-05-05 13:03:00
506981,14680,2010-05-05 13:14:00
506982,17230,2010-05-05 13:17:00
506984,13512,2010-05-05 13:22:00
506985,17324,2010-05-05 13:25:00
506986,18028,2010-05-05 13:28:00
506991,17307,2010-05-05 13:49:00
506992,15023,2010-05-05 13:50:00
506993,15291,2010-05-05 13:52:00
506997,13468,2010-05-05 14:00:00
507000,16746,2010-05-05 14:09:00
507001,15868,2010-05-05 14:11:00
507002,15260,2010-05-05 14:11:00
507003,15260,2010-05-05 14:12:00
507005,16422,2010-05-05 14:21:00
507006,15097,2010-05-05 14:22:00
507017,17345,2010-05-05 14:31:00
507018,15097,2010-05-05 14:33:00
507020,17345,2010-05-05 14:34:00
507021,15381,2010-05-05 14:35:00
507026,14205,2010-05-05 14:43:00
507027,13999,2010-05-05 14:49:00
507028,15704,2010-05-05 14:51:00
507029,16556,2010-05-05 14:52:00
507032,14560,2010-05-05 15:03:00
507034,13089,2010-05-05 15:09:00
507035,17597,2010-05-05 15:33:00
507036,17324,2010-05-05 15:43:00
507038,15615,2010-05-05 16:12:00
507039,12958,2010-05-05 16:22:00
507040,17961,2010-05-05 16:23:00
507041,14258,2010-05-05 16:24:00
507042,13713,2010-05-05 16:48:00
507045,16168,2010-05-06 07:48:00
507046,16168,2010-05-06 07:49:00
507047,16636,2010-05-06 07:51:00
507048,14370,2010-05-06 08:45:00
507049,14370,2010-05-06 08:46:00
507050,13400,2010-05-06 09:00:00
507051,12583,2010-05-06 09:09:00
507052,16844,2010-05-06 09:16:00
507053,15591,2010-05-06 09:23:00
507054,17002,2010-05-06 09:58:00
507056,18220,2010-05-06 10:04:00
507058,12567,2010-05-06 10:04:00
507059,16353,2010-05-06 10:07:00
507060,12422,2010-05-06 10:08:00
507061,12422,2010-05-06 10:09:00
507062,12709,2010-05-06 10:28:00
507063,17469,2010-05-06 10:28:00
507064,14911,2010-05-06 10:30:00
507091,13446,2010-05-06 10:58:00
507113,15129,2010-05-06 11:14:00
507114,13750,2010-05-06 11:22:00
507115,13183,2010-05-06 11:25:00
507117,15311,2010-05-06 11:34:00
507119,15311,2010-05-06 11:41:00
507120,12972,2010-05-06 11:44:00
507121,13772,2010-05-06 11:49:00
507122,12678,2010-05-06 11:50:00
507124,16710,2010-05-06 11:58:00
507125,18009,2010-05-06 11:58:00
507127,16742,2010-05-06 12:03:00
507128,14527,2010-05-06 12:04:00
507129,15860,2010-05-06 12:15:00
507130,12523,2010-05-06 12:23:00
507132,13576,2010-05-06 12:29:00
507133,14461,2010-05-06 12:29:00
507148,12388,2010-05-06 12:54:00
507149,13102,2010-05-06 13:12:00
507150,13175,2010-05-06 13:13:00
507151,17242,2010-05-06 13:19:00
507152,17739,2010-05-06 13:21:00
507153,16366,2010-05-06 13:28:00
507156,12682,2010-05-06 13:41:00
507157,16814,2010-05-06 13:44:00
507158,12621,2010-05-06 13:45:00
507159,16707,2010-05-06 13:52:00
507160,17199,2010-05-06 13:53:00
507161,14272,2010-05-06 14:01:00
507163,15027,2010-05-06 14:15:00
507166,13024,2010-05-06 14:25:00
507170,14745,2010-05-06 14:45:00
507176,17069,2010-05-06 15:05:00
507178,14646,2010-05-06 15:17:00
507179,14646,2010-05-06 15:24:00
507180,15768,2010-05-06 15:26:00
507181,14646,2010-05-06 15:27:00
507183,12835,2010-05-06 15:59:00
507186,13891,2010-05-06 16:02:00
507193,16843,2010-05-06 16:21:00
507194,16108,2010-05-06 16:21:00
507196,16843,2010-05-06 16:22:00
507197,16843,2010-05-06 16:23:00
507199,16890,2010-05-06 16:27:00
507205,16560,2010-05-06 16:47:00
507206,13870,2010-05-06 16:50:00
507207,12997,2010-05-06 16:50:00
507208,13214,2010-05-06 16:57:00
507210,14156,2010-05-06 17:22:00
507211,13081,2010-05-06 17:54:00
507212,17406,2010-05-06 17:55:00
507213,13974,2010-05-06 17:55:00
507216,16126,2010-05-06 18:01:00
507218,14713,2010-05-06 19:08:00
507223,17323,2010-05-06 19:29:00
507227,15955,2010-05-06 19:49:00
507228,16794,2010-05-06 19:57:00
507229,17530,2010-05-06 20:01:00
507231,15664,2010-05-07 08:17:00
507232,15290,2010-05-07 08:49:00
507233,14316,2010-05-07 08:50:00
507234,14826,2010-05-07 09:00:00
507235,14298,2010-05-07 09:04:00
507236,14298,2010-05-07 09:07:00
507237,15423,2010-05-07 09:21:00
507238,15680,2010-05-07 09:40:00
507239,13539,2010-05-07 09:53:00
507240,15498,2010-05-07 09:56:00
507241,16174,2010-05-07 09:58:00
507242,13199,2010-05-07 10:00:00
507243,15312,2010-05-07 10:19:00
507244,17949,2010-05-07 10:41:00
507245,17949,2010-05-07 10:44:00
507246,16754,2010-05-07 10:46:00
507247,16027,2010-05-07 10:49:00
507248,17949,2010-05-07 10:55:00
507249,16013,2010-05-07 11:25:00
507250,16013,2010-05-07 11:26:00
507251,13694,2010-05-07 11:34:00
507252,12681,2010-05-07 11:35:00
507253,13694,2010-05-07 11:35:00
507254,13694,2010-05-07 11:36:00
507255,17225,2010-05-07 11:38:00
507256,17798,2010-05-07 11:42:00
507258,15382,2010-05-07 12:09:00
507259,15738,2010-05-07 12:11:00
507260,15738,2010-05-07 12:13:00
507261,12872,2010-05-07 12:20:00
507266,13830,2010-05-07 12:24:00
507269,13408,2010-05-07 12:32:00
507270,13408,2010-05-07 12:34:00
507272,14195,2010-05-07 12:41:00
507273,14195,2010-05-07 12:44:00
507275,13890,2010-05-07 12:56:00
507279,13013,2010-05-07 13:01:00
507280,16444,2010-05-07 13:18:00
507281,13089,2010-05-07 13:29:00
507282,13089,2010-05-07 13:31:00
507283,13089,2010-05-07 13:32:00
507285,13798,2010-05-07 13:55:00
507286,13798,2010-05-07 13:57:00
507287,13798,2010-05-07 13:58:00
507288,17609,2010-05-07 13:58:00
507289,14535,2010-05-07 14:02:00
507290,14814,2010-05-07 14:10:00
507291,17609,2010-05-07 14:13:00
507295,18254,2010-05-07 14:37:00
507296,15465,2010-05-07 14:44:00
507297,13313,2010-05-07 14:44:00
507306,17031,2010-05-07 14:52:00
507315,12490,2010-05-07 14:56:00
507340,15797,2010-05-07 15:09:00
507356,14755,2010-05-07 15:25:00
507357,14755,2010-05-07 15:26:00
507359,17028,2010-05-07 15:33:00
507360,13209,2010-05-07 15:37:00
507364,17808,2010-05-07 16:26:00
507366,18094,2010-05-07 16:28:00
507367,16632,2010-05-07 16:46:00
507368,13969,2010-05-07 17:28:00
507369,17400,2010-05-07 17:49:00
507370,13007,2010-05-09 10:38:00
507371,13514,2010-05-09 10:38:00
507372,13634,2010-05-09 10:44:00
507373,13595,2010-05-09 10:47:00
507374,17920,2010-05-09 11:13:00
507375,13589,2010-05-09 11:16:00
507376,13979,2010-05-09 11:29:00
507377,13571,2010-05-09 11:35:00
507378,13117,2010-05-09 11:38:00
507379,14916,2010-05-09 11:39:00
507380,13838,2010-05-09 11:40:00
507381,16954,2010-05-09 11:50:00
507382,14110,2010-05-09 11:56:00
507383,14839,2010-05-09 12:03:00
507385,17332,2010-05-09 12:05:00
507386,14911,2010-05-09 12:06:00
507387,17137,2010-05-09 12:10:00
507388,14474,2010-05-09 12:12:00
507389,17969,2010-05-09 12:14:00
507390,15498,2010-05-09 12:18:00
507391,14044,2010-05-09 12:30:00
507392,14177,2010-05-09 12:44:00
507393,14911,2010-05-09 12:49:00
507394,16466,2010-05-09 12:49:00
507395,13598,2010-05-09 12:57:00
507396,14911,2010-05-09 13:00:00
507397,13491,2010-05-09 13:07:00
507398,17913,2010-05-09 13:15:00
507399,13802,2010-05-09 13:25:00
507400,14606,2010-05-09 13:31:00
507401,15555,2010-05-09 13:38:00
507402,15611,2010-05-09 13:38:00
507403,14606,2010-05-09 13:41:00
507404,14606,2010-05-09 13:43:00
507405,15109,2010-05-09 13:44:00
507407,14221,2010-05-09 13:50:00
507408,18094,2010-05-09 13:57:00
507409,18094,2010-05-09 13:58:00
507410,15555,2010-05-09 13:59:00
507411,14496,2010-05-09 14:00:00
507412,17926,2010-05-09 14:07:00
507413,17807,2010-05-09 14:07:00
507414,14107,2010-05-09 14:14:00
507416,14678,2010-05-09 14:32:00
507417,13425,2010-05-09 14:35:00
507418,17292,2010-05-09 14:52:00
507419,14129,2010-05-09 14:54:00
507420,12748,2010-05-09 15:06:00
507421,12748,2010-05-09 15:07:00
507422,13952,2010-05-09 15:18:00
507423,13952,2010-05-09 15:19:00
507424,12748,2010-05-09 15:22:00
507425,17675,2010-05-09 15:34:00
507426,12361,2010-05-09 15:33:00
507427,13211,2010-05-09 15:38:00
507428,17848,2010-05-09 15:50:00
507429,17372,2010-05-09 15:55:00
507430,17135,2010-05-09 16:03:00
507431,16170,2010-05-09 16:08:00
507432,16655,2010-05-09 16:10:00
507433,16092,2010-05-09 16:10:00
507434,16092,2010-05-09 16:11:00
507435,15661,2010-05-10 07:59:00
507436,15827,2010-05-10 08:44:00
507437,13051,2010-05-10 09:14:00
507438,17994,2010-05-10 09:16:00
507440,18095,2010-05-10 09:24:00
507445,14329,2010-05-10 09:38:00
507446,14277,2010-05-10 09:47:00
507447,16948,2010-05-10 09:50:00
507449,17720,2010-05-10 09:58:00
507452,15291,2010-05-10 10:11:00
507453,15674,2010-05-10 10:11:00
507458,15561,2010-05-10 10:29:00
507459,15031,2010-05-10 10:41:00
507461,14239,2010-05-10 10:49:00
507462,14404,2010-05-10 10:50:00
507463,14147,2010-05-10 10:53:00
507464,18102,2010-05-10 11:00:00
507465,18102,2010-05-10 11:02:00
507472,17003,2010-05-10 11:20:00
507477,14941,2010-05-10 11:30:00
507478,14911,2010-05-10 11:32:00
507479,15298,2010-05-10 11:33:00
507481,13013,2010-05-10 11:40:00
507483,12951,2010-05-10 11:44:00
507485,17365,2010-05-10 11:55:00
507510,13426,2010-05-10 12:12:00
507521,12843,2010-05-10 12:16:00
507536,13267,2010-05-10 12:20:00
507560,14361,2010-05-10 12:29:00
507564,13711,2010-05-10 12:31:00
507584,13407,2010-05-10 12:41:00
507586,17841,2010-05-10 12:42:00
507589,14512,2010-05-10 12:54:00
507591,17169,2010-05-10 13:00:00
507593,12843,2010-05-10 13:12:00
507594,15981,2010-05-10 13:14:00
507595,16130,2010-05-10 13:16:00
507597,17700,2010-05-10 13:21:00
507600,12917,2010-05-10 13:28:00
507606,17550,2010-05-10 13:48:00
507608,15141,2010-05-10 13:51:00
507610,15141,2010-05-10 13:52:00
507611,16661,2010-05-10 14:02:00
507613,15005,2010-05-10 14:06:00
507614,17552,2010-05-10 14:07:00
507615,17552,2010-05-10 14:08:00
507616,16029,2010-05-10 14:09:00
507617,17482,2010-05-10 14:10:00
507619,15311,2010-05-10 14:15:00
507620,12813,2010-05-10 14:19:00
507621,14590,2010-05-10 14:23:00
507622,17579,2010-05-10 14:28:00
507624,16873,2010-05-10 14:34:00
507634,14298,2010-05-10 14:47:00
507635,17612,2010-05-10 14:50:00
507636,17563,2010-05-10 14:54:00
507639,13319,2010-05-10 14:57:00
507640,13319,2010-05-10 14:58:00
507641,14588,2010-05-10 15:08:00
507642,14533,2010-05-10 15:12:00
507643,16614,2010-05-10 15:18:00
507646,16422,2010-05-10 15:44:00
507647,18275,2010-05-10 15:46:00
507648,15555,2010-05-10 15:48:00
507654,13585,2010-05-10 16:04:00
507659,17077,2010-05-10 16:36:00
507660,12675,2010-05-10 16:44:00
507664,17871,2010-05-10 17:03:00
507666,12839,2010-05-10 17:09:00
507667,12867,2010-05-10 17:21:00
507668,13450,2010-05-11 08:54:00
507669,15078,2010-05-11 08:59:00
507673,14911,2010-05-11 09:29:00
507674,16631,2010-05-11 09:32:00
507676,16631,2010-05-11 09:32:00
507678,15633,2010-05-11 09:40:00
507682,16323,2010-05-11 09:48:00
507685,16737,2010-05-11 09:53:00
507687,12582,2010-05-11 09:55:00
507689,17545,2010-05-11 10:04:00
507690,14825,2010-05-11 10:12:00
507691,14395,2010-05-11 10:19:00
507692,12600,2010-05-11 10:20:00
507693,14055,2010-05-11 10:24:00
507694,12935,2010-05-11 10:26:00
507695,12935,2010-05-11 10:27:00
507696,14915,2010-05-11 10:41:00
507697,12599,2010-05-11 10:42:00
507698,14426,2010-05-11 10:45:00
507699,18281,2010-05-11 10:49:00
507700,16945,2010-05-11 10:50:00
507701,17388,2010-05-11 10:56:00
507703,17377,2010-05-11 11:01:00
507705,13695,2010-05-11 11:07:00
507706,17540,2010-05-11 11:08:00
507707,17428,2010-05-11 11:17:00
507710,13206,2010-05-11 11:29:00
507713,13943,2010-05-11 11:30:00
507715,13881,2010-05-11 11:47:00
507728,13093,2010-05-11 12:04:00
507732,17454,2010-05-11 12:06:00
507735,17321,2010-05-11 12:10:00
507736,13001,2010-05-11 12:11:00
507737,17238,2010-05-11 12:14:00
507749,16013,2010-05-11 12:18:00
507750,16419,2010-05-11 12:18:00
507768,16525,2010-05-11 12:23:00
507791,17018,2010-05-11 12:33:00
507792,16013,2010-05-11 12:34:00
507793,12549,2010-05-11 12:40:00
507794,15523,2010-05-11 12:41:00
507818,12960,2010-05-11 12:58:00
507819,14344,2010-05-11 13:06:00
507821,14530,2010-05-11 13:08:00
507837,15358,2010-05-11 13:29:00
507838,15034,2010-05-11 13:30:00
507839,13980,2010-05-11 13:36:00
507840,16487,2010-05-11 13:38:00
507841,13397,2010-05-11 13:42:00
507842,16846,2010-05-11 13:45:00
507843,15149,2010-05-11 13:51:00
507844,13222,2010-05-11 13:54:00
507845,15497,2010-05-11 14:00:00
507846,13296,2010-05-11 14:29:00
507847,16307,2010-05-11 14:40:00
507848,13103,2010-05-11 14:41:00
507879,16805,2010-05-11 15:03:00
507880,12455,2010-05-11 15:03:00
507883,15696,2010-05-11 15:31:00
507888,13004,2010-05-11 16:26:00
507889,15862,2010-05-11 16:35:00
507891,17552,2010-05-11 16:43:00
507914,14014,2010-05-12 09:04:00
507915,13295,2010-05-12 09:13:00
507916,15061,2010-05-12 09:18:00
507917,15061,2010-05-12 09:23:00
507918,15061,2010-05-12 09:24:00
507920,13740,2010-05-12 09:39:00
507921,14391,2010-05-12 09:42:00
507922,17705,2010-05-12 09:47:00
507923,17364,2010-05-12 09:51:00
507924,17504,2010-05-12 09:53:00
507926,12905,2010-05-12 10:05:00
507943,13834,2010-05-12 10:27:00
507975,15769,2010-05-12 10:45:00
507996,17511,2010-05-12 10:56:00
507997,14707,2010-05-12 11:07:00
507998,16779,2010-05-12 11:29:00
507999,12580,2010-05-12 11:45:00
508002,17389,2010-05-12 11:47:00
508003,15012,2010-05-12 11:49:00
508012,15252,2010-05-12 11:55:00
508037,16891,2010-05-12 12:09:00
508038,14854,2010-05-12 12:17:00
508039,16898,2010-05-12 12:18:00
508040,17508,2010-05-12 12:20:00
508043,13044,2010-05-12 12:23:00
508045,14680,2010-05-12 12:26:00
508048,17016,2010-05-12 12:32:00
508049,12931,2010-05-12 12:39:00
508050,14062,2010-05-12 12:52:00
508051,17845,2010-05-12 13:04:00
508052,14685,2010-05-12 13:08:00
508053,12418,2010-05-12 13:11:00
508054,17845,2010-05-12 13:12:00
508055,13998,2010-05-12 13:18:00
508058,17845,2010-05-12 13:24:00
508059,13141,2010-05-12 13:29:00
508060,13052,2010-05-12 13:43:00
508061,15311,2010-05-12 13:46:00
508062,12494,2010-05-12 13:52:00
508063,13979,2010-05-12 13:52:00
508064,16993,2010-05-12 13:55:00
508065,15186,2010-05-12 14:00:00
508066,18231,2010-05-12 14:01:00
508067,12838,2010-05-12 14:09:00
508068,13756,2010-05-12 14:23:00
508069,14025,2010-05-12 14:58:00
508070,13632,2010-05-12 15:02:00
508071,17484,2010-05-12 15:41:00
508072,16814,2010-05-12 15:49:00
508073,15405,2010-05-12 15:56:00
508074,17897,2010-05-12 16:03:00
508075,15149,2010-05-12 16:04:00
508078,12482,2010-05-12 16:40:00
508079,17092,2010-05-12 16:42:00
508080,12482,2010-05-12 16:42:00
508081,12482,2010-05-12 16:43:00
508082,12482,2010-05-12 16:43:00
508084,12482,2010-05-12 16:45:00
508086,12482,2010-05-12 16:47:00
508087,12482,2010-05-12 16:48:00
508088,12482,2010-05-12 16:50:00
508089,12482,2010-05-12 16:50:00
508090,12482,2010-05-12 16:51:00
508092,17180,2010-05-12 17:20:00
508093,17157,2010-05-13 08:46:00
508094,12931,2010-05-13 08:56:00
508095,12931,2010-05-13 08:57:00
508096,12931,2010-05-13 08:59:00
508097,12683,2010-05-13 09:33:00
508098,14156,2010-05-13 09:33:00
508099,15470,2010-05-13 09:35:00
508100,15805,2010-05-13 09:57:00
508101,12647,2010-05-13 10:02:00
508102,15199,2010-05-13 10:14:00
508103,14039,2010-05-13 10:15:00
508104,16088,2010-05-13 10:16:00
508105,13892,2010-05-13 10:32:00
508106,13220,2010-05-13 10:35:00
508107,12971,2010-05-13 10:39:00
508108,15064,2010-05-13 10:42:00
508117,18197,2010-05-13 10:46:00
508147,18092,2010-05-13 11:26:00
508150,16143,2010-05-13 11:41:00
508154,17281,2010-05-13 11:42:00
508156,16550,2010-05-13 11:42:00
508173,13888,2010-05-13 11:57:00
508174,13888,2010-05-13 11:57:00
508175,14714,2010-05-13 11:58:00
508176,13854,2010-05-13 12:00:00
508177,12549,2010-05-13 12:05:00
508178,13878,2010-05-13 12:07:00
508180,15898,2010-05-13 12:14:00
508182,13767,2010-05-13 12:38:00
508183,17838,2010-05-13 12:44:00
508184,13078,2010-05-13 12:47:00
508185,17068,2010-05-13 12:51:00
508187,12863,2010-05-13 13:08:00
508188,15597,2010-05-13 13:10:00
508189,14064,2010-05-13 13:11:00
508190,17920,2010-05-13 13:13:00
508191,16743,2010-05-13 13:15:00
508192,14047,2010-05-13 13:21:00
508193,16906,2010-05-13 13:23:00
508194,14648,2010-05-13 13:25:00
508195,16754,2010-05-13 13:25:00
508196,16754,2010-05-13 13:30:00
508197,16906,2010-05-13 13:31:00
508198,15192,2010-05-13 13:50:00
508200,12891,2010-05-13 13:58:00
508201,12835,2010-05-13 14:08:00
508202,17416,2010-05-13 14:18:00
508203,16807,2010-05-13 14:31:00
508211,15210,2010-05-13 14:42:00
508212,13202,2010-05-13 14:46:00
508213,12894,2010-05-13 14:47:00
508214,15768,2010-05-13 14:51:00
508215,12923,2010-05-13 14:55:00
508217,17133,2010-05-13 14:57:00
508219,13735,2010-05-13 15:05:00
508220,18168,2010-05-13 15:21:00
508221,18225,2010-05-13 15:41:00
508222,12540,2010-05-13 15:41:00
508223,17576,2010-05-13 15:42:00
508224,12540,2010-05-13 15:42:00
508225,17432,2010-05-13 15:58:00
508226,17611,2010-05-13 16:05:00
508235,15478,2010-05-13 18:49:00
508237,17965,2010-05-13 19:27:00
508245,17389,2010-05-14 09:17:00
508247,13761,2010-05-14 09:36:00
508248,12976,2010-05-14 10:02:00
508249,18172,2010-05-14 10:19:00
508251,13157,2010-05-14 10:40:00
508252,13473,2010-05-14 10:47:00
508253,13576,2010-05-14 10:50:00
508311,15218,2010-05-14 11:13:00
508328,16161,2010-05-14 11:50:00
508330,12880,2010-05-14 11:57:00
508332,16115,2010-05-14 11:59:00
508333,13694,2010-05-14 12:00:00
508335,13694,2010-05-14 12:05:00
508336,16081,2010-05-14 12:06:00
508337,13694,2010-05-14 12:14:00
508339,13873,2010-05-14 12:17:00
508353,16133,2010-05-14 12:35:00
508356,13319,2010-05-14 12:43:00
508357,15759,2010-05-14 12:44:00
508359,16836,2010-05-14 12:52:00
508360,15723,2010-05-14 12:55:00
508361,14667,2010-05-14 12:55:00
508362,14667,2010-05-14 12:58:00
508366,12748,2010-05-14 13:18:00
508374,16588,2010-05-14 13:43:00
508378,17414,2010-05-14 13:51:00
508379,17113,2010-05-14 13:59:00
508381,13089,2010-05-14 14:10:00
508382,13634,2010-05-14 14:18:00
508383,15311,2010-05-14 14:18:00
508389,15329,2010-05-14 14:31:00
508390,14296,2010-05-14 14:34:00
508395,13807,2010-05-14 14:53:00
508401,15972,2010-05-14 15:37:00
508402,17888,2010-05-14 15:37:00
508403,12748,2010-05-14 15:41:00
508408,13300,2010-05-14 15:56:00
508409,18245,2010-05-14 16:01:00
508453,13799,2010-05-14 16:34:00
508457,12745,2010-05-14 16:50:00
508460,13542,2010-05-16 10:01:00
508461,17243,2010-05-16 10:15:00
508462,13259,2010-05-16 10:23:00
508463,13259,2010-05-16 10:29:00
508464,17581,2010-05-16 10:37:00
508465,17581,2010-05-16 10:38:00
508466,17581,2010-05-16 10:39:00
508467,13561,2010-05-16 10:44:00
508468,14060,2010-05-16 10:46:00
508469,17377,2010-05-16 10:59:00
508470,16922,2010-05-16 11:24:00
508471,13223,2010-05-16 11:28:00
508472,18258,2010-05-16 11:35:00
508473,18258,2010-05-16 11:37:00
508474,17123,2010-05-16 11:52:00
508475,17848,2010-05-16 12:07:00
508477,15774,2010-05-16 12:15:00
508479,15716,2010-05-16 12:18:00
508480,13782,2010-05-16 12:34:00
508481,14970,2010-05-16 12:41:00
508482,13564,2010-05-16 12:44:00
508483,17841,2010-05-16 12:51:00
508484,17582,2010-05-16 12:54:00
508485,16507,2010-05-16 12:56:00
508486,16456,2010-05-16 12:57:00
508487,18039,2010-05-16 13:10:00
508488,13564,2010-05-16 13:14:00
508489,13564,2010-05-16 13:20:00
508490,14301,2010-05-16 13:22:00
508491,16686,2010-05-16 13:22:00
508492,14264,2010-05-16 13:23:00
508493,17085,2010-05-16 13:27:00
508494,12806,2010-05-16 13:49:00
508495,15373,2010-05-16 14:06:00
508496,16208,2010-05-16 14:41:00
508497,13957,2010-05-16 14:50:00
508498,17905,2010-05-16 14:54:00
508500,15272,2010-05-16 15:33:00
508501,13798,2010-05-16 15:39:00
508502,12731,2010-05-16 15:39:00
508503,14982,2010-05-16 15:52:00
508504,13451,2010-05-16 16:05:00
508505,16549,2010-05-16 16:05:00
508506,13230,2010-05-16 16:21:00
508507,13115,2010-05-17 08:20:00
508508,14112,2010-05-17 09:03:00
508509,13408,2010-05-17 09:04:00
508521,17268,2010-05-17 10:12:00
508522,15673,2010-05-17 10:14:00
508523,12471,2010-05-17 10:15:00
508524,17340,2010-05-17 10:20:00
508525,18102,2010-05-17 10:28:00
508527,13089,2010-05-17 10:44:00
508529,18102,2010-05-17 11:12:00
508551,15039,2010-05-17 11:46:00
508581,18287,2010-05-17 11:55:00
508592,13488,2010-05-17 12:05:00
508593,13488,2010-05-17 12:06:00
508594,16656,2010-05-17 12:11:00
508610,14962,2010-05-17 12:52:00
508611,14667,2010-05-17 12:52:00
508612,12920,2010-05-17 12:57:00
508614,13432,2010-05-17 13:18:00
508615,14156,2010-05-17 13:22:00
508616,16918,2010-05-17 13:29:00
508620,17442,2010-05-17 13:44:00
508621,17442,2010-05-17 13:45:00
508622,14134,2010-05-17 13:47:00
508623,14134,2010-05-17 13:49:00
508624,16611,2010-05-17 13:51:00
508625,18157,2010-05-17 14:09:00
508626,16094,2010-05-17 14:14:00
508627,16932,2010-05-17 14:15:00
508628,15280,2010-05-17 14:17:00
508629,13857,2010-05-17 14:21:00
508631,13831,2010-05-17 14:27:00
508635,13719,2010-05-17 14:36:00
508636,14017,2010-05-17 14:52:00
508637,12725,2010-05-17 14:54:00
508640,15769,2010-05-17 15:14:00
508641,15311,2010-05-17 15:18:00
508642,14078,2010-05-17 15:27:00
508644,17928,2010-05-17 15:30:00
508646,15023,2010-05-17 15:35:00
508647,13346,2010-05-17 15:36:00
508650,13605,2010-05-17 15:46:00
508652,16400,2010-05-17 15:48:00
508653,17228,2010-05-17 15:54:00
508654,15296,2010-05-17 15:54:00
508721,14606,2010-05-17 17:24:00
508728,12349,2010-05-18 09:57:00
508731,15227,2010-05-18 10:09:00
508732,16147,2010-05-18 10:24:00
508733,15622,2010-05-18 10:34:00
508734,15622,2010-05-18 10:35:00
508735,15241,2010-05-18 10:38:00
508736,14304,2010-05-18 10:50:00
508739,12980,2010-05-18 11:23:00
508742,14548,2010-05-18 11:31:00
508743,14147,2010-05-18 11:32:00
508744,14739,2010-05-18 11:33:00
508745,14548,2010-05-18 11:34:00
508748,17940,2010-05-18 11:45:00
508750,13018,2010-05-18 11:48:00
508751,13018,2010-05-18 11:49:00
508752,14527,2010-05-18 11:49:00
508753,13018,2010-05-18 11:50:00
508755,12835,2010-05-18 11:53:00
508756,13629,2010-05-18 11:56:00
508758,16884,2010-05-18 12:00:00
508759,14680,2010-05-18 12:03:00
508760,14680,2010-05-18 12:04:00
508763,16779,2010-05-18 12:11:00
508765,15967,2010-05-18 12:14:00
508766,12931,2010-05-18 12:15:00
508780,15518,2010-05-18 12:24:00
508793,17961,2010-05-18 12:31:00
508794,18229,2010-05-18 12:42:00
508795,18229,2010-05-18 12:44:00
508796,15061,2010-05-18 12:44:00
508797,15071,2010-05-18 12:45:00
508800,15311,2010-05-18 12:48:00
508801,15422,2010-05-18 12:49:00
508802,17961,2010-05-18 12:50:00
508807,14201,2010-05-18 12:59:00
508811,14555,2010-05-18 13:04:00
508821,17044,2010-05-18 13:23:00
508822,13501,2010-05-18 13:24:00
508823,13650,2010-05-18 13:26:00
508824,13162,2010-05-18 13:28:00
508825,17043,2010-05-18 13:36:00
508840,14744,2010-05-18 14:06:00
508848,16699,2010-05-18 14:31:00
508849,17757,2010-05-18 14:37:00
508850,15874,2010-05-18 14:46:00
508851,15981,2010-05-18 14:52:00
508852,12662,2010-05-18 15:06:00
508856,12913,2010-05-18 15:15:00
508858,17920,2010-05-18 15:30:00
508861,15984,2010-05-18 15:37:00
508864,17589,2010-05-18 16:09:00
508866,17589,2010-05-18 16:15:00
508867,13541,2010-05-18 16:15:00
508868,18008,2010-05-18 16:20:00
508873,15282,2010-05-18 16:27:00
508874,13097,2010-05-18 16:28:00
508879,16326,2010-05-18 16:31:00
508880,13097,2010-05-18 16:43:00
508897,15456,2010-05-18 17:13:00
508898,14225,2010-05-18 17:25:00
508899,16839,2010-05-19 08:39:00
508900,16835,2010-05-19 08:41:00
508901,13999,2010-05-19 09:14:00
508904,14325,2010-05-19 09:20:00
508905,17560,2010-05-19 09:49:00
508906,13152,2010-05-19 09:53:00
508907,16701,2010-05-19 10:00:00
508908,13831,2010-05-19 10:02:00
508909,13783,2010-05-19 10:11:00
508910,13491,2010-05-19 10:14:00
508912,17243,2010-05-19 10:21:00
508914,16570,2010-05-19 10:27:00
508915,16293,2010-05-19 10:33:00
508917,16699,2010-05-19 10:37:00
508918,17262,2010-05-19 10:38:00
508919,17930,2010-05-19 10:50:00
508920,18194,2010-05-19 10:51:00
508921,15912,2010-05-19 10:57:00
508923,15912,2010-05-19 11:00:00
508924,14035,2010-05-19 11:10:00
508925,17413,2010-05-19 11:11:00
508950,17382,2010-05-19 11:33:00
508953,17382,2010-05-19 11:34:00
508958,12823,2010-05-19 11:35:00
508962,15636,2010-05-19 11:37:00
508964,15738,2010-05-19 11:37:00
508972,15727,2010-05-19 11:39:00
508986,14235,2010-05-19 11:59:00
508993,14283,2010-05-19 12:22:00
508994,17490,2010-05-19 12:40:00
508995,15544,2010-05-19 12:47:00
508996,13982,2010-05-19 12:52:00
508997,16059,2010-05-19 13:04:00
508998,14598,2010-05-19 13:07:00
508999,17897,2010-05-19 13:16:00
509000,14210,2010-05-19 13:21:00
509001,15581,2010-05-19 13:22:00
509002,14220,2010-05-19 13:26:00
509008,15157,2010-05-19 13:29:00
509011,16915,2010-05-19 13:32:00
509012,17623,2010-05-19 13:32:00
509014,15570,2010-05-19 13:36:00
509017,13164,2010-05-19 13:52:00
509018,12748,2010-05-19 14:00:00
509019,13610,2010-05-19 14:10:00
509020,16827,2010-05-19 14:21:00
509021,14442,2010-05-19 14:22:00
509022,13405,2010-05-19 14:23:00
509023,17184,2010-05-19 14:24:00
509024,16564,2010-05-19 14:41:00
509026,16103,2010-05-19 14:51:00
509027,12837,2010-05-19 15:10:00
509028,16717,2010-05-19 15:23:00
509029,14031,2010-05-19 15:24:00
509030,13764,2010-05-19 15:47:00
509031,17950,2010-05-19 16:30:00
509032,16664,2010-05-19 17:11:00
509033,15879,2010-05-19 17:49:00
509035,18172,2010-05-20 09:27:00
509037,13953,2010-05-20 09:39:00
509038,15410,2010-05-20 09:53:00
509039,14156,2010-05-20 09:55:00
509040,16351,2010-05-20 10:00:00
509041,14334,2010-05-20 10:04:00
509043,14952,2010-05-20 10:16:00
509044,14952,2010-05-20 10:17:00
509046,15777,2010-05-20 10:37:00
509047,13952,2010-05-20 10:42:00
509049,15401,2010-05-20 10:56:00
509050,13448,2010-05-20 10:56:00
509051,15854,2010-05-20 11:04:00
509055,13983,2010-05-20 11:19:00
509061,16422,2010-05-20 11:31:00
509071,16471,2010-05-20 11:41:00
509100,17841,2010-05-20 11:49:00
509115,17716,2010-05-20 11:55:00
509117,17797,2010-05-20 11:56:00
509118,16303,2010-05-20 11:57:00
509133,14527,2010-05-20 12:05:00
509134,17068,2010-05-20 12:16:00
509136,16497,2010-05-20 12:19:00
509137,16497,2010-05-20 12:20:00
509139,14291,2010-05-20 12:26:00
509141,14291,2010-05-20 12:27:00
509142,16985,2010-05-20 12:43:00
509143,16985,2010-05-20 12:44:00
509145,17346,2010-05-20 12:50:00
509146,13797,2010-05-20 12:53:00
509148,17372,2010-05-20 12:55:00
509150,13616,2010-05-20 12:59:00
509151,14606,2010-05-20 13:06:00
509152,14606,2010-05-20 13:09:00
509153,14828,2010-05-20 13:15:00
509154,14911,2010-05-20 13:17:00
509155,17758,2010-05-20 13:18:00
509156,15025,2010-05-20 13:28:00
509157,14101,2010-05-20 13:28:00
509158,14850,2010-05-20 13:28:00
509159,15005,2010-05-20 13:39:00
509160,17740,2010-05-20 13:41:00
509161,14850,2010-05-20 13:42:00
509163,15311,2010-05-20 13:54:00
509164,16177,2010-05-20 13:56:00
509165,15559,2010-05-20 14:06:00
509166,15615,2010-05-20 14:45:00
509167,13213,2010-05-20 14:50:00
509168,16705,2010-05-20 15:03:00
509169,16705,2010-05-20 15:06:00
509170,16705,2010-05-20 15:09:00
509173,17465,2010-05-20 15:51:00
509175,15768,2010-05-20 16:05:00
509178,16604,2010-05-20 16:34:00
509184,16347,2010-05-20 16:49:00
509185,16347,2010-05-20 16:51:00
509186,13659,2010-05-20 16:53:00
509187,15826,2010-05-20 17:00:00
509188,12422,2010-05-20 17:04:00
509189,16607,2010-05-20 17:07:00
509191,15660,2010-05-20 17:43:00
509193,14513,2010-05-20 17:57:00
509194,14464,2010-05-20 18:00:00
509195,12712,2010-05-20 18:18:00
509196,14671,2010-05-20 18:21:00
509197,13291,2010-05-20 19:29:00
509198,14156,2010-05-21 08:21:00
509199,12668,2010-05-21 09:06:00
509200,17738,2010-05-21 09:20:00
509201,17738,2010-05-21 09:21:00
509202,17738,2010-05-21 09:22:00
509204,14258,2010-05-21 09:27:00
509209,17534,2010-05-21 09:47:00
509210,12647,2010-05-21 09:56:00
509211,17949,2010-05-21 10:08:00
509212,12431,2010-05-21 10:12:00
509213,17146,2010-05-21 10:22:00
509216,14439,2010-05-21 10:25:00
509217,14311,2010-05-21 10:28:00
509235,15898,2010-05-21 11:01:00
509273,14744,2010-05-21 11:26:00
509276,16326,2010-05-21 11:33:00
509278,15393,2010-05-21 11:34:00
509279,16029,2010-05-21 11:36:00
509284,12583,2010-05-21 11:45:00
509294,15061,2010-05-21 11:55:00
509300,12355,2010-05-21 11:59:00
509311,13089,2010-05-21 12:06:00
509313,13089,2010-05-21 12:07:00
509322,15260,2010-05-21 12:11:00
509340,17675,2010-05-21 12:28:00
509348,17646,2010-05-21 13:22:00
509350,18011,2010-05-21 13:28:00
509351,14220,2010-05-21 13:29:00
509352,18102,2010-05-21 13:33:00
509354,14744,2010-05-21 13:37:00
509355,13283,2010-05-21 13:56:00
509356,13148,2010-05-21 14:01:00
509373,15861,2010-05-21 14:24:00
509374,14299,2010-05-21 14:39:00
509375,17448,2010-05-21 14:40:00
509378,12389,2010-05-21 15:12:00
509379,15570,2010-05-21 15:24:00
509381,15570,2010-05-21 15:34:00
509383,14867,2010-05-21 15:58:00
509385,14607,2010-05-21 16:37:00
509386,14409,2010-05-21 16:45:00
509388,14525,2010-05-21 17:11:00
509389,13174,2010-05-21 17:19:00
509390,17898,2010-05-21 17:22:00
509392,16889,2010-05-23 10:46:00
509393,16121,2010-05-23 10:52:00
509394,13647,2010-05-23 10:54:00
509395,17343,2010-05-23 10:57:00
509396,13330,2010-05-23 11:02:00
509397,17150,2010-05-23 11:04:00
509398,12809,2010-05-23 11:08:00
509399,13019,2010-05-23 11:19:00
509400,16923,2010-05-23 11:19:00
509401,16702,2010-05-23 11:24:00
509402,16782,2010-05-23 11:25:00
509403,17865,2010-05-23 11:27:00
509404,15251,2010-05-23 11:34:00
509405,15251,2010-05-23 11:35:00
509406,16782,2010-05-23 11:36:00
509407,12974,2010-05-23 11:45:00
509408,16290,2010-05-23 11:46:00
509409,18208,2010-05-23 11:54:00
509410,17769,2010-05-23 12:07:00
509411,13089,2010-05-23 12:12:00
509412,15303,2010-05-23 12:14:00
509413,17920,2010-05-23 12:28:00
509415,14010,2010-05-23 12:46:00
509416,14505,2010-05-23 12:50:00
509417,17081,2010-05-23 12:56:00
509418,14505,2010-05-23 12:56:00
509420,14010,2010-05-23 13:00:00
509421,17785,2010-05-23 13:01:00
509422,14249,2010-05-23 13:03:00
509423,14249,2010-05-23 13:07:00
509424,17596,2010-05-23 13:16:00
509425,13778,2010-05-23 13:34:00
509426,17278,2010-05-23 13:49:00
509427,13856,2010-05-23 14:04:00
509428,16549,2010-05-23 14:04:00
509429,16612,2010-05-23 14:06:00
509430,13394,2010-05-23 14:13:00
509431,15394,2010-05-23 14:25:00
509432,15394,2010-05-23 14:26:00
509433,12621,2010-05-23 14:30:00
509435,15555,2010-05-23 14:53:00
509437,12409,2010-05-23 15:21:00
509438,14920,2010-05-23 15:25:00
509439,17863,2010-05-23 15:28:00
509440,12921,2010-05-23 15:43:00
509441,16794,2010-05-23 15:52:00
509442,14560,2010-05-23 16:02:00
509443,14560,2010-05-23 16:02:00
509444,18060,2010-05-24 08:34:00
509445,16875,2010-05-24 08:52:00
509447,12632,2010-05-24 09:07:00
509448,16831,2010-05-24 09:08:00
509450,13327,2010-05-24 09:30:00
509451,15306,2010-05-24 09:32:00
509452,17448,2010-05-24 09:44:00
509453,13381,2010-05-24 09:49:00
509454,12921,2010-05-24 10:02:00
509455,17448,2010-05-24 10:09:00
509456,13047,2010-05-24 10:30:00
509457,16974,2010-05-24 10:43:00
509458,14394,2010-05-24 10:43:00
509459,16233,2010-05-24 10:44:00
509460,12759,2010-05-24 10:44:00
509461,15311,2010-05-24 10:49:00
509462,16168,2010-05-24 10:53:00
509463,13963,2010-05-24 10:54:00
509464,14824,2010-05-24 10:55:00
509465,13402,2010-05-24 10:56:00
509466,17314,2010-05-24 10:57:00
509467,13418,2010-05-24 10:58:00
509468,13418,2010-05-24 11:00:00
509469,14608,2010-05-24 11:03:00
509470,16185,2010-05-24 11:04:00
509471,17377,2010-05-24 11:11:00
509472,18052,2010-05-24 11:11:00
509476,17448,2010-05-24 11:21:00
509515,15039,2010-05-24 11:39:00
509518,12835,2010-05-24 11:40:00
509529,14710,2010-05-24 11:47:00
509531,13082,2010-05-24 11:50:00
509532,13082,2010-05-24 11:51:00
509534,16890,2010-05-24 12:03:00
509535,13615,2010-05-24 12:07:00
509536,14911,2010-05-24 12:21:00
509538,14745,2010-05-24 12:25:00
509540,13102,2010-05-24 12:26:00
509542,15086,2010-05-24 12:27:00
509544,14168,2010-05-24 12:28:00
509545,14847,2010-05-24 12:29:00
509548,16700,2010-05-24 12:36:00
509564,17293,2010-05-24 12:59:00
509565,16229,2010-05-24 12:59:00
509566,15183,2010-05-24 13:00:00
509567,17448,2010-05-24 13:07:00
509568,12909,2010-05-24 13:16:00
509569,15518,2010-05-24 13:26:00
509572,12431,2010-05-24 13:34:00
509573,14092,2010-05-24 13:48:00
509574,13206,2010-05-24 13:50:00
509575,15173,2010-05-24 13:55:00
509576,14315,2010-05-24 13:56:00
509577,17338,2010-05-24 14:17:00
509578,15681,2010-05-24 14:18:00
509579,13468,2010-05-24 14:23:00
509580,17155,2010-05-24 14:28:00
509581,14909,2010-05-24 14:43:00
509582,13983,2010-05-24 14:55:00
509595,17409,2010-05-24 15:31:00
509596,15808,2010-05-24 15:32:00
509597,17409,2010-05-24 15:33:00
509598,17205,2010-05-24 15:36:00
509600,16075,2010-05-24 15:57:00
509601,13201,2010-05-24 16:08:00
509606,12773,2010-05-24 17:30:00
509607,18000,2010-05-24 17:34:00
509609,17412,2010-05-25 08:40:00
509610,16592,2010-05-25 08:44:00
509615,12802,2010-05-25 09:34:00
509616,15027,2010-05-25 09:45:00
509617,16742,2010-05-25 09:45:00
509618,15027,2010-05-25 09:46:00
509621,15321,2010-05-25 09:51:00
509623,15321,2010-05-25 09:52:00
509625,15321,2010-05-25 09:54:00
509627,12360,2010-05-25 09:55:00
509631,15182,2010-05-25 10:14:00
509634,13324,2010-05-25 10:23:00
509635,17496,2010-05-25 10:25:00
509636,16525,2010-05-25 10:39:00
509637,14422,2010-05-25 10:41:00
509639,14867,2010-05-25 10:57:00
509640,16883,2010-05-25 11:04:00
509641,17230,2010-05-25 11:07:00
509644,12422,2010-05-25 11:28:00
509645,15498,2010-05-25 11:35:00
509646,14745,2010-05-25 11:35:00
509647,14527,2010-05-25 11:41:00
509648,16571,2010-05-25 11:46:00
509649,13027,2010-05-25 11:50:00
509660,16175,2010-05-25 12:01:00
509668,14049,2010-05-25 12:03:00
509669,17448,2010-05-25 12:03:00
509686,16125,2010-05-25 12:09:00
509700,13989,2010-05-25 12:13:00
509707,17961,2010-05-25 12:15:00
509737,12820,2010-05-25 12:38:00
509738,14680,2010-05-25 12:42:00
509739,13266,2010-05-25 12:46:00
509740,14993,2010-05-25 12:47:00
509741,15898,2010-05-25 13:08:00
509743,17841,2010-05-25 13:21:00
509745,17920,2010-05-25 13:32:00
509746,17677,2010-05-25 13:39:00
509747,14060,2010-05-25 13:44:00
509748,15217,2010-05-25 13:51:00
509749,16328,2010-05-25 14:02:00
509751,14744,2010-05-25 14:09:00
509752,18064,2010-05-25 14:24:00
509753,18064,2010-05-25 14:26:00
509754,14110,2010-05-25 14:33:00
509759,14930,2010-05-25 15:21:00
509764,15421,2010-05-25 15:23:00
509765,16004,2010-05-25 15:30:00
509766,18181,2010-05-25 15:36:00
509767,17888,2010-05-25 15:45:00
509768,17406,2010-05-25 15:46:00
509769,13048,2010-05-25 16:03:00
509773,16658,2010-05-25 16:48:00
509779,16658,2010-05-25 16:54:00
509798,17848,2010-05-25 17:17:00
509810,17862,2010-05-25 17:22:00
509822,18025,2010-05-25 17:31:00
509849,17694,2010-05-26 08:27:00
509850,12656,2010-05-26 09:00:00
509851,14911,2010-05-26 09:04:00
509852,16604,2010-05-26 09:10:00
509854,16422,2010-05-26 09:24:00
509855,16422,2010-05-26 09:25:00
509856,16422,2010-05-26 09:26:00
509857,14272,2010-05-26 09:49:00
509858,13911,2010-05-26 09:52:00
509859,13044,2010-05-26 09:58:00
509860,15323,2010-05-26 10:01:00
509861,12748,2010-05-26 10:07:00
509865,16844,2010-05-26 10:29:00
509867,15750,2010-05-26 10:41:00
509868,16013,2010-05-26 10:41:00
509869,14952,2010-05-26 10:45:00
509870,13883,2010-05-26 10:48:00
509871,14025,2010-05-26 11:03:00
509873,17511,2010-05-26 11:12:00
509874,13020,2010-05-26 11:12:00
509891,17327,2010-05-26 11:20:00
509898,17179,2010-05-26 11:22:00
509903,15984,2010-05-26 11:23:00
509913,15900,2010-05-26 11:27:00
509914,17685,2010-05-26 11:31:00
509915,17511,2010-05-26 11:42:00
509916,14606,2010-05-26 11:46:00
509919,13242,2010-05-26 12:03:00
509920,14112,2010-05-26 12:03:00
509921,17074,2010-05-26 12:04:00
509922,16008,2010-05-26 12:23:00
509929,14181,2010-05-26 12:32:00
509930,16067,2010-05-26 12:33:00
509931,16715,2010-05-26 12:35:00
509937,14186,2010-05-26 12:39:00
509942,16153,2010-05-26 12:41:00
509943,14648,2010-05-26 12:42:00
509956,14715,2010-05-26 12:49:00
509958,14399,2010-05-26 12:49:00
509965,15078,2010-05-26 13:17:00
509966,14867,2010-05-26 13:17:00
509967,16046,2010-05-26 13:18:00
509968,15827,2010-05-26 13:19:00
509970,15827,2010-05-26 13:22:00
509971,13684,2010-05-26 13:23:00
509973,14938,2010-05-26 13:35:00
509974,14938,2010-05-26 13:38:00
509975,13985,2010-05-26 13:46:00
509976,16170,2010-05-26 13:47:00
509977,14651,2010-05-26 13:51:00
509979,12843,2010-05-26 14:07:00
509980,12378,2010-05-26 14:07:00
509982,12924,2010-05-26 14:28:00
509983,13880,2010-05-26 14:29:00
509984,16458,2010-05-26 14:38:00
509985,12681,2010-05-26 14:43:00
509989,14285,2010-05-26 14:54:00
510001,14649,2010-05-26 15:06:00
510002,13881,2010-05-26 15:09:00
510004,13089,2010-05-26 15:11:00
510016,16369,2010-05-26 15:24:00
510018,16986,2010-05-26 15:24:00
510035,17157,2010-05-26 15:30:00
510037,16620,2010-05-26 15:45:00
510038,13920,2010-05-26 15:48:00
510040,14626,2010-05-26 15:55:00
510042,13169,2010-05-26 15:58:00
510043,15389,2010-05-26 16:02:00
510047,15856,2010-05-26 17:17:00
510048,17388,2010-05-27 08:33:00
510049,18242,2010-05-27 09:08:00
510051,13446,2010-05-27 09:21:00
510053,13485,2010-05-27 09:49:00
510054,17499,2010-05-27 09:59:00
510055,15278,2010-05-27 10:02:00
510056,15278,2010-05-27 10:03:00
510057,12747,2010-05-27 10:04:00
510058,14754,2010-05-27 10:13:00
510059,15340,2010-05-27 10:27:00
510060,16234,2010-05-27 10:39:00
510062,15827,2010-05-27 10:45:00
510063,14740,2010-05-27 10:48:00
510066,15311,2010-05-27 11:04:00
510067,13802,2010-05-27 11:05:00
510069,16735,2010-05-27 11:09:00
510070,14770,2010-05-27 11:11:00
510071,16735,2010-05-27 11:12:00
510072,16392,2010-05-27 11:17:00
510078,14113,2010-05-27 11:22:00
510088,16391,2010-05-27 11:27:00
510091,13874,2010-05-27 11:28:00
510110,14527,2010-05-27 11:34:00
510114,15256,2010-05-27 11:41:00
510116,14735,2010-05-27 11:48:00
510117,13080,2010-05-27 11:52:00
510118,17699,2010-05-27 11:53:00
510119,15719,2010-05-27 12:03:00
510134,13771,2010-05-27 12:15:00
510135,13771,2010-05-27 12:16:00
510136,15878,2010-05-27 12:17:00
510137,17068,2010-05-27 12:21:00
510138,16946,2010-05-27 12:22:00
510139,16695,2010-05-27 12:24:00
510140,18094,2010-05-27 12:27:00
510141,14069,2010-05-27 12:30:00
510143,16186,2010-05-27 12:34:00
510144,16695,2010-05-27 12:36:00
510145,15218,2010-05-27 12:36:00
510146,18061,2010-05-27 12:47:00
510147,14040,2010-05-27 12:48:00
510148,16101,2010-05-27 12:50:00
510149,17873,2010-05-27 12:55:00
510150,13093,2010-05-27 13:10:00
510151,13173,2010-05-27 13:15:00
510152,13078,2010-05-27 13:18:00
510153,16947,2010-05-27 13:25:00
510154,16947,2010-05-27 13:25:00
510155,14739,2010-05-27 13:26:00
510157,13715,2010-05-27 13:34:00
510158,18181,2010-05-27 13:34:00
510161,14692,2010-05-27 13:47:00
510162,14876,2010-05-27 13:49:00
510163,16814,2010-05-27 13:54:00
510164,13694,2010-05-27 13:58:00
510165,16351,2010-05-27 14:04:00
510166,15013,2010-05-27 14:13:00
510167,12982,2010-05-27 14:17:00
510168,15633,2010-05-27 14:17:00
510169,15768,2010-05-27 14:27:00
510170,13001,2010-05-27 14:28:00
510171,16422,2010-05-27 14:35:00
510172,18145,2010-05-27 14:38:00
510173,18257,2010-05-27 14:40:00
510174,13357,2010-05-27 14:51:00
510176,12609,2010-05-27 14:53:00
510177,16691,2010-05-27 14:55:00
510180,17238,2010-05-27 15:28:00
510181,15785,2010-05-27 15:29:00
510182,15985,2010-05-27 15:51:00
510184,15607,2010-05-27 15:56:00
510186,16218,2010-05-27 16:09:00
510188,12854,2010-05-27 16:54:00
510189,13101,2010-05-27 17:02:00
510190,17969,2010-05-27 17:06:00
510191,16451,2010-05-27 17:56:00
510192,17841,2010-05-27 18:13:00
510193,17841,2010-05-27 18:19:00
510194,15015,2010-05-27 19:03:00
510195,13230,2010-05-27 19:53:00
510196,17189,2010-05-27 20:11:00
510197,17231,2010-05-27 20:20:00
510199,14738,2010-05-27 20:31:00
510204,16754,2010-05-28 07:51:00
510218,13824,2010-05-28 08:29:00
510221,15400,2010-05-28 08:33:00
510222,13798,2010-05-28 08:39:00
510225,14543,2010-05-28 08:47:00
510227,14408,2010-05-28 08:55:00
510230,17311,2010-05-28 09:36:00
510232,15674,2010-05-28 09:40:00
510239,13929,2010-05-28 09:59:00
510240,17463,2010-05-28 10:04:00
510241,15254,2010-05-28 10:08:00
510243,13929,2010-05-28 10:14:00
510245,13929,2010-05-28 10:17:00
510246,13599,2010-05-28 10:17:00
510249,13599,2010-05-28 10:33:00
510250,15061,2010-05-28 10:36:00
510258,12835,2010-05-28 10:56:00
510262,14006,2010-05-28 10:59:00
510271,15862,2010-05-28 11:13:00
510272,12835,2010-05-28 11:17:00
510291,13338,2010-05-28 11:47:00
510292,13602,2010-05-28 11:49:00
510296,13004,2010-05-28 11:51:00
510299,13723,2010-05-28 11:53:00
510319,17741,2010-05-28 12:11:00
510320,17822,2010-05-28 12:15:00
510322,14530,2010-05-28 12:37:00
510323,18177,2010-05-28 12:38:00
510324,12619,2010-05-28 12:52:00
510325,14395,2010-05-28 12:52:00
510326,15738,2010-05-28 12:53:00
510327,14395,2010-05-28 12:57:00
510329,17822,2010-05-28 13:23:00
510330,16190,2010-05-28 13:42:00
510331,13081,2010-05-28 13:57:00
510332,13728,2010-05-28 14:14:00
510334,17241,2010-05-28 14:15:00
510338,13875,2010-05-28 14:16:00
510348,12643,2010-05-28 14:22:00
510350,17583,2010-05-28 14:24:00
510351,17238,2010-05-28 14:30:00
510352,17965,2010-05-28 14:43:00
510353,16035,2010-05-28 15:09:00
510354,12499,2010-05-28 15:12:00
510357,17389,2010-05-28 15:16:00
510358,18044,2010-05-28 15:31:00
510360,14104,2010-05-28 16:11:00
510363,14031,2010-05-28 16:31:00
510364,17364,2010-05-28 16:36:00
510411,17243,2010-05-30 10:15:00
510412,17920,2010-05-30 10:40:00
510413,15580,2010-05-30 11:00:00
510414,15555,2010-05-30 11:02:00
510416,13113,2010-05-30 11:21:00
510417,14546,2010-05-30 11:28:00
510419,16206,2010-05-30 11:37:00
510420,15860,2010-05-30 11:41:00
510421,13408,2010-05-30 11:47:00
510422,16873,2010-05-30 11:49:00
510423,18151,2010-05-30 12:03:00
510424,17085,2010-05-30 12:30:00
510425,15611,2010-05-30 12:33:00
510426,16011,2010-05-30 12:39:00
510427,16934,2010-05-30 12:44:00
510428,17617,2010-05-30 12:48:00
510429,17618,2010-05-30 12:55:00
510430,15443,2010-05-30 13:02:00
510431,15513,2010-05-30 13:24:00
510432,15513,2010-05-30 13:25:00
510433,15571,2010-05-30 13:35:00
510435,14454,2010-05-30 13:39:00
510436,12943,2010-05-30 13:52:00
510438,15916,2010-05-30 14:13:00
510439,14572,2010-05-30 14:39:00
510440,17808,2010-05-30 14:45:00
510441,17961,2010-05-30 14:50:00
510442,14194,2010-05-30 15:19:00
510443,14606,2010-05-30 15:27:00
510444,15420,2010-05-30 15:45:00
510445,18069,2010-05-30 15:58:00
510446,13503,2010-06-01 09:02:00
510447,17165,2010-06-01 09:31:00
510449,15938,2010-06-01 09:42:00
510450,14857,2010-06-01 09:42:00
510451,12525,2010-06-01 09:42:00
510452,12989,2010-06-01 10:04:00
510453,12701,2010-06-01 10:42:00
510454,15039,2010-06-01 10:50:00
510483,16960,2010-06-01 11:27:00
510484,17287,2010-06-01 11:31:00
510485,13544,2010-06-01 11:38:00
510486,14202,2010-06-01 11:40:00
510488,18226,2010-06-01 12:00:00
510490,15711,2010-06-01 12:14:00
510492,16668,2010-06-01 12:18:00
510493,13544,2010-06-01 12:30:00
510497,18223,2010-06-01 12:39:00
510498,14227,2010-06-01 12:42:00
510505,14227,2010-06-01 12:44:00
510507,16884,2010-06-01 12:45:00
510516,14680,2010-06-01 13:15:00
510517,16518,2010-06-01 13:31:00
510518,15135,2010-06-01 13:33:00
510534,16347,2010-06-01 14:18:00
510537,16746,2010-06-01 14:23:00
510539,15980,2010-06-01 14:40:00
510541,15980,2010-06-01 14:44:00
510543,15858,2010-06-01 15:01:00
510544,13869,2010-06-01 15:05:00
510545,15670,2010-06-01 15:34:00
510546,13110,2010-06-01 15:45:00
510548,18038,2010-06-01 15:59:00
510549,13719,2010-06-01 16:06:00
510554,13777,2010-06-01 16:42:00
510556,14740,2010-06-01 16:51:00
510572,17848,2010-06-01 17:05:00
510586,15623,2010-06-02 09:02:00
510587,17745,2010-06-02 09:03:00
510589,13472,2010-06-02 09:48:00
510590,15715,2010-06-02 09:54:00
510591,15715,2010-06-02 09:55:00
510592,15715,2010-06-02 09:56:00
510593,17377,2010-06-02 10:07:00
510623,17511,2010-06-02 11:11:00
510625,15246,2010-06-02 11:28:00
510626,14961,2010-06-02 11:32:00
510635,18231,2010-06-02 11:51:00
510636,15887,2010-06-02 11:53:00
510639,17241,2010-06-02 12:07:00
510640,15714,2010-06-02 12:08:00
510643,14110,2010-06-02 12:27:00
510644,14527,2010-06-02 12:36:00
510645,16565,2010-06-02 12:47:00
510646,17321,2010-06-02 13:12:00
510647,18231,2010-06-02 13:12:00
510648,16401,2010-06-02 13:13:00
510649,14298,2010-06-02 13:23:00
510650,14298,2010-06-02 13:25:00
510651,12437,2010-06-02 13:34:00
510652,16467,2010-06-02 13:42:00
510653,13916,2010-06-02 13:44:00
510655,13047,2010-06-02 13:49:00
510656,15305,2010-06-02 13:50:00
510657,15311,2010-06-02 14:08:00
510659,16549,2010-06-02 14:24:00
510660,12677,2010-06-02 14:30:00
510661,17742,2010-06-02 14:31:00
510662,17096,2010-06-02 14:48:00
510663,13694,2010-06-02 14:48:00
510665,15838,2010-06-02 14:56:00
510667,15389,2010-06-02 15:01:00
510668,12681,2010-06-02 15:03:00
510669,14033,2010-06-02 15:10:00
510670,17845,2010-06-02 15:20:00
510671,16896,2010-06-02 15:40:00
510672,14282,2010-06-02 15:55:00
510673,17961,2010-06-02 16:01:00
510675,17841,2010-06-02 16:20:00
510678,15812,2010-06-03 08:49:00
510679,17730,2010-06-03 08:50:00
510680,14739,2010-06-03 08:51:00
510681,14136,2010-06-03 09:06:00
510682,13131,2010-06-03 09:29:00
510683,12682,2010-06-03 09:29:00
510684,13131,2010-06-03 09:30:00
510685,16722,2010-06-03 09:54:00
510697,14624,2010-06-03 10:11:00
510724,17356,2010-06-03 10:25:00
510725,14646,2010-06-03 10:26:00
510726,14859,2010-06-03 10:26:00
510727,14646,2010-06-03 10:28:00
510728,13798,2010-06-03 10:29:00
510729,17460,2010-06-03 10:37:00
510731,14970,2010-06-03 10:51:00
510733,15502,2010-06-03 11:12:00
510734,17157,2010-06-03 11:21:00
510735,14606,2010-06-03 11:35:00
510737,16279,2010-06-03 11:44:00
510738,15727,2010-06-03 11:44:00
510740,15768,2010-06-03 11:50:00
510741,12838,2010-06-03 12:02:00
510742,13694,2010-06-03 12:21:00
510743,14911,2010-06-03 12:30:00
510744,14911,2010-06-03 12:34:00
510745,16955,2010-06-03 12:36:00
510753,15950,2010-06-03 12:38:00
510757,12874,2010-06-03 12:51:00
510761,17216,2010-06-03 13:03:00
510762,14085,2010-06-03 13:06:00
510763,13787,2010-06-03 13:08:00
510767,13901,2010-06-03 13:26:00
510769,13901,2010-06-03 13:28:00
510770,13901,2010-06-03 13:29:00
510773,16430,2010-06-03 14:24:00
510775,14156,2010-06-03 14:44:00
510776,12877,2010-06-03 14:44:00
510777,13031,2010-06-03 14:57:00
510779,12823,2010-06-03 15:03:00
510780,12823,2010-06-03 15:05:00
510781,16892,2010-06-03 15:17:00
510782,12583,2010-06-03 15:29:00
510783,14426,2010-06-03 15:39:00
510784,16202,2010-06-03 15:48:00
510785,16202,2010-06-03 15:50:00
510786,14492,2010-06-03 15:50:00
510788,12835,2010-06-03 16:08:00
510790,12835,2010-06-03 16:17:00
510792,15867,2010-06-03 16:33:00
510795,12748,2010-06-03 16:45:00
510796,14713,2010-06-03 16:52:00
510797,17683,2010-06-03 17:15:00
510798,17675,2010-06-03 17:21:00
510799,12748,2010-06-03 17:33:00
510801,17290,2010-06-03 17:53:00
510802,17290,2010-06-03 17:55:00
510805,16798,2010-06-03 19:01:00
510806,17107,2010-06-03 19:05:00
510814,13230,2010-06-03 19:24:00
510819,18214,2010-06-03 19:47:00
510824,12643,2010-06-03 19:57:00
510838,17438,2010-06-04 08:50:00
510839,16130,2010-06-04 08:56:00
510860,12675,2010-06-04 09:49:00
510901,15731,2010-06-04 10:10:00
510932,14486,2010-06-04 10:30:00
510936,12701,2010-06-04 10:35:00
510942,13715,2010-06-04 10:37:00
510962,15547,2010-06-04 11:02:00
510963,15547,2010-06-04 11:02:00
510964,14436,2010-06-04 11:32:00
510965,16754,2010-06-04 11:37:00
510966,12523,2010-06-04 11:38:00
510968,16470,2010-06-04 11:47:00
510969,16470,2010-06-04 11:50:00
510984,13995,2010-06-04 12:32:00
510985,14902,2010-06-04 12:35:00
510986,16779,2010-06-04 12:37:00
510987,13443,2010-06-04 12:50:00
510988,13694,2010-06-04 12:51:00
510989,13694,2010-06-04 12:54:00
510990,13694,2010-06-04 13:01:00
510992,17696,2010-06-04 13:22:00
510993,18206,2010-06-04 13:47:00
510994,16705,2010-06-04 13:54:00
510995,15101,2010-06-04 14:12:00
510996,13694,2010-06-04 14:24:00
510997,13564,2010-06-04 14:32:00
510998,17147,2010-06-04 14:37:00
511003,17677,2010-06-04 14:51:00
511013,16133,2010-06-04 15:03:00
511017,17888,2010-06-04 15:45:00
511019,15544,2010-06-04 15:59:00
511020,15311,2010-06-04 16:01:00
511023,17235,2010-06-04 17:01:00
511025,17377,2010-06-06 09:49:00
511026,14441,2010-06-06 10:25:00
511027,13593,2010-06-06 10:30:00
511029,14687,2010-06-06 10:36:00
511030,15046,2010-06-06 10:39:00
511032,14984,2010-06-06 10:55:00
511033,16271,2010-06-06 10:56:00
511034,14984,2010-06-06 10:56:00
511035,16242,2010-06-06 10:57:00
511037,16059,2010-06-06 11:06:00
511038,14766,2010-06-06 11:11:00
511039,17589,2010-06-06 11:19:00
511040,14878,2010-06-06 11:20:00
511041,12932,2010-06-06 11:21:00
511042,18234,2010-06-06 11:22:00
511044,16356,2010-06-06 11:26:00
511045,13491,2010-06-06 11:30:00
511046,16335,2010-06-06 11:35:00
511047,14573,2010-06-06 11:38:00
511048,16356,2010-06-06 11:38:00
511050,16782,2010-06-06 12:07:00
511051,12911,2010-06-06 12:13:00
511052,17841,2010-06-06 12:15:00
511053,16701,2010-06-06 12:16:00
511055,14415,2010-06-06 12:16:00
511056,16444,2010-06-06 12:17:00
511057,15796,2010-06-06 12:24:00
511058,18149,2010-06-06 12:26:00
511059,16466,2010-06-06 12:27:00
511060,15030,2010-06-06 12:39:00
511061,18112,2010-06-06 12:40:00
511062,16652,2010-06-06 12:41:00
511063,15988,2010-06-06 12:45:00
511064,13668,2010-06-06 12:46:00
511065,17954,2010-06-06 12:52:00
511066,13109,2010-06-06 12:59:00
511067,15956,2010-06-06 13:06:00
511068,14208,2010-06-06 13:11:00
511069,17915,2010-06-06 13:22:00
511070,16340,2010-06-06 13:26:00
511071,14653,2010-06-06 13:27:00
511072,14709,2010-06-06 13:36:00
511073,13614,2010-06-06 13:42:00
511074,18137,2010-06-06 13:45:00
511075,13767,2010-06-06 13:47:00
511076,13767,2010-06-06 13:48:00
511077,15822,2010-06-06 13:50:00
511078,16497,2010-06-06 13:52:00
511079,16497,2010-06-06 13:53:00
511080,15976,2010-06-06 14:01:00
511081,14128,2010-06-06 14:05:00
511082,13056,2010-06-06 14:10:00
511083,12709,2010-06-06 14:16:00
511084,16200,2010-06-06 14:17:00
511085,18137,2010-06-06 14:18:00
511086,15373,2010-06-06 14:41:00
511087,17682,2010-06-06 15:01:00
511089,15005,2010-06-06 15:03:00
511090,14247,2010-06-06 15:07:00
511091,14734,2010-06-06 15:15:00
511092,12836,2010-06-06 15:18:00
511093,17920,2010-06-06 15:22:00
511094,14667,2010-06-06 15:32:00
511095,14249,2010-06-06 15:47:00
511096,12682,2010-06-06 15:49:00
511097,16255,2010-06-06 15:53:00
511098,14249,2010-06-06 15:53:00
511099,17009,2010-06-06 16:01:00
511100,17416,2010-06-07 08:37:00
511101,14221,2010-06-07 08:38:00
511102,17416,2010-06-07 08:41:00
511103,17416,2010-06-07 08:42:00
511104,17602,2010-06-07 09:37:00
511105,13815,2010-06-07 09:37:00
511106,17071,2010-06-07 09:43:00
511107,16422,2010-06-07 09:49:00
511109,16684,2010-06-07 09:55:00
511110,15078,2010-06-07 10:03:00
511111,17994,2010-06-07 10:05:00
511112,16422,2010-06-07 10:10:00
511113,14309,2010-06-07 10:24:00
511114,13082,2010-06-07 10:37:00
511115,13078,2010-06-07 10:39:00
511117,12471,2010-06-07 10:41:00
511118,12471,2010-06-07 10:42:00
511119,15366,2010-06-07 10:49:00
511121,12471,2010-06-07 10:52:00
511123,17673,2010-06-07 10:56:00
511125,15958,2010-06-07 10:59:00
511126,17673,2010-06-07 10:59:00
511132,17987,2010-06-07 11:23:00
511133,17227,2010-06-07 11:25:00
511134,17897,2010-06-07 11:32:00
511135,12853,2010-06-07 11:34:00
511136,17897,2010-06-07 11:38:00
511137,14167,2010-06-07 11:47:00
511159,15622,2010-06-07 12:01:00
511160,15059,2010-06-07 12:01:00
511161,15622,2010-06-07 12:01:00
511164,14028,2010-06-07 12:02:00
511166,14895,2010-06-07 12:03:00
511174,15249,2010-06-07 12:08:00
511176,14028,2010-06-07 12:09:00
511177,17505,2010-06-07 12:09:00
511179,17505,2010-06-07 12:10:00
511185,16883,2010-06-07 12:12:00
511204,15471,2010-06-07 12:17:00
511209,16719,2010-06-07 12:18:00
511217,12986,2010-06-07 12:21:00
511218,12986,2010-06-07 12:22:00
511229,12358,2010-06-07 12:28:00
511233,15640,2010-06-07 12:29:00
511236,18203,2010-06-07 12:29:00
511239,13313,2010-06-07 12:31:00
511242,15640,2010-06-07 12:33:00
511247,14421,2010-06-07 12:35:00
511251,14515,2010-06-07 12:37:00
511259,16382,2010-06-07 12:42:00
511262,16655,2010-06-07 12:43:00
511265,15640,2010-06-07 12:49:00
511266,14534,2010-06-07 12:51:00
511267,13623,2010-06-07 12:59:00
511269,16984,2010-06-07 13:02:00
511270,14159,2010-06-07 13:03:00
511271,13699,2010-06-07 13:03:00
511273,14159,2010-06-07 13:09:00
511274,13468,2010-06-07 13:26:00
511276,17515,2010-06-07 13:29:00
511277,14028,2010-06-07 13:33:00
511278,14786,2010-06-07 13:42:00
511279,17412,2010-06-07 13:53:00
511280,16232,2010-06-07 14:04:00
511281,18100,2010-06-07 14:19:00
511283,16317,2010-06-07 14:24:00
511284,14467,2010-06-07 14:39:00
511285,15260,2010-06-07 14:46:00
511286,15260,2010-06-07 14:47:00
511287,14514,2010-06-07 14:47:00
511288,15260,2010-06-07 14:48:00
511289,17611,2010-06-07 14:48:00
511290,12937,2010-06-07 14:52:00
511291,15872,2010-06-07 14:53:00
511292,15164,2010-06-07 14:55:00
511294,12829,2010-06-07 15:04:00
511295,15551,2010-06-07 15:05:00
511296,17040,2010-06-07 15:08:00
511297,17101,2010-06-07 15:12:00
511298,15260,2010-06-07 15:14:00
511299,18037,2010-06-07 15:29:00
511300,16788,2010-06-07 15:31:00
511301,14871,2010-06-07 15:32:00
511302,17031,2010-06-07 15:39:00
511303,15720,2010-06-07 15:40:00
511304,17402,2010-06-07 15:47:00
511305,17512,2010-06-07 15:51:00
511306,17588,2010-06-07 15:57:00
511307,13983,2010-06-07 16:01:00
511308,14498,2010-06-07 16:05:00
511309,13052,2010-06-07 16:06:00
511310,17784,2010-06-07 16:08:00
511313,13064,2010-06-07 16:28:00
511314,14606,2010-06-07 16:39:00
511315,15681,2010-06-07 16:48:00
511316,17133,2010-06-07 16:52:00
511321,12748,2010-06-07 17:12:00
511322,13975,2010-06-07 17:15:00
511323,13997,2010-06-07 17:33:00
511324,15714,2010-06-08 08:37:00
511325,13771,2010-06-08 08:50:00
511326,14825,2010-06-08 09:07:00
511327,15615,2010-06-08 09:11:00
511328,13178,2010-06-08 10:06:00
511329,12928,2010-06-08 10:16:00
511330,18102,2010-06-08 10:26:00
511331,14543,2010-06-08 10:28:00
511332,12931,2010-06-08 10:30:00
511334,17677,2010-06-08 10:39:00
511335,18102,2010-06-08 10:44:00
511346,17238,2010-06-08 10:49:00
511356,16098,2010-06-08 10:58:00
511357,17849,2010-06-08 10:59:00
511362,15039,2010-06-08 11:14:00
511375,16843,2010-06-08 11:28:00
511401,14209,2010-06-08 11:38:00
511411,14535,2010-06-08 11:41:00
511432,16713,2010-06-08 11:48:00
511433,17706,2010-06-08 11:49:00
511434,17201,2010-06-08 11:50:00
511435,18102,2010-06-08 11:51:00
511437,17190,2010-06-08 12:02:00
511438,14211,2010-06-08 12:08:00
511439,12939,2010-06-08 12:10:00
511440,12939,2010-06-08 12:10:00
511441,15380,2010-06-08 12:12:00
511442,17190,2010-06-08 12:16:00
511445,14194,2010-06-08 12:27:00
511446,17920,2010-06-08 12:28:00
511447,14194,2010-06-08 12:32:00
511448,14194,2010-06-08 12:33:00
511449,15854,2010-06-08 12:34:00
511450,16048,2010-06-08 12:36:00
511451,17543,2010-06-08 12:41:00
511460,12647,2010-06-08 12:53:00
511461,12647,2010-06-08 12:54:00
511462,12647,2010-06-08 12:55:00
511463,12647,2010-06-08 12:55:00
511465,18008,2010-06-08 12:59:00
511466,13871,2010-06-08 13:02:00
511467,17808,2010-06-08 13:02:00
511468,13141,2010-06-08 13:10:00
511469,16086,2010-06-08 13:11:00
511471,17449,2010-06-08 13:22:00
511473,12840,2010-06-08 13:23:00
511474,16791,2010-06-08 13:27:00
511475,18103,2010-06-08 13:36:00
511476,15311,2010-06-08 13:37:00
511478,14671,2010-06-08 13:39:00
511479,12409,2010-06-08 13:40:00
511480,14134,2010-06-08 13:43:00
511481,15353,2010-06-08 14:00:00
511483,15768,2010-06-08 14:05:00
511484,17801,2010-06-08 14:10:00
511487,18247,2010-06-08 14:22:00
511488,12843,2010-06-08 14:22:00
511497,13089,2010-06-08 14:40:00
511498,17440,2010-06-08 14:40:00
511499,13089,2010-06-08 14:41:00
511500,14210,2010-06-08 14:44:00
511501,15532,2010-06-08 14:52:00
511503,12932,2010-06-08 15:09:00
511504,17597,2010-06-08 15:10:00
511505,13468,2010-06-08 15:24:00
511512,18145,2010-06-08 15:51:00
511513,15311,2010-06-08 15:57:00
511514,15523,2010-06-08 16:06:00
511515,17962,2010-06-08 16:15:00
511517,17962,2010-06-08 16:24:00
511520,14308,2010-06-08 16:39:00
511522,16072,2010-06-08 16:47:00
511523,14308,2010-06-08 16:48:00
511543,18214,2010-06-08 17:29:00
511545,15179,2010-06-09 08:02:00
511546,13296,2010-06-09 08:41:00
511547,12599,2010-06-09 08:46:00
511548,14388,2010-06-09 09:05:00
511549,12483,2010-06-09 09:15:00
511550,17713,2010-06-09 09:33:00
511551,15173,2010-06-09 09:40:00
511552,16754,2010-06-09 09:41:00
511553,16754,2010-06-09 09:42:00
511554,14616,2010-06-09 09:42:00
511555,17417,2010-06-09 10:00:00
511556,17511,2010-06-09 10:02:00
511557,15290,2010-06-09 10:02:00
511558,13802,2010-06-09 10:12:00
511559,16592,2010-06-09 10:38:00
511564,18231,2010-06-09 10:41:00
511573,17808,2010-06-09 10:44:00
511585,13502,2010-06-09 10:52:00
511602,17115,2010-06-09 11:10:00
511610,14260,2010-06-09 11:23:00
511611,15352,2010-06-09 11:28:00
511612,14680,2010-06-09 11:44:00
511613,15527,2010-06-09 12:02:00
511614,17511,2010-06-09 12:06:00
511615,17282,2010-06-09 12:07:00
511616,15527,2010-06-09 12:11:00
511619,15527,2010-06-09 12:21:00
511620,18252,2010-06-09 12:25:00
511621,12758,2010-06-09 12:29:00
511631,13571,2010-06-09 12:43:00
511632,17552,2010-06-09 12:45:00
511633,17888,2010-06-09 12:45:00
511634,17381,2010-06-09 12:55:00
511635,13317,2010-06-09 13:00:00
511636,16029,2010-06-09 13:02:00
511637,15298,2010-06-09 13:04:00
511638,17346,2010-06-09 13:08:00
511639,16453,2010-06-09 13:15:00
511640,13881,2010-06-09 13:22:00
511643,14135,2010-06-09 13:37:00
511650,14230,2010-06-09 13:56:00
511651,15570,2010-06-09 13:57:00
511652,14615,2010-06-09 13:59:00
511654,17971,2010-06-09 14:04:00
511655,14104,2010-06-09 14:09:00
511668,18272,2010-06-09 14:37:00
511669,14099,2010-06-09 14:41:00
511670,16656,2010-06-09 14:42:00
511672,17865,2010-06-09 14:43:00
511675,14180,2010-06-09 14:56:00
511677,13199,2010-06-09 14:58:00
511678,18008,2010-06-09 15:07:00
511679,16199,2010-06-09 15:15:00
511680,12424,2010-06-09 15:15:00
511681,16225,2010-06-09 15:16:00
511682,17526,2010-06-09 15:19:00
511683,13856,2010-06-09 15:22:00
511684,16186,2010-06-09 15:24:00
511685,12634,2010-06-09 15:41:00
511687,14466,2010-06-09 15:53:00
511690,17677,2010-06-09 16:28:00
511691,16525,2010-06-09 16:42:00
511698,16707,2010-06-09 16:56:00
511700,13709,2010-06-10 08:47:00
511701,16206,2010-06-10 09:17:00
511702,13446,2010-06-10 09:22:00
511703,12727,2010-06-10 09:40:00
511704,18219,2010-06-10 09:55:00
511705,13417,2010-06-10 10:04:00
511706,13417,2010-06-10 10:05:00
511708,17388,2010-06-10 10:10:00
511709,13878,2010-06-10 10:15:00
511710,17350,2010-06-10 10:23:00
511734,17158,2010-06-10 10:38:00
511745,15183,2010-06-10 10:43:00
511761,17663,2010-06-10 11:32:00
511762,17204,2010-06-10 11:37:00
511763,13065,2010-06-10 11:44:00
511771,17032,2010-06-10 12:12:00
511772,17491,2010-06-10 12:14:00
511774,17032,2010-06-10 12:16:00
511775,13842,2010-06-10 12:21:00
511777,12863,2010-06-10 12:32:00
511778,17716,2010-06-10 12:37:00
511779,17068,2010-06-10 12:39:00
511780,12662,2010-06-10 12:43:00
511781,12891,2010-06-10 13:04:00
511782,16862,2010-06-10 13:05:00
511783,16713,2010-06-10 13:17:00
511785,15601,2010-06-10 13:37:00
511786,17869,2010-06-10 13:47:00
511787,15757,2010-06-10 13:47:00
511789,14606,2010-06-10 13:52:00
511790,18168,2010-06-10 13:56:00
511791,14025,2010-06-10 13:59:00
511796,15734,2010-06-10 14:25:00
511797,14918,2010-06-10 14:36:00
511798,14918,2010-06-10 14:37:00
511799,15615,2010-06-10 14:49:00
511801,13999,2010-06-10 15:14:00
511802,16359,2010-06-10 15:20:00
511803,13658,2010-06-10 15:22:00
511805,13059,2010-06-10 15:28:00
511808,17377,2010-06-10 15:31:00
511810,15311,2010-06-10 15:32:00
511816,17581,2010-06-10 16:11:00
511818,17581,2010-06-10 16:15:00
511825,12726,2010-06-10 16:35:00
511828,13092,2010-06-10 16:45:00
511830,17858,2010-06-10 16:58:00
511832,14316,2010-06-10 17:05:00
511836,14316,2010-06-10 17:11:00
511839,15696,2010-06-10 17:27:00
511840,15207,2010-06-10 17:29:00
511841,13450,2010-06-10 17:31:00
511843,14110,2010-06-10 18:04:00
511844,16679,2010-06-10 18:35:00
511845,16168,2010-06-10 18:45:00
511846,16168,2010-06-10 18:46:00
511847,13438,2010-06-10 18:46:00
511848,17180,2010-06-10 18:50:00
511849,15684,2010-06-10 18:51:00
511850,16742,2010-06-10 19:07:00
511851,13542,2010-06-10 19:21:00
511852,16549,2010-06-10 20:09:00
511853,14298,2010-06-11 08:08:00
511854,14298,2010-06-11 08:11:00
511855,12681,2010-06-11 08:25:00
511856,15755,2010-06-11 08:41:00
511859,17949,2010-06-11 10:10:00
511860,17949,2010-06-11 10:10:00
511861,14618,2010-06-11 10:11:00
511862,16145,2010-06-11 10:12:00
511863,15102,2010-06-11 10:16:00
511864,15910,2010-06-11 10:23:00
511865,17457,2010-06-11 10:26:00
511866,12835,2010-06-11 10:28:00
511867,15254,2010-06-11 10:30:00
511886,16191,2010-06-11 10:47:00
511889,13013,2010-06-11 10:49:00
511896,16161,2010-06-11 11:04:00
511900,16161,2010-06-11 11:11:00
511902,12748,2010-06-11 11:12:00
511905,16895,2010-06-11 11:19:00
511925,16684,2010-06-11 11:38:00
511926,15079,2010-06-11 11:44:00
511928,15141,2010-06-11 11:45:00
511929,17996,2010-06-11 11:48:00
511930,15898,2010-06-11 11:49:00
511931,17691,2010-06-11 11:50:00
511932,17996,2010-06-11 11:52:00
511933,18001,2010-06-11 11:53:00
511934,16209,2010-06-11 11:58:00
511935,17146,2010-06-11 12:04:00
511936,18144,2010-06-11 12:06:00
511937,13767,2010-06-11 12:09:00
511938,16163,2010-06-11 12:09:00
511939,13767,2010-06-11 12:10:00
511940,17243,2010-06-11 12:15:00
511941,17243,2010-06-11 12:21:00
511942,16499,2010-06-11 12:22:00
511943,17902,2010-06-11 12:25:00
511944,14228,2010-06-11 12:29:00
511945,13794,2010-06-11 12:30:00
511946,15769,2010-06-11 12:32:00
511947,17246,2010-06-11 12:36:00
511949,14320,2010-06-11 12:45:00
511950,18172,2010-06-11 12:45:00
511954,16170,2010-06-11 13:00:00
511955,16547,2010-06-11 13:02:00
511957,16497,2010-06-11 13:18:00
511958,18258,2010-06-11 13:20:00
511959,15521,2010-06-11 13:20:00
511960,14727,2010-06-11 13:23:00
511961,13337,2010-06-11 13:27:00
511962,12429,2010-06-11 13:28:00
511963,12429,2010-06-11 13:29:00
511964,14727,2010-06-11 13:30:00
511967,17867,2010-06-11 13:43:00
511968,13093,2010-06-11 13:44:00
511969,13304,2010-06-11 13:55:00
511970,18022,2010-06-11 13:59:00
511976,17191,2010-06-11 14:37:00
511989,17749,2010-06-11 14:56:00
511990,13601,2010-06-11 15:03:00
511991,12557,2010-06-11 15:07:00
511992,17738,2010-06-11 15:20:00
511993,14911,2010-06-11 15:22:00
511994,13848,2010-06-11 15:23:00
511995,13798,2010-06-11 15:27:00
511998,17961,2010-06-11 15:37:00
512001,17963,2010-06-11 15:54:00
512002,14255,2010-06-11 15:54:00
512004,14911,2010-06-11 15:58:00
512040,13050,2010-06-11 16:22:00
512045,15856,2010-06-11 17:06:00
512046,17091,2010-06-11 17:18:00
512047,13745,2010-06-11 17:19:00
512048,14031,2010-06-11 17:33:00
512049,16292,2010-06-13 09:50:00
512050,15513,2010-06-13 10:15:00
512051,17534,2010-06-13 10:20:00
512053,17377,2010-06-13 10:28:00
512055,16883,2010-06-13 10:35:00
512056,13001,2010-06-13 10:35:00
512057,13777,2010-06-13 10:38:00
512058,13777,2010-06-13 10:39:00
512059,14451,2010-06-13 11:00:00
512060,16021,2010-06-13 11:05:00
512062,14465,2010-06-13 11:18:00
512063,12474,2010-06-13 11:19:00
512064,16290,2010-06-13 11:19:00
512065,17351,2010-06-13 11:19:00
512066,13750,2010-06-13 11:20:00
512067,15751,2010-06-13 11:21:00
512068,13561,2010-06-13 11:22:00
512069,17157,2010-06-13 11:26:00
512070,16037,2010-06-13 11:32:00
512071,13736,2010-06-13 11:36:00
512072,13619,2010-06-13 11:39:00
512073,16945,2010-06-13 11:42:00
512074,16768,2010-06-13 11:44:00
512075,16945,2010-06-13 11:45:00
512076,13545,2010-06-13 11:49:00
512077,14849,2010-06-13 12:12:00
512078,13941,2010-06-13 12:14:00
512079,13941,2010-06-13 12:15:00
512080,14849,2010-06-13 12:18:00
512081,14849,2010-06-13 12:19:00
512082,16444,2010-06-13 12:25:00
512083,12623,2010-06-13 12:32:00
512084,15738,2010-06-13 12:33:00
512086,16158,2010-06-13 12:34:00
512087,17330,2010-06-13 12:34:00
512088,16771,2010-06-13 12:35:00
512089,14573,2010-06-13 12:35:00
512090,15561,2010-06-13 12:51:00
512091,12747,2010-06-13 12:54:00
512092,17920,2010-06-13 12:58:00
512093,16954,2010-06-13 13:06:00
512095,13394,2010-06-13 13:14:00
512096,17969,2010-06-13 13:19:00
512097,12631,2010-06-13 13:20:00
512098,17790,2010-06-13 13:30:00
512101,12971,2010-06-13 13:43:00
512102,14224,2010-06-13 13:46:00
512103,15712,2010-06-13 13:46:00
512104,16132,2010-06-13 13:49:00
512106,17923,2010-06-13 13:58:00
512107,13078,2010-06-13 13:58:00
512108,14538,2010-06-13 14:01:00
512109,16710,2010-06-13 14:30:00
512110,15255,2010-06-13 14:31:00
512111,13162,2010-06-13 14:35:00
512112,17841,2010-06-13 14:40:00
512113,16709,2010-06-13 14:47:00
512114,16709,2010-06-13 14:48:00
512115,13202,2010-06-13 14:52:00
512116,17231,2010-06-13 14:53:00
512117,14573,2010-06-13 15:23:00
512118,17231,2010-06-13 15:27:00
512119,13190,2010-06-13 15:47:00
512120,14581,2010-06-13 15:48:00
512121,16647,2010-06-13 15:52:00
512122,15633,2010-06-13 15:54:00
512123,15808,2010-06-13 15:57:00
512125,17677,2010-06-13 16:03:00
512126,16558,2010-06-13 16:10:00
512127,13013,2010-06-14 08:48:00
512128,12594,2010-06-14 09:40:00
512130,14114,2010-06-14 10:33:00
512131,16622,2010-06-14 10:44:00
512132,13799,2010-06-14 10:48:00
512169,13383,2010-06-14 11:45:00
512170,16308,2010-06-14 11:48:00
512171,12731,2010-06-14 11:51:00
512172,13559,2010-06-14 11:52:00
512173,15607,2010-06-14 11:55:00
512174,16625,2010-06-14 11:56:00
512175,12897,2010-06-14 11:58:00
512176,13491,2010-06-14 11:59:00
512177,15150,2010-06-14 12:01:00
512227,14882,2010-06-14 12:31:00
512229,18020,2010-06-14 12:31:00
512237,16607,2010-06-14 12:36:00
512244,17809,2010-06-14 12:39:00
512245,15901,2010-06-14 12:39:00
512247,13093,2010-06-14 12:41:00
512250,16814,2010-06-14 12:46:00
512259,17059,2010-06-14 13:03:00
512260,15016,2010-06-14 13:06:00
512261,15885,2010-06-14 13:13:00
512262,16007,2010-06-14 13:18:00
512268,17368,2010-06-14 13:26:00
512269,13089,2010-06-14 13:26:00
512270,15361,2010-06-14 13:27:00
512271,15817,2010-06-14 13:31:00
512273,13659,2010-06-14 13:34:00
512276,12637,2010-06-14 13:36:00
512277,16458,2010-06-14 13:42:00
512279,17454,2010-06-14 13:51:00
512280,14911,2010-06-14 14:03:00
512281,14040,2010-06-14 14:05:00
512282,14911,2010-06-14 14:06:00
512285,13069,2010-06-14 14:27:00
512286,15967,2010-06-14 14:27:00
512287,17913,2010-06-14 14:39:00
512288,17293,2010-06-14 14:43:00
512290,15549,2010-06-14 14:50:00
512292,16500,2010-06-14 14:54:00
512294,13069,2010-06-14 15:03:00
512295,15311,2010-06-14 15:11:00
512301,12843,2010-06-14 15:51:00
512303,14853,2010-06-14 15:52:00
512304,15905,2010-06-14 16:00:00
512305,17848,2010-06-14 16:19:00
512306,15093,2010-06-14 16:25:00
512307,17922,2010-06-14 16:32:00
512309,14911,2010-06-14 16:43:00
512312,14841,2010-06-15 08:15:00
512316,16197,2010-06-15 09:12:00
512318,18178,2010-06-15 09:14:00
512319,14139,2010-06-15 09:17:00
512320,12843,2010-06-15 09:32:00
512321,16422,2010-06-15 09:33:00
512327,13963,2010-06-15 10:24:00
512329,15789,2010-06-15 11:33:00
512330,15789,2010-06-15 11:34:00
512331,12835,2010-06-15 11:39:00
512332,15358,2010-06-15 11:42:00
512335,13107,2010-06-15 11:46:00
512357,16205,2010-06-15 11:58:00
512369,16209,2010-06-15 12:05:00
512381,16940,2010-06-15 12:11:00
512386,12472,2010-06-15 12:14:00
512397,15039,2010-06-15 12:22:00
512398,15600,2010-06-15 12:27:00
512400,13297,2010-06-15 12:35:00
512401,13555,2010-06-15 12:41:00
512402,17571,2010-06-15 12:50:00
512403,15816,2010-06-15 12:54:00
512405,15044,2010-06-15 13:03:00
512406,17020,2010-06-15 13:06:00
512407,13863,2010-06-15 13:12:00
512409,16307,2010-06-15 13:18:00
512411,14156,2010-06-15 13:19:00
512412,15044,2010-06-15 13:24:00
512414,15816,2010-06-15 13:36:00
512415,18009,2010-06-15 13:40:00
512416,17139,2010-06-15 13:50:00
512417,17139,2010-06-15 13:51:00
512418,17139,2010-06-15 13:52:00
512419,15768,2010-06-15 14:00:00
512420,15898,2010-06-15 14:03:00
512421,16779,2010-06-15 14:32:00
512422,13477,2010-06-15 14:33:00
512425,14723,2010-06-15 14:42:00
512426,13168,2010-06-15 15:00:00
512432,15625,2010-06-15 15:23:00
512433,15926,2010-06-15 15:23:00
512434,12709,2010-06-15 15:34:00
512436,15750,2010-06-15 15:59:00
512439,17364,2010-06-15 16:31:00
512441,17757,2010-06-15 16:40:00
512454,16266,2010-06-15 17:29:00
512455,12957,2010-06-16 08:54:00
512456,12957,2010-06-16 08:55:00
512457,14045,2010-06-16 09:47:00
512458,14634,2010-06-16 09:48:00
512459,15329,2010-06-16 09:58:00
512460,13089,2010-06-16 09:58:00
512461,13338,2010-06-16 10:23:00
512462,17017,2010-06-16 10:29:00
512464,17438,2010-06-16 10:37:00
512468,18042,2010-06-16 10:53:00
512494,15061,2010-06-16 11:02:00
512499,15061,2010-06-16 11:03:00
512504,15061,2010-06-16 11:05:00
512507,15061,2010-06-16 11:06:00
512510,15061,2010-06-16 11:07:00
512511,15061,2010-06-16 11:08:00
512512,15061,2010-06-16 11:09:00
512513,15061,2010-06-16 11:11:00
512514,14606,2010-06-16 11:17:00
512516,14978,2010-06-16 11:30:00
512517,13552,2010-06-16 11:33:00
512518,14543,2010-06-16 11:36:00
512519,15040,2010-06-16 11:40:00
512520,13854,2010-06-16 11:45:00
512522,16550,2010-06-16 11:48:00
512523,13769,2010-06-16 11:49:00
512525,17448,2010-06-16 11:52:00
512527,17448,2010-06-16 11:53:00
512528,17952,2010-06-16 11:54:00
512532,16253,2010-06-16 12:01:00
512533,17952,2010-06-16 12:02:00
512534,16393,2010-06-16 12:08:00
512535,17604,2010-06-16 12:16:00
512536,15203,2010-06-16 12:38:00
512537,13798,2010-06-16 12:44:00
512538,12613,2010-06-16 12:45:00
512539,13567,2010-06-16 12:48:00
512540,12540,2010-06-16 12:54:00
512541,13183,2010-06-16 12:55:00
512542,14527,2010-06-16 12:59:00
512544,16327,2010-06-16 13:20:00
512545,14258,2010-06-16 13:22:00
512547,13478,2010-06-16 13:29:00
512548,16229,2010-06-16 13:30:00
512549,13117,2010-06-16 13:36:00
512550,18058,2010-06-16 13:45:00
512551,13586,2010-06-16 13:47:00
512552,18044,2010-06-16 13:52:00
512553,17841,2010-06-16 13:52:00
512554,15005,2010-06-16 14:01:00
512555,16401,2010-06-16 14:11:00
512556,16197,2010-06-16 14:12:00
512557,14374,2010-06-16 14:25:00
512558,14911,2010-06-16 14:26:00
512559,14031,2010-06-16 14:26:00
512560,17931,2010-06-16 14:28:00
512562,13346,2010-06-16 14:33:00
512563,13916,2010-06-16 14:34:00
512564,14375,2010-06-16 14:34:00
512565,15432,2010-06-16 14:34:00
512566,13346,2010-06-16 14:36:00
512567,14619,2010-06-16 14:41:00
512568,18194,2010-06-16 14:47:00
512569,17990,2010-06-16 14:47:00
512570,14075,2010-06-16 14:47:00
512571,12843,2010-06-16 14:49:00
512585,15867,2010-06-16 15:27:00
512586,14021,2010-06-16 15:51:00
512587,14198,2010-06-16 15:55:00
512588,15625,2010-06-16 16:01:00
512590,13571,2010-06-16 16:10:00
512591,17160,2010-06-16 16:24:00
512593,15381,2010-06-16 16:42:00
512594,16538,2010-06-16 16:47:00
512598,17401,2010-06-16 16:54:00
512599,16538,2010-06-16 16:59:00
512601,13112,2010-06-16 17:03:00
512602,16492,2010-06-17 08:20:00
512604,14852,2010-06-17 09:26:00
512605,14978,2010-06-17 09:26:00
512606,13919,2010-06-17 09:30:00
512607,16134,2010-06-17 09:48:00
512608,13488,2010-06-17 09:56:00
512609,14045,2010-06-17 10:12:00
512610,15759,2010-06-17 10:19:00
512611,17675,2010-06-17 10:27:00
512612,17675,2010-06-17 10:28:00
512613,17098,2010-06-17 10:30:00
512614,18039,2010-06-17 10:35:00
512624,12921,2010-06-17 10:41:00
512627,12746,2010-06-17 10:41:00
512644,13102,2010-06-17 10:47:00
512651,17692,2010-06-17 11:14:00
512656,14045,2010-06-17 11:21:00
512657,12835,2010-06-17 11:23:00
512658,14085,2010-06-17 11:24:00
512659,17884,2010-06-17 11:26:00
512664,15719,2010-06-17 11:32:00
512683,13921,2010-06-17 11:40:00
512684,17965,2010-06-17 11:44:00
512685,13971,2010-06-17 11:46:00
512694,14710,2010-06-17 11:52:00
512695,15606,2010-06-17 11:53:00
512696,14911,2010-06-17 11:57:00
512697,14911,2010-06-17 11:58:00
512698,14911,2010-06-17 11:59:00
512703,14606,2010-06-17 12:05:00
512708,16515,2010-06-17 12:17:00
512709,16115,2010-06-17 12:21:00
512710,14057,2010-06-17 12:23:00
512712,13608,2010-06-17 12:28:00
512713,17419,2010-06-17 12:33:00
512721,13694,2010-06-17 12:51:00
512722,14508,2010-06-17 13:02:00
512723,12417,2010-06-17 13:06:00
512724,16743,2010-06-17 13:06:00
512725,14508,2010-06-17 13:09:00
512732,14590,2010-06-17 13:43:00
512734,16839,2010-06-17 13:48:00
512735,15013,2010-06-17 13:58:00
512736,16554,2010-06-17 14:04:00
512739,13037,2010-06-17 14:14:00
512740,16326,2010-06-17 14:15:00
512741,14667,2010-06-17 14:37:00
512742,16746,2010-06-17 14:40:00
512743,17799,2010-06-17 14:43:00
512744,12681,2010-06-17 14:46:00
512745,13319,2010-06-17 14:49:00
512746,17799,2010-06-17 14:53:00
512750,16925,2010-06-17 15:03:00
512751,17953,2010-06-17 15:08:00
512753,16661,2010-06-17 15:24:00
512755,13115,2010-06-17 15:34:00
512760,14422,2010-06-17 16:00:00
512764,15484,2010-06-17 16:16:00
512765,15718,2010-06-17 16:20:00
512766,13077,2010-06-17 16:20:00
512767,17610,2010-06-17 16:34:00
512772,17764,2010-06-17 17:00:00
512776,15023,2010-06-17 17:41:00
512779,15023,2010-06-17 17:51:00
512780,13668,2010-06-17 18:00:00
512781,17341,2010-06-17 18:17:00
512782,17341,2010-06-17 18:22:00
512783,13969,2010-06-17 19:18:00
512784,13230,2010-06-17 19:28:00
512786,13277,2010-06-18 08:45:00
512787,14492,2010-06-18 08:58:00
512788,13427,2010-06-18 09:28:00
512795,17612,2010-06-18 10:18:00
512797,14895,2010-06-18 10:29:00
512798,17389,2010-06-18 10:32:00
512799,16126,2010-06-18 10:39:00
512800,15402,2010-06-18 10:47:00
512802,15483,2010-06-18 11:01:00
512803,15483,2010-06-18 11:05:00
512804,16943,2010-06-18 11:16:00
512806,15483,2010-06-18 11:21:00
512807,14646,2010-06-18 11:21:00
512808,16155,2010-06-18 11:23:00
512818,13293,2010-06-18 11:31:00
512827,15981,2010-06-18 11:34:00
512847,18170,2010-06-18 11:40:00
512886,15641,2010-06-18 12:03:00
512888,17068,2010-06-18 12:03:00
512889,16797,2010-06-18 12:04:00
512890,12872,2010-06-18 12:13:00
512891,15984,2010-06-18 12:19:00
512892,12802,2010-06-18 12:28:00
512893,13225,2010-06-18 12:31:00
512894,13426,2010-06-18 12:37:00
512895,15031,2010-06-18 12:45:00
512896,17346,2010-06-18 12:46:00
512899,14329,2010-06-18 12:57:00
512900,14919,2010-06-18 13:06:00
512901,16161,2010-06-18 13:19:00
512902,12412,2010-06-18 13:22:00
512903,16156,2010-06-18 13:43:00
512904,12982,2010-06-18 13:51:00
512905,14825,2010-06-18 14:01:00
512906,17349,2010-06-18 14:08:00
512907,12932,2010-06-18 14:22:00
512909,16883,2010-06-18 14:47:00
512910,13705,2010-06-18 14:47:00
512912,16094,2010-06-18 14:57:00
512914,15538,2010-06-18 15:08:00
512915,14840,2010-06-18 15:42:00
512916,13327,2010-06-18 15:44:00
512917,14962,2010-06-18 15:57:00
512919,18044,2010-06-18 16:17:00
512920,17883,2010-06-18 16:36:00
512921,17883,2010-06-18 16:40:00
512922,13676,2010-06-18 17:30:00
512923,12843,2010-06-20 10:10:00
512924,14156,2010-06-20 10:47:00
512925,15716,2010-06-20 10:47:00
512926,15538,2010-06-20 10:49:00
512927,16326,2010-06-20 10:55:00
512929,16710,2010-06-20 11:50:00
512930,12621,2010-06-20 12:09:00
512931,15581,2010-06-20 12:13:00
512932,16486,2010-06-20 12:16:00
512933,17157,2010-06-20 13:06:00
512934,13408,2010-06-20 13:08:00
512935,18128,2010-06-20 13:19:00
512936,14607,2010-06-20 13:22:00
512937,13634,2010-06-20 13:28:00
512938,14145,2010-06-20 13:28:00
512939,17618,2010-06-20 13:43:00
512940,13089,2010-06-20 13:43:00
512941,15247,2010-06-20 14:08:00
512942,16756,2010-06-20 14:29:00
512943,17623,2010-06-20 14:38:00
512944,16390,2010-06-20 15:00:00
512945,16119,2010-06-20 15:21:00
512946,17625,2010-06-20 15:32:00
512947,13719,2010-06-20 15:53:00
512948,13230,2010-06-20 15:58:00
512949,15555,2010-06-20 16:06:00
512950,17593,2010-06-21 09:26:00
512951,16739,2010-06-21 09:38:00
512952,16456,2010-06-21 09:56:00
512953,16390,2010-06-21 10:11:00
512954,15786,2010-06-21 10:13:00
512955,12469,2010-06-21 10:30:00
512956,14338,2010-06-21 10:32:00
513014,16125,2010-06-21 11:37:00
513015,15819,2010-06-21 11:38:00
513016,15039,2010-06-21 11:38:00
513017,15845,2010-06-21 11:40:00
513018,14593,2010-06-21 11:42:00
513019,14593,2010-06-21 11:55:00
513020,13707,2010-06-21 11:57:00
513021,16815,2010-06-21 12:05:00
513022,16623,2010-06-21 12:11:00
513023,12748,2010-06-21 12:17:00
513024,15126,2010-06-21 12:31:00
513037,12971,2010-06-21 12:51:00
513047,17841,2010-06-21 12:56:00
513048,16391,2010-06-21 13:04:00
513049,13911,2010-06-21 13:12:00
513050,14493,2010-06-21 13:18:00
513051,18245,2010-06-21 13:22:00
513052,16992,2010-06-21 13:28:00
513053,16062,2010-06-21 13:32:00
513054,13993,2010-06-21 13:35:00
513055,18245,2010-06-21 13:45:00
513056,13334,2010-06-21 13:52:00
513057,16315,2010-06-21 13:53:00
513058,16503,2010-06-21 14:07:00
513065,15850,2010-06-21 14:14:00
513072,17137,2010-06-21 14:19:00
513080,13982,2010-06-21 14:25:00
513095,15122,2010-06-21 14:49:00
513096,15747,2010-06-21 14:49:00
513097,15122,2010-06-21 14:50:00
513101,16860,2010-06-21 15:51:00
513108,14204,2010-06-21 16:04:00
513109,17192,2010-06-21 16:07:00
513110,16011,2010-06-21 16:10:00
513111,13421,2010-06-21 16:23:00
513112,17338,2010-06-21 16:28:00
513114,17646,2010-06-22 08:59:00
513115,13141,2010-06-22 09:04:00
513116,13141,2010-06-22 09:05:00
513117,14211,2010-06-22 09:37:00
513118,14211,2010-06-22 09:39:00
513119,17888,2010-06-22 09:45:00
513120,13192,2010-06-22 09:51:00
513121,13192,2010-06-22 09:52:00
513122,12634,2010-06-22 10:05:00
513123,12359,2010-06-22 10:24:00
513124,15081,2010-06-22 10:25:00
513147,12774,2010-06-22 10:38:00
513161,13510,2010-06-22 10:51:00
513162,13510,2010-06-22 10:52:00
513163,16883,2010-06-22 10:55:00
513164,16467,2010-06-22 11:21:00
513165,15361,2010-06-22 11:35:00
513166,16948,2010-06-22 11:48:00
513167,14911,2010-06-22 11:49:00
513168,16458,2010-06-22 11:59:00
513169,16365,2010-06-22 12:08:00
513170,16174,2010-06-22 12:13:00
513171,13097,2010-06-22 12:14:00
513172,12785,2010-06-22 12:16:00
513176,16631,2010-06-22 12:30:00
513182,18214,2010-06-22 12:57:00
513183,13760,2010-06-22 13:19:00
513184,16748,2010-06-22 13:23:00
513186,16227,2010-06-22 13:28:00
513187,15129,2010-06-22 14:00:00
513188,12724,2010-06-22 14:00:00
513189,16105,2010-06-22 14:19:00
513190,16894,2010-06-22 14:21:00
513191,15809,2010-06-22 14:23:00
513192,16894,2010-06-22 14:26:00
513194,14680,2010-06-22 14:45:00
513195,14874,2010-06-22 14:58:00
513196,13539,2010-06-22 15:28:00
513197,15827,2010-06-22 15:50:00
513201,14793,2010-06-22 16:54:00
513202,14682,2010-06-22 17:06:00
513203,14911,2010-06-23 08:14:00
513204,13431,2010-06-23 08:35:00
513205,17519,2010-06-23 08:43:00
513206,16680,2010-06-23 09:30:00
513207,15199,2010-06-23 09:32:00
513208,13611,2010-06-23 09:37:00
513209,15769,2010-06-23 09:46:00
513210,16325,2010-06-23 09:52:00
513211,16029,2010-06-23 10:07:00
513212,16029,2010-06-23 10:09:00
513213,17422,2010-06-23 10:19:00
513231,17596,2010-06-23 10:43:00
513248,12792,2010-06-23 10:49:00
513251,14624,2010-06-23 10:49:00
513259,15785,2010-06-23 10:53:00
513260,12810,2010-06-23 10:53:00
513262,17380,2010-06-23 11:24:00
513263,14725,2010-06-23 11:34:00
513264,17310,2010-06-23 11:38:00
513265,14725,2010-06-23 11:39:00
513266,15002,2010-06-23 11:46:00
513267,17382,2010-06-23 11:54:00
513268,15920,2010-06-23 12:07:00
513269,18226,2010-06-23 12:23:00
513270,14911,2010-06-23 12:31:00
513271,13942,2010-06-23 12:35:00
513272,16422,2010-06-23 12:39:00
513273,16422,2010-06-23 12:40:00
513274,13715,2010-06-23 12:41:00
513275,12379,2010-06-23 12:49:00
513276,14543,2010-06-23 12:53:00
513277,16825,2010-06-23 13:14:00
513278,13249,2010-06-23 13:16:00
513279,16180,2010-06-23 13:19:00
513280,14509,2010-06-23 13:21:00
513281,16180,2010-06-23 13:21:00
513283,17414,2010-06-23 13:36:00
513284,15173,2010-06-23 13:44:00
513285,12747,2010-06-23 14:07:00
513286,13324,2010-06-23 14:10:00
513287,16525,2010-06-23 14:11:00
513292,14621,2010-06-23 14:14:00
513305,15248,2010-06-23 14:34:00
513306,12748,2010-06-23 14:41:00
513307,15738,2010-06-23 14:49:00
513309,14623,2010-06-23 14:59:00
513310,12431,2010-06-23 15:00:00
513312,14798,2010-06-23 15:40:00
513313,15141,2010-06-23 15:43:00
513315,15991,2010-06-23 15:50:00
513316,14911,2010-06-23 16:03:00
513318,17304,2010-06-23 16:23:00
513319,15913,2010-06-23 16:31:00
513323,18041,2010-06-23 16:40:00
513324,17345,2010-06-23 16:52:00
513325,17345,2010-06-23 16:54:00
513326,16918,2010-06-23 17:04:00
513327,17961,2010-06-23 17:05:00
513329,14634,2010-06-23 17:26:00
513330,17092,2010-06-23 17:28:00
513331,18102,2010-06-23 17:35:00
513332,14790,2010-06-24 09:06:00
513334,12437,2010-06-24 09:29:00
513335,17686,2010-06-24 09:49:00
513336,12705,2010-06-24 09:51:00
513337,13662,2010-06-24 09:57:00
513338,13093,2010-06-24 09:58:00
513339,13662,2010-06-24 09:58:00
513340,13104,2010-06-24 10:02:00
513341,14282,2010-06-24 10:07:00
513342,15251,2010-06-24 10:09:00
513343,17127,2010-06-24 10:25:00
513344,14566,2010-06-24 10:34:00
513345,16683,2010-06-24 10:36:00
513349,14606,2010-06-24 11:28:00
513372,14911,2010-06-24 11:35:00
513393,16168,2010-06-24 11:42:00
513402,17582,2010-06-24 11:51:00
513409,17696,2010-06-24 12:10:00
513410,15051,2010-06-24 12:11:00
513413,13778,2010-06-24 12:13:00
513415,14492,2010-06-24 12:21:00
513416,13089,2010-06-24 12:34:00
513417,17696,2010-06-24 12:35:00
513419,14732,2010-06-24 12:37:00
513420,17696,2010-06-24 12:38:00
513422,14527,2010-06-24 12:49:00
513425,13057,2010-06-24 13:00:00
513426,17142,2010-06-24 13:01:00
513428,13050,2010-06-24 13:03:00
513431,13771,2010-06-24 13:42:00
513432,15717,2010-06-24 13:43:00
513434,14562,2010-06-24 13:56:00
513436,13203,2010-06-24 14:05:00
513437,15858,2010-06-24 14:09:00
513438,12779,2010-06-24 14:13:00
513440,14583,2010-06-24 14:34:00
513452,15125,2010-06-24 15:19:00
513454,15125,2010-06-24 15:20:00
513455,15125,2010-06-24 15:21:00
513456,13199,2010-06-24 15:21:00
513457,17389,2010-06-24 15:26:00
513458,15768,2010-06-24 15:45:00
513460,15981,2010-06-24 15:49:00
513461,15043,2010-06-24 15:50:00
513468,12741,2010-06-24 16:24:00
513469,17099,2010-06-24 16:25:00
513487,13208,2010-06-24 18:06:00
513491,15240,2010-06-25 09:30:00
513492,16883,2010-06-25 09:36:00
513493,16883,2010-06-25 09:37:00
513494,16992,2010-06-25 10:10:00
513495,16161,2010-06-25 10:11:00
513496,14401,2010-06-25 10:17:00
513498,14911,2010-06-25 10:22:00
513539,15674,2010-06-25 11:27:00
513540,15629,2010-06-25 11:39:00
513541,12835,2010-06-25 11:49:00
513542,16779,2010-06-25 11:57:00
513543,14648,2010-06-25 12:05:00
513544,14648,2010-06-25 12:07:00
513545,14326,2010-06-25 12:10:00
513551,17377,2010-06-25 12:42:00
513553,16841,2010-06-25 12:57:00
513554,13324,2010-06-25 13:01:00
513555,13291,2010-06-25 13:17:00
513556,13999,2010-06-25 13:19:00
513557,16497,2010-06-25 13:26:00
513558,17138,2010-06-25 13:27:00
513559,17804,2010-06-25 13:35:00
513560,13564,2010-06-25 13:37:00
513561,13564,2010-06-25 13:40:00
513562,17965,2010-06-25 13:59:00
513563,12986,2010-06-25 14:02:00
513564,17050,2010-06-25 14:15:00
513565,16422,2010-06-25 14:15:00
513566,17364,2010-06-25 14:15:00
513567,14798,2010-06-25 14:15:00
513568,12921,2010-06-25 14:23:00
513569,16961,2010-06-25 14:36:00
513570,18168,2010-06-25 14:46:00
513572,13856,2010-06-25 15:03:00
513573,15824,2010-06-25 15:10:00
513575,12928,2010-06-25 15:18:00
513576,16539,2010-06-25 15:24:00
513577,13468,2010-06-25 15:40:00
513578,15779,2010-06-25 15:55:00
513581,15660,2010-06-25 16:42:00
513584,17243,2010-06-27 10:01:00
513585,14538,2010-06-27 10:23:00
513586,15580,2010-06-27 10:38:00
513589,14970,2010-06-27 10:48:00
513591,14970,2010-06-27 10:49:00
513592,14275,2010-06-27 10:51:00
513593,15569,2010-06-27 10:54:00
513594,16782,2010-06-27 10:54:00
513596,16258,2010-06-27 11:15:00
513597,16858,2010-06-27 11:16:00
513598,13542,2010-06-27 11:18:00
513599,16777,2010-06-27 11:20:00
513600,18214,2010-06-27 11:21:00
513601,15260,2010-06-27 11:27:00
513602,14058,2010-06-27 11:29:00
513604,13861,2010-06-27 11:37:00
513605,13230,2010-06-27 11:45:00
513606,15144,2010-06-27 11:47:00
513607,13802,2010-06-27 11:59:00
513608,15547,2010-06-27 12:01:00
513609,14606,2010-06-27 12:07:00
513611,18260,2010-06-27 12:13:00
513612,14199,2010-06-27 12:13:00
513613,15102,2010-06-27 12:16:00
513614,17618,2010-06-27 12:19:00
513615,15998,2010-06-27 12:25:00
513616,16059,2010-06-27 12:27:00
513617,16950,2010-06-27 12:32:00
513618,13585,2010-06-27 12:33:00
513619,16453,2010-06-27 12:46:00
513620,14532,2010-06-27 12:51:00
513621,13414,2010-06-27 12:54:00
513622,16563,2010-06-27 12:59:00
513623,14867,2010-06-27 13:00:00
513624,14492,2010-06-27 13:00:00
513625,14505,2010-06-27 13:09:00
513626,17364,2010-06-27 13:11:00
513627,17194,2010-06-27 13:16:00
513628,14505,2010-06-27 13:17:00
513629,17561,2010-06-27 13:25:00
513630,17372,2010-06-27 13:25:00
513631,12951,2010-06-27 13:26:00
513632,15264,2010-06-27 13:29:00
513633,16529,2010-06-27 13:29:00
513634,17812,2010-06-27 13:34:00
513635,16701,2010-06-27 13:40:00
513636,17905,2010-06-27 13:43:00
513637,17640,2010-06-27 13:43:00
513638,16168,2010-06-27 13:49:00
513639,17001,2010-06-27 14:38:00
513640,17001,2010-06-27 14:40:00
513641,16838,2010-06-27 14:49:00
513642,14676,2010-06-27 15:24:00
513643,13057,2010-06-27 15:44:00
513644,17096,2010-06-27 15:50:00
513646,16746,2010-06-28 08:24:00
513647,14646,2010-06-28 08:28:00
513648,14341,2010-06-28 08:31:00
513649,14646,2010-06-28 08:34:00
513650,17091,2010-06-28 09:32:00
513651,14045,2010-06-28 09:33:00
513652,14437,2010-06-28 09:47:00
513653,16754,2010-06-28 09:55:00
513656,13911,2010-06-28 10:11:00
513657,16733,2010-06-28 10:12:00
513658,17389,2010-06-28 10:18:00
513659,14769,2010-06-28 10:19:00
513660,17863,2010-06-28 10:30:00
513661,14947,2010-06-28 10:34:00
513662,16138,2010-06-28 10:36:00
513663,12935,2010-06-28 10:39:00
513664,16040,2010-06-28 10:52:00
513665,17437,2010-06-28 11:11:00
513666,14534,2010-06-28 11:24:00
513667,15523,2010-06-28 11:26:00
513669,15694,2010-06-28 11:30:00
513670,15581,2010-06-28 11:36:00
513674,16012,2010-06-28 11:39:00
513708,15953,2010-06-28 11:50:00
513709,12980,2010-06-28 11:50:00
513712,13129,2010-06-28 11:54:00
513713,17578,2010-06-28 11:55:00
513714,17841,2010-06-28 11:57:00
513732,15791,2010-06-28 12:04:00
513744,14295,2010-06-28 12:22:00
513747,16571,2010-06-28 12:27:00
513750,17019,2010-06-28 12:38:00
513751,13123,2010-06-28 12:43:00
513752,17068,2010-06-28 12:47:00
513761,17448,2010-06-28 12:57:00
513762,12451,2010-06-28 12:58:00
513763,12784,2010-06-28 13:06:00
513766,15882,2010-06-28 13:28:00
513767,16754,2010-06-28 13:30:00
513768,17667,2010-06-28 13:43:00
513769,12701,2010-06-28 13:44:00
513770,17669,2010-06-28 13:47:00
513772,17259,2010-06-28 13:52:00
513773,13831,2010-06-28 13:53:00
513774,12346,2010-06-28 13:53:00
513775,17448,2010-06-28 13:58:00
513776,16754,2010-06-28 14:01:00
513777,15489,2010-06-28 14:02:00
513778,17326,2010-06-28 14:05:00
513779,14282,2010-06-28 14:06:00
513781,13798,2010-06-28 14:30:00
513782,14915,2010-06-28 14:31:00
513783,18008,2010-06-28 14:33:00
513784,12741,2010-06-28 14:36:00
513785,16168,2010-06-28 14:40:00
513786,18041,2010-06-28 15:05:00
513787,14651,2010-06-28 15:05:00
513788,13152,2010-06-28 15:19:00
513789,12485,2010-06-28 15:22:00
513790,13069,2010-06-28 15:26:00
513791,18036,2010-06-28 15:29:00
513792,14020,2010-06-28 15:29:00
513793,17576,2010-06-28 15:31:00
513794,13859,2010-06-28 15:36:00
513795,12527,2010-06-28 15:37:00
513796,12799,2010-06-28 15:57:00
513797,16499,2010-06-28 16:07:00
513799,14182,2010-06-28 16:42:00
513800,14025,2010-06-29 08:04:00
513801,13577,2010-06-29 08:28:00
513802,14110,2010-06-29 08:37:00
513803,16754,2010-06-29 09:06:00
513804,16754,2010-06-29 09:07:00
513805,16197,2010-06-29 09:07:00
513809,12682,2010-06-29 09:28:00
513810,14156,2010-06-29 09:32:00
513811,14735,2010-06-29 09:39:00
513812,14477,2010-06-29 09:44:00
513813,13023,2010-06-29 09:51:00
513814,15544,2010-06-29 09:59:00
513815,12647,2010-06-29 09:59:00
513816,16835,2010-06-29 10:06:00
513817,14835,2010-06-29 10:08:00
513818,14735,2010-06-29 10:15:00
513819,13223,2010-06-29 10:30:00
513820,12567,2010-06-29 10:35:00
513822,13939,2010-06-29 10:38:00
513827,13715,2010-06-29 10:52:00
513830,13089,2010-06-29 10:54:00
513847,13089,2010-06-29 11:01:00
513853,13089,2010-06-29 11:03:00
513854,17377,2010-06-29 11:10:00
513855,15078,2010-06-29 11:23:00
513856,15078,2010-06-29 11:25:00
513857,13089,2010-06-29 11:29:00
513858,13299,2010-06-29 11:30:00
513859,13089,2010-06-29 11:31:00
513862,13059,2010-06-29 11:33:00
513876,12471,2010-06-29 11:55:00
513878,16103,2010-06-29 11:56:00
513879,12471,2010-06-29 11:56:00
513902,17342,2010-06-29 12:07:00
513915,17884,2010-06-29 12:10:00
513919,15769,2010-06-29 12:11:00
513922,17884,2010-06-29 12:19:00
513926,14774,2010-06-29 12:26:00
513934,14224,2010-06-29 12:30:00
513936,16923,2010-06-29 12:39:00
513937,14006,2010-06-29 12:43:00
513938,13089,2010-06-29 12:45:00
513939,13562,2010-06-29 12:50:00
513940,12788,2010-06-29 13:05:00
513941,12529,2010-06-29 13:10:00
513943,14040,2010-06-29 13:13:00
513945,13001,2010-06-29 13:20:00
513948,14389,2010-06-29 13:46:00
513949,17191,2010-06-29 13:49:00
513950,15425,2010-06-29 13:52:00
513952,14049,2010-06-29 14:11:00
513953,14426,2010-06-29 14:14:00
513956,15808,2010-06-29 14:49:00
513958,16680,2010-06-29 14:52:00
513959,13620,2010-06-29 15:02:00
513960,15430,2010-06-29 15:04:00
513961,15005,2010-06-29 15:15:00
513963,13694,2010-06-29 15:17:00
513964,12380,2010-06-29 15:17:00
513965,12380,2010-06-29 15:28:00
513967,12380,2010-06-29 15:34:00
513968,18225,2010-06-29 15:48:00
513970,17332,2010-06-29 16:10:00
513971,12695,2010-06-29 16:12:00
513972,15532,2010-06-29 16:13:00
513973,13027,2010-06-29 16:28:00
513974,16176,2010-06-29 16:36:00
513975,13451,2010-06-29 16:43:00
513984,14180,2010-06-30 08:25:00
513987,12415,2010-06-30 08:30:00
513990,16754,2010-06-30 08:34:00
513991,14092,2010-06-30 08:35:00
513992,16754,2010-06-30 08:36:00
513993,17949,2010-06-30 08:41:00
513995,13813,2010-06-30 08:50:00
513996,15842,2010-06-30 09:06:00
513998,16556,2010-06-30 09:12:00
514002,17155,2010-06-30 09:24:00
514004,14156,2010-06-30 09:37:00
514005,13446,2010-06-30 09:40:00
514008,16170,2010-06-30 09:50:00
514009,15755,2010-06-30 10:03:00
514013,13214,2010-06-30 10:20:00
514015,13752,2010-06-30 10:23:00
514016,15251,2010-06-30 10:23:00
514018,13739,2010-06-30 10:25:00
514019,14422,2010-06-30 10:27:00
514021,17508,2010-06-30 10:45:00
514022,15039,2010-06-30 11:06:00
514023,14530,2010-06-30 11:08:00
514026,17676,2010-06-30 11:32:00
514036,15615,2010-06-30 11:38:00
514047,16686,2010-06-30 11:43:00
514058,17578,2010-06-30 11:49:00
514059,17389,2010-06-30 11:49:00
514061,13078,2010-06-30 11:56:00
514063,12708,2010-06-30 11:57:00
514064,14398,2010-06-30 11:57:00
514082,16684,2010-06-30 12:02:00
514085,17666,2010-06-30 12:03:00
514087,16684,2010-06-30 12:04:00
514091,16684,2010-06-30 12:05:00
514092,14205,2010-06-30 12:06:00
514096,17531,2010-06-30 12:17:00
514098,13097,2010-06-30 12:30:00
514105,16814,2010-06-30 12:35:00
514106,18053,2010-06-30 12:36:00
514107,14606,2010-06-30 12:40:00
514108,13756,2010-06-30 12:47:00
514114,14555,2010-06-30 12:49:00
514116,16592,2010-06-30 12:52:00
514117,16592,2010-06-30 12:53:00
514119,14217,2010-06-30 12:54:00
514126,17602,2010-06-30 13:03:00
514127,15447,2010-06-30 13:06:00
514129,16098,2010-06-30 13:13:00
514130,15486,2010-06-30 13:15:00
514131,13269,2010-06-30 13:17:00
514132,13269,2010-06-30 13:18:00
514134,14584,2010-06-30 13:28:00
514136,16071,2010-06-30 13:41:00
514137,17923,2010-06-30 13:41:00
514138,14911,2010-06-30 13:43:00
514140,17748,2010-06-30 13:49:00
514141,15581,2010-06-30 13:50:00
514152,13814,2010-06-30 14:12:00
514155,14825,2010-06-30 14:18:00
514157,14911,2010-06-30 14:20:00
514160,14609,2010-06-30 14:55:00
514161,13875,2010-06-30 15:18:00
514163,16283,2010-06-30 15:34:00
514164,13872,2010-06-30 15:35:00
514165,12714,2010-06-30 15:35:00
514166,14754,2010-06-30 15:41:00
514184,13319,2010-06-30 15:52:00
514188,13319,2010-06-30 15:53:00
514203,17931,2010-06-30 16:14:00
514204,15039,2010-06-30 16:14:00
514208,13649,2010-06-30 16:35:00
514209,18215,2010-06-30 16:37:00
514210,18231,2010-06-30 16:37:00
514211,13589,2010-06-30 16:51:00
514212,14882,2010-06-30 17:04:00
514217,17029,2010-07-01 08:39:00
514218,14911,2010-07-01 08:57:00
514219,12575,2010-07-01 09:15:00
514220,17146,2010-07-01 09:36:00
514221,12653,2010-07-01 09:56:00
514222,13021,2010-07-01 09:59:00
514224,15852,2010-07-01 10:16:00
514225,14299,2010-07-01 10:21:00
514226,12468,2010-07-01 10:28:00
514231,17572,2010-07-01 10:33:00
514235,17382,2010-07-01 10:35:00
514244,17083,2010-07-01 10:41:00
514254,13984,2010-07-01 10:44:00
514271,15081,2010-07-01 10:51:00
514272,17239,2010-07-01 10:53:00
514274,16883,2010-07-01 11:20:00
514276,14113,2010-07-01 11:35:00
514277,16190,2010-07-01 11:37:00
514278,15888,2010-07-01 11:51:00
514279,14451,2010-07-01 11:59:00
514280,13081,2010-07-01 11:59:00
514281,15628,2010-07-01 12:02:00
514288,17176,2010-07-01 12:11:00
514289,13735,2010-07-01 12:12:00
514293,18109,2010-07-01 12:13:00
514295,17651,2010-07-01 12:17:00
514296,13650,2010-07-01 12:25:00
514297,15179,2010-07-01 12:26:00
514298,13302,2010-07-01 12:32:00
514299,14590,2010-07-01 12:33:00
514300,15851,2010-07-01 12:34:00
514302,14527,2010-07-01 12:43:00
514304,12823,2010-07-01 12:48:00
514305,17675,2010-07-01 12:51:00
514306,16926,2010-07-01 12:57:00
514308,14952,2010-07-01 13:12:00
514310,12765,2010-07-01 13:14:00
514311,14755,2010-07-01 13:17:00
514312,12662,2010-07-01 13:25:00
514313,14709,2010-07-01 13:30:00
514314,14139,2010-07-01 13:33:00
514316,16654,2010-07-01 13:37:00
514317,16809,2010-07-01 13:42:00
514318,16743,2010-07-01 13:43:00
514319,12576,2010-07-01 13:46:00
514321,15013,2010-07-01 14:11:00
514322,14135,2010-07-01 14:11:00
514323,13659,2010-07-01 14:12:00
514324,16011,2010-07-01 14:13:00
514325,15361,2010-07-01 14:15:00
514328,17913,2010-07-01 14:24:00
514329,13503,2010-07-01 14:27:00
514330,14849,2010-07-01 14:28:00
514331,14051,2010-07-01 14:28:00
514333,14849,2010-07-01 14:30:00
514334,13292,2010-07-01 14:36:00
514335,13439,2010-07-01 14:36:00
514336,17187,2010-07-01 14:38:00
514337,16359,2010-07-01 14:39:00
514339,15062,2010-07-01 14:49:00
514342,13408,2010-07-01 15:07:00
514343,17227,2010-07-01 15:08:00
514344,14540,2010-07-01 15:08:00
514345,13963,2010-07-01 15:25:00
514346,14134,2010-07-01 15:29:00
514347,13557,2010-07-01 15:33:00
514348,18217,2010-07-01 15:39:00
514349,18061,2010-07-01 15:46:00
514350,13317,2010-07-01 15:48:00
514351,17080,2010-07-01 16:03:00
514352,17848,2010-07-01 16:11:00
514355,17589,2010-07-01 16:48:00
514356,17635,2010-07-01 16:50:00
514358,15625,2010-07-01 17:25:00
514359,16907,2010-07-01 17:30:00
514360,13004,2010-07-01 17:48:00
514362,14154,2010-07-01 17:54:00
514364,17851,2010-07-01 18:12:00
514365,13468,2010-07-01 18:25:00
514366,13969,2010-07-01 19:05:00
514367,15015,2010-07-01 19:16:00
514369,12477,2010-07-02 08:26:00
514370,14693,2010-07-02 08:28:00
514371,12422,2010-07-02 09:27:00
514373,18065,2010-07-02 09:46:00
514374,13394,2010-07-02 09:47:00
514375,16701,2010-07-02 09:51:00
514376,18230,2010-07-02 10:01:00
514377,17734,2010-07-02 10:01:00
514378,15885,2010-07-02 10:07:00
514379,15218,2010-07-02 10:23:00
514383,17236,2010-07-02 11:27:00
514386,18053,2010-07-02 11:42:00
514387,12633,2010-07-02 11:44:00
514389,17949,2010-07-02 11:51:00
514391,12921,2010-07-02 11:59:00
514393,16571,2010-07-02 12:00:00
514394,12921,2010-07-02 12:00:00
514395,15498,2010-07-02 12:03:00
514396,14699,2010-07-02 12:04:00
514397,16779,2010-07-02 12:13:00
514461,17841,2010-07-02 12:41:00
514462,14963,2010-07-02 12:43:00
514463,17428,2010-07-02 12:45:00
514464,17428,2010-07-02 12:47:00
514465,13113,2010-07-02 12:49:00
514466,14606,2010-07-02 12:51:00
514467,15034,2010-07-02 12:55:00
514468,16401,2010-07-02 12:59:00
514469,12748,2010-07-02 13:04:00
514470,17644,2010-07-02 13:24:00
514471,12748,2010-07-02 13:25:00
514479,13246,2010-07-02 13:36:00
514480,16409,2010-07-02 14:15:00
514481,14210,2010-07-02 14:37:00
514483,17850,2010-07-02 14:39:00
514484,12422,2010-07-02 14:39:00
514486,12422,2010-07-02 14:41:00
514487,18002,2010-07-02 14:46:00
514488,17988,2010-07-02 15:09:00
514490,12409,2010-07-02 15:10:00
514491,17988,2010-07-02 15:17:00
514492,17850,2010-07-02 15:29:00
514493,17850,2010-07-02 15:55:00
514495,14366,2010-07-02 17:23:00
514496,17021,2010-07-04 10:30:00
514497,16782,2010-07-04 10:36:00
514498,16782,2010-07-04 10:45:00
514499,14896,2010-07-04 10:55:00
514500,13542,2010-07-04 10:58:00
514502,12843,2010-07-04 11:12:00
514503,15443,2010-07-04 11:16:00
514504,13782,2010-07-04 11:20:00
514505,17201,2010-07-04 11:40:00
514506,13125,2010-07-04 11:58:00
514507,14415,2010-07-04 12:34:00
514508,13093,2010-07-04 13:07:00
514509,15369,2010-07-04 13:10:00
514510,14647,2010-07-04 13:27:00
514511,16032,2010-07-04 13:31:00
514512,14247,2010-07-04 13:33:00
514513,13029,2010-07-04 13:46:00
514514,15976,2010-07-04 13:59:00
514515,14828,2010-07-04 14:13:00
514516,17406,2010-07-04 14:27:00
514517,13089,2010-07-04 15:36:00
514518,17850,2010-07-05 09:01:00
514519,17850,2010-07-05 09:20:00
514520,17850,2010-07-05 09:27:00
514521,13694,2010-07-05 09:33:00
514523,17850,2010-07-05 09:38:00
514524,14655,2010-07-05 09:45:00
514525,13629,2010-07-05 09:45:00
514527,17960,2010-07-05 09:56:00
514529,12681,2010-07-05 09:58:00
514530,17850,2010-07-05 09:59:00
514531,17850,2010-07-05 10:02:00
514533,16974,2010-07-05 10:18:00
514534,17850,2010-07-05 10:29:00
514537,15291,2010-07-05 10:38:00
514540,17850,2010-07-05 10:42:00
514542,18179,2010-07-05 10:48:00
514544,17238,2010-07-05 10:50:00
514545,17850,2010-07-05 10:50:00
514551,17376,2010-07-05 11:11:00
514552,16161,2010-07-05 11:13:00
514553,14710,2010-07-05 11:15:00
514554,15885,2010-07-05 11:17:00
514555,17850,2010-07-05 11:20:00
514556,17850,2010-07-05 11:26:00
514558,17850,2010-07-05 11:38:00
514559,17850,2010-07-05 11:39:00
514563,15039,2010-07-05 11:48:00
514565,17850,2010-07-05 11:54:00
514567,15627,2010-07-05 11:56:00
514573,17961,2010-07-05 12:00:00
514583,17949,2010-07-05 12:06:00
514597,13041,2010-07-05 12:09:00
514599,12755,2010-07-05 12:13:00
514600,17850,2010-07-05 12:15:00
514601,17850,2010-07-05 12:16:00
514613,18172,2010-07-05 12:25:00
514630,16458,2010-07-05 12:34:00
514639,14680,2010-07-05 12:38:00
514643,12469,2010-07-05 12:40:00
514660,15678,2010-07-05 12:49:00
514661,14701,2010-07-05 12:50:00
514662,14701,2010-07-05 12:53:00
514664,17774,2010-07-05 13:03:00
514665,16110,2010-07-05 13:04:00
514666,16493,2010-07-05 13:05:00
514667,15969,2010-07-05 13:10:00
514668,17867,2010-07-05 13:14:00
514669,17080,2010-07-05 13:15:00
514670,15611,2010-07-05 13:15:00
514671,16177,2010-07-05 13:20:00
514672,17464,2010-07-05 13:24:00
514673,17491,2010-07-05 13:26:00
514675,13069,2010-07-05 13:28:00
514676,14606,2010-07-05 13:34:00
514677,12953,2010-07-05 13:37:00
514678,15768,2010-07-05 13:38:00
514679,16705,2010-07-05 13:46:00
514680,16444,2010-07-05 13:53:00
514681,16158,2010-07-05 13:55:00
514682,12693,2010-07-05 13:56:00
514685,15076,2010-07-05 14:11:00
514686,17742,2010-07-05 14:14:00
514688,16668,2010-07-05 14:39:00
514690,17068,2010-07-05 14:41:00
514691,17469,2010-07-05 14:43:00
514692,12500,2010-07-05 14:47:00
514693,17287,2010-07-05 14:48:00
514694,17757,2010-07-05 14:58:00
514695,13798,2010-07-05 15:04:00
514696,14900,2010-07-05 15:09:00
514697,18258,2010-07-05 15:09:00
514703,17307,2010-07-05 15:20:00
514705,16558,2010-07-05 15:21:00
514714,14918,2010-07-05 15:42:00
514715,17218,2010-07-05 16:05:00
514716,15253,2010-07-05 16:07:00
514719,13450,2010-07-05 16:33:00
514720,14911,2010-07-05 16:35:00
514721,15311,2010-07-05 16:48:00
514722,17589,2010-07-05 16:59:00
514723,14818,2010-07-05 17:28:00
514724,16503,2010-07-06 08:46:00
514725,16497,2010-07-06 09:06:00
514726,14898,2010-07-06 09:12:00
514727,17679,2010-07-06 09:39:00
514729,15061,2010-07-06 09:52:00
514730,14609,2010-07-06 09:53:00
514731,15061,2010-07-06 09:53:00
514732,15061,2010-07-06 09:56:00
514734,14679,2010-07-06 09:58:00
514736,16746,2010-07-06 09:59:00
514744,14228,2010-07-06 10:07:00
514759,16570,2010-07-06 10:12:00
514774,14911,2010-07-06 10:22:00
514785,13082,2010-07-06 10:31:00
514797,16422,2010-07-06 10:37:00
514800,15650,2010-07-06 10:41:00
514801,16576,2010-07-06 10:42:00
514802,13963,2010-07-06 10:48:00
514803,17901,2010-07-06 10:54:00
514805,17901,2010-07-06 11:05:00
514806,16393,2010-07-06 11:21:00
514807,12835,2010-07-06 11:29:00
514808,12403,2010-07-06 11:39:00
514809,12678,2010-07-06 11:44:00
514810,12431,2010-07-06 11:56:00
514811,15738,2010-07-06 11:58:00
514812,17377,2010-07-06 12:01:00
514813,17377,2010-07-06 12:06:00
514814,12402,2010-07-06 12:15:00
514823,12730,2010-07-06 12:19:00
514824,17651,2010-07-06 12:21:00
514825,16153,2010-07-06 12:38:00
514826,14452,2010-07-06 13:13:00
514827,15841,2010-07-06 13:15:00
514828,15245,2010-07-06 13:49:00
514829,14745,2010-07-06 13:55:00
514830,12825,2010-07-06 13:56:00
514831,14745,2010-07-06 13:56:00
514834,15061,2010-07-06 14:05:00
514836,14186,2010-07-06 14:38:00
514838,14239,2010-07-06 14:44:00
514839,16126,2010-07-06 14:46:00
514840,14876,2010-07-06 14:57:00
514841,12749,2010-07-06 15:05:00
514842,13491,2010-07-06 15:12:00
514843,17730,2010-07-06 15:15:00
514844,15125,2010-07-06 15:17:00
514845,18171,2010-07-06 15:50:00
514849,17707,2010-07-06 16:13:00
514850,17145,2010-07-06 16:14:00
514851,17145,2010-07-06 16:26:00
514852,16229,2010-07-06 16:36:00
514856,13909,2010-07-06 16:52:00
514857,15879,2010-07-06 17:30:00
514858,14279,2010-07-07 08:42:00
514859,13798,2010-07-07 08:44:00
514860,13199,2010-07-07 08:46:00
514861,13327,2010-07-07 09:29:00
514862,16859,2010-07-07 09:36:00
514863,16859,2010-07-07 09:37:00
514864,12632,2010-07-07 09:39:00
514865,15137,2010-07-07 09:41:00
514866,14016,2010-07-07 09:42:00
514867,12583,2010-07-07 09:49:00
514869,14748,2010-07-07 09:55:00
514870,16029,2010-07-07 09:56:00
514871,16029,2010-07-07 09:58:00
514872,16186,2010-07-07 10:25:00
514874,14154,2010-07-07 10:26:00
514875,17381,2010-07-07 10:31:00
514876,17511,2010-07-07 10:33:00
514877,13798,2010-07-07 10:37:00
514938,16700,2010-07-07 11:25:00
514940,16883,2010-07-07 11:31:00
514943,14715,2010-07-07 11:43:00
514949,12759,2010-07-07 11:53:00
514951,16443,2010-07-07 11:57:00
514954,15504,2010-07-07 12:02:00
514962,14156,2010-07-07 12:08:00
514964,15044,2010-07-07 12:08:00
514966,14770,2010-07-07 12:13:00
514967,17110,2010-07-07 12:21:00
514969,17611,2010-07-07 12:28:00
514970,15133,2010-07-07 12:31:00
514971,16209,2010-07-07 12:32:00
514972,16873,2010-07-07 12:34:00
514973,17213,2010-07-07 12:43:00
514974,14467,2010-07-07 12:45:00
514975,14199,2010-07-07 12:50:00
514976,16197,2010-07-07 12:53:00
514978,14101,2010-07-07 13:35:00
514979,14911,2010-07-07 13:38:00
514981,14530,2010-07-07 13:41:00
514982,16934,2010-07-07 13:43:00
514983,17129,2010-07-07 13:46:00
514984,17841,2010-07-07 13:50:00
514985,15494,2010-07-07 13:55:00
514989,17706,2010-07-07 14:07:00
514990,17706,2010-07-07 14:10:00
514993,13593,2010-07-07 14:32:00
514996,16422,2010-07-07 14:53:00
514998,13534,2010-07-07 15:00:00
514999,16607,2010-07-07 15:15:00
515003,16649,2010-07-07 15:41:00
515004,13288,2010-07-07 15:43:00
515005,13901,2010-07-07 15:44:00
515006,13093,2010-07-07 15:52:00
515008,15056,2010-07-07 15:58:00
515009,14175,2010-07-07 16:00:00
515010,14498,2010-07-07 16:04:00
515012,15581,2010-07-07 16:14:00
515015,16954,2010-07-07 16:50:00
515016,13677,2010-07-07 17:25:00
515017,13969,2010-07-07 17:27:00
515018,14639,2010-07-08 08:08:00
515019,12712,2010-07-08 09:00:00
515020,12399,2010-07-08 09:13:00
515021,18276,2010-07-08 09:15:00
515022,13117,2010-07-08 10:00:00
515023,16133,2010-07-08 10:02:00
515024,12975,2010-07-08 10:06:00
515025,15127,2010-07-08 10:07:00
515026,17623,2010-07-08 10:15:00
515027,17519,2010-07-08 10:24:00
515028,13102,2010-07-08 10:26:00
515029,13201,2010-07-08 10:31:00
515030,16119,2010-07-08 10:35:00
515036,17368,2010-07-08 10:44:00
515088,17988,2010-07-08 11:01:00
515091,16544,2010-07-08 11:11:00
515093,16057,2010-07-08 11:33:00
515094,17389,2010-07-08 11:40:00
515096,16539,2010-07-08 11:44:00
515097,14882,2010-07-08 11:47:00
515098,13835,2010-07-08 11:50:00
515099,13468,2010-07-08 11:54:00
515100,14527,2010-07-08 11:59:00
515107,14621,2010-07-08 12:19:00
515109,16918,2010-07-08 12:24:00
515110,13408,2010-07-08 12:27:00
515111,16266,2010-07-08 12:28:00
515112,13408,2010-07-08 12:29:00
515113,16266,2010-07-08 12:31:00
515114,13668,2010-07-08 12:32:00
515115,16383,2010-07-08 13:07:00
515116,13001,2010-07-08 13:10:00
515117,15513,2010-07-08 13:29:00
515118,12782,2010-07-08 13:31:00
515119,15518,2010-07-08 13:35:00
515121,15005,2010-07-08 13:49:00
515122,12863,2010-07-08 13:59:00
515123,12592,2010-07-08 14:06:00
515124,16008,2010-07-08 14:09:00
515126,16650,2010-07-08 14:18:00
515127,14695,2010-07-08 14:18:00
515128,12592,2010-07-08 14:18:00
515141,14692,2010-07-08 14:24:00
515146,12592,2010-07-08 14:26:00
515149,12963,2010-07-08 14:45:00
515150,18279,2010-07-08 14:48:00
515152,15681,2010-07-08 15:01:00
515154,13078,2010-07-08 15:09:00
515156,16466,2010-07-08 15:29:00
515157,13571,2010-07-08 15:30:00
515161,12841,2010-07-08 15:38:00
515165,13564,2010-07-08 16:08:00
515166,17920,2010-07-08 16:12:00
515167,13564,2010-07-08 16:14:00
515168,13564,2010-07-08 16:29:00
515174,15101,2010-07-08 16:56:00
515175,13777,2010-07-08 17:08:00
515176,13399,2010-07-08 17:47:00
515177,13997,2010-07-08 17:51:00
515178,13997,2010-07-08 18:06:00
515179,16032,2010-07-08 18:33:00
515180,16713,2010-07-08 19:05:00
515181,17231,2010-07-08 19:12:00
515182,14702,2010-07-08 19:56:00
515183,16549,2010-07-08 20:00:00
515184,12839,2010-07-09 09:03:00
515185,15141,2010-07-09 09:08:00
515187,14156,2010-07-09 09:46:00
515192,18225,2010-07-09 10:26:00
515253,18260,2010-07-09 11:43:00
515255,17228,2010-07-09 11:44:00
515257,17241,2010-07-09 11:52:00
515259,13576,2010-07-09 12:03:00
515260,12748,2010-07-09 12:17:00
515261,16814,2010-07-09 12:23:00
515265,14911,2010-07-09 12:39:00
515277,13113,2010-07-09 12:57:00
515278,18036,2010-07-09 13:19:00
515279,17492,2010-07-09 13:27:00
515280,12621,2010-07-09 13:45:00
515281,13734,2010-07-09 13:53:00
515286,15129,2010-07-09 14:55:00
515288,17865,2010-07-09 14:59:00
515290,13485,2010-07-09 15:11:00
515295,14580,2010-07-09 15:20:00
515296,13734,2010-07-09 15:20:00
515301,14031,2010-07-09 15:31:00
515303,15283,2010-07-09 15:46:00
515305,14911,2010-07-09 15:48:00
515310,15856,2010-07-09 17:17:00
515312,17243,2010-07-11 10:09:00
515313,15164,2010-07-11 10:28:00
515314,16889,2010-07-11 10:49:00
515315,12891,2010-07-11 10:52:00
515316,16693,2010-07-11 11:02:00
515317,17790,2010-07-11 11:35:00
515318,16199,2010-07-11 11:53:00
515319,17085,2010-07-11 12:00:00
515320,15965,2010-07-11 12:06:00
515321,13145,2010-07-11 12:07:00
515322,15965,2010-07-11 12:18:00
515323,16985,2010-07-11 12:34:00
515324,13595,2010-07-11 12:36:00
515326,15555,2010-07-11 12:45:00
515327,13230,2010-07-11 12:59:00
515328,14805,2010-07-11 12:59:00
515329,17802,2010-07-11 13:34:00
515330,16049,2010-07-11 13:53:00
515331,13047,2010-07-11 14:05:00
515332,13047,2010-07-11 14:06:00
515333,14516,2010-07-11 14:07:00
515334,15523,2010-07-11 14:13:00
515335,14606,2010-07-11 14:19:00
515336,17289,2010-07-11 15:06:00
515337,15796,2010-07-11 15:34:00
515338,15544,2010-07-11 15:53:00
515341,16182,2010-07-12 09:04:00
515342,12980,2010-07-12 09:07:00
515343,17847,2010-07-12 10:00:00
515344,14911,2010-07-12 10:07:00
515345,14672,2010-07-12 10:23:00
515346,14608,2010-07-12 10:24:00
515347,12472,2010-07-12 10:26:00
515348,13802,2010-07-12 10:37:00
515349,15513,2010-07-12 10:43:00
515350,13895,2010-07-12 10:46:00
515351,15101,2010-07-12 10:46:00
515352,17314,2010-07-12 10:47:00
515354,15369,2010-07-12 10:57:00
515355,15369,2010-07-12 10:58:00
515358,16650,2010-07-12 11:00:00
515367,16650,2010-07-12 11:08:00
515386,13779,2010-07-12 11:24:00
515404,17838,2010-07-12 11:45:00
515405,14608,2010-07-12 11:45:00
515406,14159,2010-07-12 11:59:00
515409,16701,2010-07-12 12:24:00
515411,14667,2010-07-12 12:44:00
515412,18238,2010-07-12 12:51:00
515415,18135,2010-07-12 12:59:00
515416,16168,2010-07-12 13:00:00
515417,14911,2010-07-12 13:02:00
515418,17841,2010-07-12 13:11:00
515419,17841,2010-07-12 13:13:00
515420,17365,2010-07-12 13:15:00
515421,17241,2010-07-12 13:15:00
515423,17143,2010-07-12 13:26:00
515424,16883,2010-07-12 13:32:00
515425,17651,2010-07-12 13:35:00
515426,17651,2010-07-12 13:38:00
515427,13044,2010-07-12 13:45:00
515428,12891,2010-07-12 13:55:00
515431,14248,2010-07-12 14:27:00
515437,17068,2010-07-12 14:52:00
515455,15673,2010-07-12 15:00:00
515457,15369,2010-07-12 15:20:00
515458,17677,2010-07-12 15:37:00
515465,14882,2010-07-12 15:52:00
515466,14882,2010-07-12 15:58:00
515469,14882,2010-07-12 16:08:00
515470,17969,2010-07-12 16:09:00
515471,17757,2010-07-12 16:14:00
515474,17950,2010-07-12 16:43:00
515475,16320,2010-07-13 09:35:00
515477,16915,2010-07-13 09:45:00
515480,17340,2010-07-13 10:17:00
515481,16271,2010-07-13 10:18:00
515484,17994,2010-07-13 10:25:00
515485,17949,2010-07-13 10:37:00
515486,16029,2010-07-13 10:39:00
515487,16029,2010-07-13 10:39:00
515502,16013,2010-07-13 10:48:00
515503,14543,2010-07-13 10:49:00
515504,16013,2010-07-13 10:51:00
515506,15039,2010-07-13 11:26:00
515507,15039,2010-07-13 11:30:00
515508,14870,2010-07-13 11:49:00
515509,14870,2010-07-13 11:52:00
515510,15563,2010-07-13 11:57:00
515511,14590,2010-07-13 11:57:00
515530,14680,2010-07-13 12:07:00
515533,15719,2010-07-13 12:08:00
515541,14069,2010-07-13 12:12:00
515568,16234,2010-07-13 12:22:00
515569,14461,2010-07-13 12:33:00
515571,17854,2010-07-13 12:38:00
515572,17854,2010-07-13 12:41:00
515575,17931,2010-07-13 12:57:00
515578,16926,2010-07-13 12:58:00
515588,14156,2010-07-13 13:11:00
515590,16469,2010-07-13 13:17:00
515591,13428,2010-07-13 13:20:00
515592,12664,2010-07-13 13:28:00
515593,16435,2010-07-13 13:29:00
515594,13428,2010-07-13 13:33:00
515595,13089,2010-07-13 13:50:00
515597,17408,2010-07-13 14:02:00
515598,14895,2010-07-13 14:07:00
515599,17773,2010-07-13 14:07:00
515600,14895,2010-07-13 14:10:00
515601,14895,2010-07-13 14:11:00
515602,14895,2010-07-13 14:15:00
515603,17873,2010-07-13 14:39:00
515604,17873,2010-07-13 14:44:00
515605,14878,2010-07-13 14:50:00
515606,17675,2010-07-13 15:06:00
515607,14512,2010-07-13 15:26:00
515610,13209,2010-07-13 15:50:00
515612,14610,2010-07-13 16:06:00
515614,12823,2010-07-13 16:36:00
515616,18172,2010-07-13 17:03:00
515617,18172,2010-07-13 17:08:00
515619,14911,2010-07-14 09:22:00
515621,14258,2010-07-14 09:54:00
515622,14258,2010-07-14 09:56:00
515624,16320,2010-07-14 10:08:00
515625,13267,2010-07-14 10:14:00
515626,13267,2010-07-14 10:16:00
515627,17096,2010-07-14 10:18:00
515629,16550,2010-07-14 10:23:00
515635,17714,2010-07-14 10:41:00
515663,16525,2010-07-14 10:50:00
515674,13013,2010-07-14 10:58:00
515677,14025,2010-07-14 11:33:00
515681,15527,2010-07-14 11:49:00
515682,15527,2010-07-14 11:52:00
515684,13050,2010-07-14 11:53:00
515685,16499,2010-07-14 11:54:00
515687,14896,2010-07-14 12:05:00
515697,14653,2010-07-14 12:19:00
515702,18217,2010-07-14 12:27:00
515703,14656,2010-07-14 12:29:00
515704,14640,2010-07-14 12:31:00
515705,16327,2010-07-14 12:32:00
515706,15061,2010-07-14 12:38:00
515707,16168,2010-07-14 12:39:00
515708,16168,2010-07-14 12:40:00
515723,14527,2010-07-14 12:46:00
515724,18123,2010-07-14 12:47:00
515733,17034,2010-07-14 12:55:00
515742,15332,2010-07-14 13:01:00
515743,13824,2010-07-14 13:04:00
515745,13971,2010-07-14 13:07:00
515749,17235,2010-07-14 13:16:00
515758,13461,2010-07-14 13:34:00
515760,13012,2010-07-14 13:40:00
515761,17377,2010-07-14 13:42:00
515762,14606,2010-07-14 13:48:00
515763,14606,2010-07-14 13:55:00
515764,14285,2010-07-14 14:07:00
515765,15311,2010-07-14 14:09:00
515766,15272,2010-07-14 14:17:00
515768,18096,2010-07-14 14:30:00
515769,16422,2010-07-14 14:31:00
515770,16103,2010-07-14 14:35:00
515771,13610,2010-07-14 14:42:00
515773,16161,2010-07-14 14:51:00
515774,14543,2010-07-14 14:57:00
515776,17739,2010-07-14 15:13:00
515781,13059,2010-07-14 15:32:00
515782,16172,2010-07-14 15:34:00
515783,12989,2010-07-14 15:37:00
515795,14844,2010-07-14 16:04:00
515801,17965,2010-07-14 16:20:00
515811,15259,2010-07-15 08:46:00
515812,15259,2010-07-15 08:47:00
515813,13715,2010-07-15 08:54:00
515814,17145,2010-07-15 09:02:00
515815,14007,2010-07-15 09:06:00
515816,15224,2010-07-15 09:08:00
515817,13559,2010-07-15 09:52:00
515825,13694,2010-07-15 10:17:00
515826,13694,2010-07-15 10:19:00
515827,16054,2010-07-15 10:20:00
515828,15910,2010-07-15 11:08:00
515830,15530,2010-07-15 11:10:00
515832,12748,2010-07-15 11:12:00
515842,16883,2010-07-15 11:20:00
515845,14606,2010-07-15 11:21:00
515855,17448,2010-07-15 11:24:00
515861,13999,2010-07-15 11:26:00
515879,16779,2010-07-15 11:44:00
515880,14107,2010-07-15 11:47:00
515881,14755,2010-07-15 11:54:00
515883,12891,2010-07-15 12:00:00
515884,16435,2010-07-15 12:00:00
515885,17559,2010-07-15 12:02:00
515887,14817,2010-07-15 12:06:00
515888,16279,2010-07-15 12:09:00
515896,13497,2010-07-15 12:24:00
515897,14421,2010-07-15 12:30:00
515898,17726,2010-07-15 12:32:00
515899,15827,2010-07-15 12:34:00
515902,13649,2010-07-15 12:36:00
515903,15827,2010-07-15 12:41:00
515904,12789,2010-07-15 12:43:00
515905,17783,2010-07-15 12:50:00
515906,12748,2010-07-15 12:59:00
515907,13564,2010-07-15 13:13:00
515908,13772,2010-07-15 13:15:00
515909,14156,2010-07-15 13:16:00
515910,14298,2010-07-15 13:17:00
515911,14298,2010-07-15 13:19:00
515912,15249,2010-07-15 13:19:00
515913,14298,2010-07-15 13:20:00
515914,13255,2010-07-15 13:20:00
515915,12788,2010-07-15 13:24:00
515916,15542,2010-07-15 13:32:00
515917,17897,2010-07-15 13:33:00
515922,14667,2010-07-15 13:58:00
515923,13450,2010-07-15 14:08:00
515924,14543,2010-07-15 14:27:00
515926,14543,2010-07-15 14:31:00
515927,14420,2010-07-15 14:32:00
515928,12523,2010-07-15 14:32:00
515929,14084,2010-07-15 14:36:00
515930,18102,2010-07-15 14:38:00
515931,14961,2010-07-15 14:46:00
515932,18102,2010-07-15 14:47:00
515933,18102,2010-07-15 14:49:00
515934,16251,2010-07-15 14:55:00
515935,14060,2010-07-15 14:59:00
515936,18102,2010-07-15 15:00:00
515937,17968,2010-07-15 15:01:00
515938,18223,2010-07-15 15:02:00
515940,18102,2010-07-15 15:08:00
515941,17757,2010-07-15 15:11:00
515943,17757,2010-07-15 15:18:00
515944,18102,2010-07-15 15:29:00
515945,12682,2010-07-15 15:32:00
515946,14180,2010-07-15 15:38:00
515947,18226,2010-07-15 15:48:00
515948,12490,2010-07-15 15:51:00
515949,16161,2010-07-15 17:59:00
515951,17861,2010-07-15 18:07:00
515952,16435,2010-07-15 18:22:00
515953,18021,2010-07-15 18:47:00
515954,15908,2010-07-15 19:21:00
515955,14514,2010-07-15 19:55:00
515956,13291,2010-07-15 19:56:00
515957,17921,2010-07-15 20:05:00
515958,13230,2010-07-15 20:16:00
515969,14621,2010-07-16 07:50:00
515971,14156,2010-07-16 07:53:00
515984,16133,2010-07-16 08:18:00
515986,16503,2010-07-16 08:20:00
515995,14648,2010-07-16 08:31:00
515996,14735,2010-07-16 08:31:00
515998,15602,2010-07-16 08:33:00
516000,17720,2010-07-16 09:05:00
516001,14852,2010-07-16 09:06:00
516002,14852,2010-07-16 09:09:00
516003,14852,2010-07-16 09:10:00
516004,13296,2010-07-16 09:21:00
516005,16497,2010-07-16 09:24:00
516006,13117,2010-07-16 09:28:00
516007,12986,2010-07-16 09:34:00
516010,14486,2010-07-16 09:42:00
516011,14911,2010-07-16 09:45:00
516012,17001,2010-07-16 09:51:00
516015,16019,2010-07-16 10:02:00
516018,17930,2010-07-16 10:21:00
516019,17694,2010-07-16 10:22:00
516020,16746,2010-07-16 10:31:00
516022,18102,2010-07-16 10:33:00
516027,16175,2010-07-16 10:36:00
516030,15759,2010-07-16 10:37:00
516033,15981,2010-07-16 10:46:00
516040,15615,2010-07-16 10:54:00
516058,14430,2010-07-16 11:33:00
516059,14430,2010-07-16 11:35:00
516060,16143,2010-07-16 11:44:00
516061,16570,2010-07-16 11:46:00
516079,14739,2010-07-16 11:56:00
516097,16946,2010-07-16 12:04:00
516105,16170,2010-07-16 12:30:00
516106,17683,2010-07-16 12:42:00
516107,17611,2010-07-16 12:44:00
516108,14083,2010-07-16 12:51:00
516109,16774,2010-07-16 12:59:00
516110,13211,2010-07-16 13:17:00
516111,13728,2010-07-16 13:21:00
516112,13958,2010-07-16 13:53:00
516113,13958,2010-07-16 13:55:00
516114,12982,2010-07-16 14:08:00
516115,14615,2010-07-16 14:15:00
516116,15452,2010-07-16 14:23:00
516117,14766,2010-07-16 14:29:00
516119,14156,2010-07-16 14:41:00
516120,12415,2010-07-16 14:47:00
516129,15985,2010-07-16 15:05:00
516130,13959,2010-07-16 15:11:00
516131,12709,2010-07-16 15:26:00
516132,16767,2010-07-16 15:27:00
516133,17716,2010-07-16 15:30:00
516135,13998,2010-07-16 15:50:00
516136,17402,2010-07-16 15:55:00
516137,17680,2010-07-16 16:07:00
516138,16670,2010-07-16 16:10:00
516139,18231,2010-07-16 16:11:00
516140,12977,2010-07-16 16:25:00
516141,16128,2010-07-16 16:30:00
516142,12977,2010-07-16 16:33:00
516145,13074,2010-07-16 16:53:00
516147,17243,2010-07-18 10:12:00
516148,18021,2010-07-18 10:52:00
516150,13542,2010-07-18 11:01:00
516151,15938,2010-07-18 11:30:00
516152,16344,2010-07-18 11:31:00
516153,13798,2010-07-18 11:35:00
516154,17541,2010-07-18 11:36:00
516155,12748,2010-07-18 11:48:00
516156,14205,2010-07-18 11:48:00
516157,17261,2010-07-18 11:49:00
516158,16950,2010-07-18 11:49:00
516161,14563,2010-07-18 12:01:00
516162,14553,2010-07-18 12:07:00
516163,14553,2010-07-18 12:10:00
516164,15151,2010-07-18 12:19:00
516165,13566,2010-07-18 12:20:00
516166,15095,2010-07-18 12:49:00
516167,17339,2010-07-18 13:08:00
516168,15547,2010-07-18 13:22:00
516169,15218,2010-07-18 13:31:00
516170,15189,2010-07-18 13:37:00
516171,16496,2010-07-18 13:42:00
516172,16496,2010-07-18 13:43:00
516173,13288,2010-07-18 13:50:00
516174,15633,2010-07-18 13:54:00
516175,13199,2010-07-18 14:02:00
516176,17863,2010-07-18 14:08:00
516177,16656,2010-07-18 14:16:00
516178,14674,2010-07-18 14:25:00
516179,17157,2010-07-18 14:32:00
516181,15291,2010-07-18 14:52:00
516182,13078,2010-07-18 15:37:00
516183,15306,2010-07-18 15:39:00
516184,14343,2010-07-18 15:45:00
516185,14546,2010-07-18 15:48:00
516186,18097,2010-07-18 15:50:00
516187,16089,2010-07-18 15:51:00
516188,14599,2010-07-18 15:54:00
516189,12625,2010-07-18 15:56:00
516190,15732,2010-07-19 08:40:00
516191,12971,2010-07-19 09:25:00
516192,15078,2010-07-19 09:46:00
516193,12696,2010-07-19 10:02:00
516194,13881,2010-07-19 10:04:00
516195,12709,2010-07-19 10:05:00
516196,14758,2010-07-19 10:07:00
516201,14543,2010-07-19 10:34:00
516224,15039,2010-07-19 11:23:00
516257,13705,2010-07-19 11:42:00
516260,16861,2010-07-19 11:44:00
516261,16467,2010-07-19 11:49:00
516262,15279,2010-07-19 11:52:00
516263,17841,2010-07-19 11:59:00
516264,13734,2010-07-19 12:04:00
516265,16782,2010-07-19 12:07:00
516266,15967,2010-07-19 12:13:00
516268,17262,2010-07-19 12:18:00
516269,17404,2010-07-19 12:19:00
516270,14646,2010-07-19 12:22:00
516271,14299,2010-07-19 12:26:00
516272,14307,2010-07-19 12:26:00
516273,14978,2010-07-19 12:44:00
516275,15788,2010-07-19 12:48:00
516287,13081,2010-07-19 12:53:00
516292,13425,2010-07-19 12:56:00
516302,14062,2010-07-19 13:02:00
516303,14606,2010-07-19 13:11:00
516304,14025,2010-07-19 13:13:00
516305,14667,2010-07-19 13:23:00
516306,13178,2010-07-19 13:46:00
516307,12431,2010-07-19 13:55:00
516308,12431,2010-07-19 14:06:00
516309,14426,2010-07-19 14:09:00
516310,18036,2010-07-19 14:12:00
516311,16172,2010-07-19 14:21:00
516312,17850,2010-07-19 14:21:00
516313,14047,2010-07-19 14:24:00
516314,12826,2010-07-19 14:31:00
516315,13408,2010-07-19 14:41:00
516316,17460,2010-07-19 14:47:00
516319,17929,2010-07-19 14:57:00
516321,15661,2010-07-19 15:15:00
516322,17320,2010-07-19 15:17:00
516323,14441,2010-07-19 15:29:00
516324,17395,2010-07-19 15:34:00
516325,17651,2010-07-19 15:41:00
516326,17515,2010-07-19 15:49:00
516327,17589,2010-07-19 15:58:00
516328,17090,2010-07-19 16:02:00
516329,17090,2010-07-19 16:06:00
516330,12748,2010-07-19 16:10:00
516331,17470,2010-07-19 16:16:00
516332,17324,2010-07-19 16:18:00
516333,17188,2010-07-19 16:18:00
516335,12864,2010-07-19 17:22:00
516337,14626,2010-07-20 08:47:00
516338,13418,2010-07-20 09:04:00
516339,14110,2010-07-20 09:27:00
516340,14825,2010-07-20 09:34:00
516341,15854,2010-07-20 09:36:00
516342,17994,2010-07-20 09:42:00
516343,14922,2010-07-20 09:45:00
516344,13874,2010-07-20 09:52:00
516345,16631,2010-07-20 09:53:00
516346,13769,2010-07-20 10:05:00
516347,12843,2010-07-20 10:08:00
516348,12975,2010-07-20 10:20:00
516349,13995,2010-07-20 10:23:00
516350,14493,2010-07-20 10:34:00
516351,15394,2010-07-20 10:41:00
516367,12921,2010-07-20 10:51:00
516369,13831,2010-07-20 10:53:00
516371,15002,2010-07-20 10:54:00
516378,14855,2010-07-20 11:06:00
516379,14855,2010-07-20 11:08:00
516430,17511,2010-07-20 11:47:00
516431,14905,2010-07-20 11:53:00
516432,12755,2010-07-20 11:55:00
516433,12748,2010-07-20 11:57:00
516434,18096,2010-07-20 12:04:00
516436,16422,2010-07-20 12:07:00
516437,13481,2010-07-20 12:08:00
516438,13481,2010-07-20 12:08:00
516439,13509,2010-07-20 12:10:00
516446,13719,2010-07-20 12:25:00
516447,16129,2010-07-20 12:32:00
516449,16359,2010-07-20 12:54:00
516450,17091,2010-07-20 13:04:00
516451,15617,2010-07-20 13:16:00
516452,13154,2010-07-20 13:17:00
516453,12480,2010-07-20 13:21:00
516454,14292,2010-07-20 13:34:00
516455,16168,2010-07-20 13:35:00
516456,14292,2010-07-20 13:36:00
516457,17552,2010-07-20 13:45:00
516458,17552,2010-07-20 13:47:00
516461,14797,2010-07-20 14:07:00
516463,15984,2010-07-20 14:22:00
516464,14911,2010-07-20 14:27:00
516465,13767,2010-07-20 14:41:00
516466,17578,2010-07-20 14:50:00
516468,17578,2010-07-20 15:06:00
516469,17578,2010-07-20 15:18:00
516471,16150,2010-07-20 15:46:00
516475,14040,2010-07-20 16:23:00
516476,17584,2010-07-20 16:27:00
516477,14535,2010-07-20 16:33:00
516478,17576,2010-07-20 17:20:00
516479,14061,2010-07-20 17:22:00
516480,16400,2010-07-21 08:25:00
516481,16945,2010-07-21 09:13:00
516482,13976,2010-07-21 09:27:00
516483,17080,2010-07-21 09:32:00
516484,14422,2010-07-21 09:45:00
516485,12720,2010-07-21 09:46:00
516486,12720,2010-07-21 09:55:00
516487,17865,2010-07-21 10:03:00
516488,17865,2010-07-21 10:04:00
516489,13952,2010-07-21 10:09:00
516490,13913,2010-07-21 10:11:00
516493,18061,2010-07-21 10:39:00
516494,13048,2010-07-21 10:42:00
516535,16883,2010-07-21 11:18:00
516536,16422,2010-07-21 11:36:00
516537,13795,2010-07-21 11:39:00
516538,16180,2010-07-21 11:57:00
516541,15290,2010-07-21 12:09:00
516551,17696,2010-07-21 12:11:00
516561,12989,2010-07-21 12:15:00
516564,14692,2010-07-21 12:22:00
516566,12417,2010-07-21 12:31:00
516567,16529,2010-07-21 12:39:00
516568,12474,2010-07-21 12:39:00
516569,13093,2010-07-21 12:45:00
516579,16416,2010-07-21 13:17:00
516583,16416,2010-07-21 13:22:00
516586,13102,2010-07-21 13:26:00
516588,17663,2010-07-21 13:38:00
516590,15005,2010-07-21 13:47:00
516591,12872,2010-07-21 13:57:00
516592,17961,2010-07-21 13:58:00
516593,17469,2010-07-21 13:59:00
516595,17757,2010-07-21 14:01:00
516601,16029,2010-07-21 14:08:00
516607,13444,2010-07-21 14:34:00
516608,17961,2010-07-21 14:38:00
516609,17338,2010-07-21 14:39:00
516610,13615,2010-07-21 14:41:00
516611,18226,2010-07-21 14:43:00
516613,13426,2010-07-21 14:48:00
516615,14031,2010-07-21 15:05:00
516616,13266,2010-07-21 15:07:00
516617,16458,2010-07-21 15:36:00
516618,12835,2010-07-21 16:01:00
516623,15043,2010-07-21 17:31:00
516626,13402,2010-07-22 08:24:00
516627,14465,2010-07-22 10:06:00
516628,13089,2010-07-22 10:07:00
516629,16736,2010-07-22 10:09:00
516630,12990,2010-07-22 10:18:00
516631,13399,2010-07-22 10:24:00
516632,18074,2010-07-22 10:31:00
516633,13487,2010-07-22 10:41:00
516634,16168,2010-07-22 10:48:00
516635,14858,2010-07-22 10:51:00
516648,13564,2010-07-22 11:25:00
516663,17090,2010-07-22 11:30:00
516686,16975,2010-07-22 11:38:00
516696,13564,2010-07-22 11:53:00
516710,13269,2010-07-22 12:16:00
516711,13527,2010-07-22 12:17:00
516715,13740,2010-07-22 12:25:00
516716,13213,2010-07-22 12:26:00
516718,14527,2010-07-22 12:27:00
516725,16814,2010-07-22 13:06:00
516726,17643,2010-07-22 13:07:00
516727,16161,2010-07-22 13:16:00
516728,12724,2010-07-22 13:22:00
516729,14064,2010-07-22 13:33:00
516730,17068,2010-07-22 13:39:00
516731,16555,2010-07-22 13:39:00
516732,16555,2010-07-22 13:40:00
516733,16555,2010-07-22 13:41:00
516734,16555,2010-07-22 13:43:00
516735,12421,2010-07-22 13:57:00
516736,14461,2010-07-22 14:17:00
516737,16165,2010-07-22 14:17:00
516738,15611,2010-07-22 14:19:00
516739,17700,2010-07-22 14:20:00
516740,15694,2010-07-22 14:20:00
516741,17918,2010-07-22 14:20:00
516742,12908,2010-07-22 14:21:00
516743,14735,2010-07-22 14:22:00
516744,14236,2010-07-22 14:27:00
516746,17177,2010-07-22 14:53:00
516747,14732,2010-07-22 15:01:00
516749,14099,2010-07-22 15:33:00
516750,13468,2010-07-22 15:37:00
516751,13788,2010-07-22 15:50:00
516752,13031,2010-07-22 16:01:00
516753,18026,2010-07-22 16:21:00
516757,14646,2010-07-22 16:37:00
516758,14861,2010-07-22 16:37:00
516760,12877,2010-07-22 16:47:00
516761,13777,2010-07-22 16:54:00
516767,13433,2010-07-22 17:21:00
516768,16588,2010-07-22 17:30:00
516769,13371,2010-07-22 17:33:00
516770,16549,2010-07-22 18:17:00
516773,17092,2010-07-22 18:54:00
516774,13969,2010-07-22 19:09:00
516775,15061,2010-07-22 19:23:00
516776,14166,2010-07-22 19:42:00
516777,14702,2010-07-22 19:47:00
516778,17602,2010-07-22 19:56:00
516779,17021,2010-07-22 20:09:00
516780,14615,2010-07-23 08:08:00
516781,18102,2010-07-23 08:24:00
516783,12595,2010-07-23 09:10:00
516785,12755,2010-07-23 09:30:00
516786,15769,2010-07-23 09:45:00
516787,12820,2010-07-23 09:51:00
516788,16843,2010-07-23 10:00:00
516789,15623,2010-07-23 10:20:00
516790,17963,2010-07-23 10:35:00
516814,14606,2010-07-23 10:50:00
516837,16722,2010-07-23 11:05:00
516839,12647,2010-07-23 11:17:00
516840,17949,2010-07-23 11:25:00
516841,13534,2010-07-23 11:29:00
516842,16092,2010-07-23 11:30:00
516843,15867,2010-07-23 11:32:00
516851,15674,2010-07-23 11:57:00
516857,14344,2010-07-23 12:16:00
516868,13089,2010-07-23 12:21:00
516869,17908,2010-07-23 12:29:00
516870,14085,2010-07-23 12:32:00
516871,16918,2010-07-23 12:57:00
516872,13874,2010-07-23 12:59:00
516873,13113,2010-07-23 13:02:00
516874,16203,2010-07-23 13:09:00
516875,13665,2010-07-23 13:29:00
516876,12935,2010-07-23 13:29:00
516877,17364,2010-07-23 13:30:00
516878,17364,2010-07-23 13:32:00
516879,16699,2010-07-23 13:42:00
516880,15862,2010-07-23 13:43:00
516884,15311,2010-07-23 14:15:00
516885,12615,2010-07-23 14:16:00
516886,16125,2010-07-23 14:21:00
516887,15808,2010-07-23 14:27:00
516890,13900,2010-07-23 14:38:00
516891,14312,2010-07-23 15:05:00
516896,18132,2010-07-23 16:54:00
516901,15738,2010-07-25 10:07:00
516902,15521,2010-07-25 10:14:00
516903,12971,2010-07-25 10:17:00
516904,18244,2010-07-25 10:30:00
516905,12523,2010-07-25 10:50:00
516906,16539,2010-07-25 10:52:00
516907,15527,2010-07-25 10:59:00
516908,16326,2010-07-25 11:00:00
516909,12748,2010-07-25 11:02:00
516910,15046,2010-07-25 11:04:00
516911,14156,2010-07-25 11:05:00
516913,13875,2010-07-25 11:07:00
516914,17112,2010-07-25 11:14:00
516915,13093,2010-07-25 11:16:00
516916,13082,2010-07-25 11:21:00
516917,17343,2010-07-25 11:24:00
516918,16075,2010-07-25 11:31:00
516919,17096,2010-07-25 11:34:00
516920,14092,2010-07-25 11:37:00
516921,12866,2010-07-25 11:37:00
516922,15727,2010-07-25 11:46:00
516923,16032,2010-07-25 12:10:00
516924,16400,2010-07-25 12:14:00
516925,15946,2010-07-25 12:16:00
516926,15946,2010-07-25 12:18:00
516927,12841,2010-07-25 12:19:00
516928,15431,2010-07-25 12:44:00
516929,13761,2010-07-25 12:49:00
516930,13761,2010-07-25 12:50:00
516931,15426,2010-07-25 12:53:00
516932,18064,2010-07-25 13:02:00
516933,17969,2010-07-25 13:08:00
516935,12410,2010-07-25 13:26:00
516936,13239,2010-07-25 13:34:00
516937,16155,2010-07-25 13:35:00
516938,15601,2010-07-25 13:50:00
516939,13250,2010-07-25 14:01:00
516940,17858,2010-07-25 14:22:00
516941,15898,2010-07-25 14:30:00
516942,13201,2010-07-25 14:30:00
516943,12889,2010-07-25 14:32:00
516944,15260,2010-07-25 14:57:00
516945,15704,2010-07-25 15:00:00
516946,13767,2010-07-25 15:17:00
516948,14551,2010-07-25 15:27:00
516949,16556,2010-07-25 15:32:00
516950,13276,2010-07-25 15:38:00
516951,17677,2010-07-25 15:38:00
516953,12788,2010-07-25 15:39:00
516954,13137,2010-07-25 15:40:00
516955,16894,2010-07-25 15:43:00
516956,13148,2010-07-25 15:44:00
516957,13148,2010-07-25 15:52:00
516959,13451,2010-07-25 16:06:00
516960,12949,2010-07-26 08:39:00
516961,15378,2010-07-26 08:47:00
516962,12476,2010-07-26 09:04:00
516963,13001,2010-07-26 09:07:00
516964,16210,2010-07-26 09:12:00
516967,12813,2010-07-26 09:50:00
516968,15080,2010-07-26 10:03:00
516969,17494,2010-07-26 10:06:00
516970,18231,2010-07-26 10:09:00
516973,15093,2010-07-26 10:35:00
516975,14000,2010-07-26 10:42:00
516976,16133,2010-07-26 10:43:00
516993,15493,2010-07-26 11:05:00
517001,16422,2010-07-26 11:28:00
517017,13004,2010-07-26 11:34:00
517033,15550,2010-07-26 11:39:00
517037,16746,2010-07-26 11:42:00
517042,13069,2010-07-26 11:46:00
517043,15615,2010-07-26 11:53:00
517044,14911,2010-07-26 11:55:00
517046,18245,2010-07-26 11:58:00
517047,13715,2010-07-26 12:04:00
517048,12709,2010-07-26 12:09:00
517049,14283,2010-07-26 12:26:00
517050,18231,2010-07-26 12:29:00
517051,14435,2010-07-26 12:33:00
517052,12977,2010-07-26 12:34:00
517053,14115,2010-07-26 12:36:00
517055,16558,2010-07-26 12:57:00
517057,14745,2010-07-26 13:07:00
517059,17224,2010-07-26 13:30:00
517060,16553,2010-07-26 13:35:00
517061,16553,2010-07-26 13:37:00
517062,16553,2010-07-26 13:38:00
517065,17692,2010-07-26 13:41:00
517066,16553,2010-07-26 13:41:00
517069,15015,2010-07-26 13:50:00
517070,14257,2010-07-26 13:57:00
517077,16103,2010-07-26 14:10:00
517078,16254,2010-07-26 14:17:00
517093,16351,2010-07-26 14:32:00
517095,16208,2010-07-26 14:43:00
517096,17612,2010-07-26 15:06:00
517097,17612,2010-07-26 15:08:00
517104,14606,2010-07-26 15:16:00
517106,12867,2010-07-26 15:17:00
517109,17442,2010-07-26 15:30:00
517110,15079,2010-07-26 15:40:00
517111,14854,2010-07-26 15:41:00
517112,17918,2010-07-26 15:49:00
517113,13433,2010-07-26 16:55:00
517114,17293,2010-07-26 17:16:00
517116,18172,2010-07-27 08:09:00
517117,13491,2010-07-27 08:21:00
517118,17442,2010-07-27 08:32:00
517120,15142,2010-07-27 09:05:00
517121,15129,2010-07-27 09:20:00
517122,13162,2010-07-27 09:22:00
517123,18229,2010-07-27 09:23:00
517124,12801,2010-07-27 09:38:00
517125,13466,2010-07-27 09:42:00
517126,13466,2010-07-27 09:45:00
517127,14735,2010-07-27 09:52:00
517128,14384,2010-07-27 09:53:00
517129,13855,2010-07-27 09:53:00
517130,16059,2010-07-27 10:07:00
517132,13115,2010-07-27 10:21:00
517133,15039,2010-07-27 10:26:00
517134,15051,2010-07-27 10:29:00
517137,17380,2010-07-27 10:34:00
517141,16161,2010-07-27 10:36:00
517144,18026,2010-07-27 10:37:00
517153,18257,2010-07-27 10:43:00
517154,13722,2010-07-27 10:48:00
517155,12853,2010-07-27 10:49:00
517156,17157,2010-07-27 10:49:00
517159,13722,2010-07-27 10:51:00
517161,12853,2010-07-27 10:51:00
517192,16013,2010-07-27 11:04:00
517193,13078,2010-07-27 11:37:00
517197,16219,2010-07-27 11:44:00
517209,17918,2010-07-27 11:51:00
517212,16128,2010-07-27 11:55:00
517213,15873,2010-07-27 11:58:00
517214,15873,2010-07-27 11:59:00
517215,15873,2010-07-27 12:02:00
517216,16266,2010-07-27 12:03:00
517217,16393,2010-07-27 12:10:00
517218,13384,2010-07-27 12:22:00
517221,17465,2010-07-27 12:38:00
517222,17504,2010-07-27 12:39:00
517224,13161,2010-07-27 12:44:00
517225,15614,2010-07-27 12:47:00
517226,16013,2010-07-27 13:14:00
517228,17408,2010-07-27 13:17:00
517229,15284,2010-07-27 13:25:00
517230,15298,2010-07-27 13:27:00
517232,14911,2010-07-27 13:41:00
517233,14334,2010-07-27 13:45:00
517235,12804,2010-07-27 13:52:00
517236,12547,2010-07-27 13:55:00
517237,15062,2010-07-27 14:02:00
517238,17841,2010-07-27 14:04:00
517239,15373,2010-07-27 14:08:00
517240,15306,2010-07-27 14:39:00
517242,18102,2010-07-27 14:41:00
517243,15827,2010-07-27 14:41:00
517246,16835,2010-07-27 14:54:00
517247,17281,2010-07-27 15:02:00
517249,15222,2010-07-27 15:06:00
517250,18102,2010-07-27 15:08:00
517251,13305,2010-07-27 15:14:00
517252,12637,2010-07-27 15:32:00
517253,18102,2010-07-27 15:45:00
517254,15532,2010-07-27 16:22:00
517259,13435,2010-07-27 16:56:00
517265,16170,2010-07-28 08:15:00
517266,16612,2010-07-28 08:38:00
517267,13552,2010-07-28 09:21:00
517268,14258,2010-07-28 09:22:00
517269,17470,2010-07-28 09:24:00
517270,12731,2010-07-28 09:28:00
517271,17122,2010-07-28 09:34:00
517272,13552,2010-07-28 09:41:00
517273,15331,2010-07-28 09:42:00
517274,15331,2010-07-28 09:42:00
517275,15228,2010-07-28 10:21:00
517285,15544,2010-07-28 10:31:00
517291,15754,2010-07-28 10:33:00
517298,14961,2010-07-28 10:39:00
517299,16584,2010-07-28 10:45:00
517300,17419,2010-07-28 10:47:00
517301,13656,2010-07-28 10:48:00
517307,15182,2010-07-28 10:52:00
517312,15182,2010-07-28 10:54:00
517313,13126,2010-07-28 10:55:00
517314,14463,2010-07-28 11:35:00
517315,15372,2010-07-28 11:39:00
517316,17377,2010-07-28 11:40:00
517317,15596,2010-07-28 11:46:00
517318,17714,2010-07-28 11:52:00
517319,13982,2010-07-28 11:54:00
517321,14680,2010-07-28 12:05:00
517322,16099,2010-07-28 12:17:00
517323,15768,2010-07-28 12:18:00
517324,15658,2010-07-28 12:34:00
517325,15873,2010-07-28 12:41:00
517326,17682,2010-07-28 12:44:00
517328,13408,2010-07-28 12:46:00
517329,17059,2010-07-28 12:51:00
517330,17314,2010-07-28 12:58:00
517331,17667,2010-07-28 13:00:00
517333,12656,2010-07-28 13:05:00
517334,14527,2010-07-28 13:16:00
517336,13590,2010-07-28 13:36:00
517337,16177,2010-07-28 13:38:00
517338,15311,2010-07-28 13:41:00
517339,16085,2010-07-28 13:51:00
517340,16255,2010-07-28 14:02:00
517342,12748,2010-07-28 14:07:00
517348,18207,2010-07-28 14:26:00
517351,12484,2010-07-28 14:43:00
517352,13796,2010-07-28 14:45:00
517353,12806,2010-07-28 14:47:00
517354,15555,2010-07-28 14:54:00
517355,13963,2010-07-28 15:14:00
517357,16206,2010-07-28 15:39:00
517358,16278,2010-07-28 15:40:00
517360,14739,2010-07-28 16:17:00
517361,12951,2010-07-28 16:37:00
517362,17266,2010-07-28 16:39:00
517365,14590,2010-07-28 16:45:00
517366,14306,2010-07-28 16:54:00
517372,15353,2010-07-28 17:04:00
517377,15061,2010-07-28 17:12:00
517381,14461,2010-07-28 17:18:00
517382,14898,2010-07-28 17:26:00
517384,16984,2010-07-28 17:46:00
517385,16937,2010-07-28 17:56:00
517386,16186,2010-07-29 08:04:00
517391,17949,2010-07-29 09:19:00
517392,16510,2010-07-29 09:49:00
517393,13340,2010-07-29 10:00:00
517394,18264,2010-07-29 10:02:00
517395,14833,2010-07-29 10:06:00
517397,15251,2010-07-29 10:10:00
517398,15122,2010-07-29 10:14:00
517399,16153,2010-07-29 10:15:00
517400,15358,2010-07-29 10:20:00
517403,14606,2010-07-29 10:46:00
517404,12939,2010-07-29 11:01:00
517409,16875,2010-07-29 11:06:00
517422,14901,2010-07-29 11:11:00
517457,16883,2010-07-29 11:23:00
517460,14110,2010-07-29 11:34:00
517467,18075,2010-07-29 11:47:00
517471,16170,2010-07-29 11:58:00
517474,12609,2010-07-29 12:03:00
517478,14451,2010-07-29 12:21:00
517479,15981,2010-07-29 12:23:00
517481,12737,2010-07-29 12:27:00
517482,17651,2010-07-29 12:28:00
517483,12737,2010-07-29 12:29:00
517485,12678,2010-07-29 12:32:00
517486,17168,2010-07-29 12:33:00
517487,16779,2010-07-29 12:34:00
517491,16045,2010-07-29 12:50:00
517492,16045,2010-07-29 12:51:00
517507,15093,2010-07-29 13:12:00
517509,12917,2010-07-29 13:13:00
517510,15637,2010-07-29 13:16:00
517511,16168,2010-07-29 13:23:00
517512,12408,2010-07-29 13:27:00
517513,15023,2010-07-29 13:28:00
517514,13584,2010-07-29 13:36:00
517515,13531,2010-07-29 13:42:00
517516,13531,2010-07-29 13:43:00
517517,13999,2010-07-29 13:45:00
517518,13013,2010-07-29 13:55:00
517520,17235,2010-07-29 13:57:00
517521,13680,2010-07-29 14:00:00
517527,14388,2010-07-29 14:44:00
517528,13101,2010-07-29 14:45:00
517529,16992,2010-07-29 14:57:00
517530,16094,2010-07-29 15:04:00
517532,17675,2010-07-29 15:30:00
517537,13346,2010-07-29 15:37:00
517539,12525,2010-07-29 16:08:00
517540,17930,2010-07-29 16:14:00
517541,16933,2010-07-29 16:25:00
517542,15021,2010-07-29 16:35:00
517543,17961,2010-07-29 16:52:00
517545,17920,2010-07-29 17:02:00
517547,14235,2010-07-29 17:22:00
517548,14235,2010-07-29 17:24:00
517549,16782,2010-07-29 17:30:00
517550,12836,2010-07-29 18:30:00
517551,12836,2010-07-29 18:31:00
517552,13969,2010-07-29 18:49:00
517553,16032,2010-07-29 18:53:00
517554,14543,2010-07-29 19:02:00
517555,15998,2010-07-29 19:18:00
517557,14713,2010-07-29 19:26:00
517558,17921,2010-07-29 19:56:00
517561,13239,2010-07-30 07:43:00
517566,17929,2010-07-30 08:53:00
517567,16210,2010-07-30 08:54:00
517568,12989,2010-07-30 08:56:00
517569,14861,2010-07-30 09:06:00
517573,14211,2010-07-30 09:42:00
517575,14221,2010-07-30 10:18:00
517576,14221,2010-07-30 10:19:00
517578,14346,2010-07-30 10:44:00
517579,16905,2010-07-30 11:08:00
517620,17213,2010-07-30 11:35:00
517622,16145,2010-07-30 11:37:00
517623,15629,2010-07-30 11:52:00
517625,16391,2010-07-30 11:59:00
517626,16428,2010-07-30 12:10:00
517627,16428,2010-07-30 12:19:00
517628,17160,2010-07-30 12:21:00
517629,14291,2010-07-30 12:21:00
517631,12415,2010-07-30 12:38:00
517632,17109,2010-07-30 12:42:00
517638,18220,2010-07-30 12:52:00
517639,15694,2010-07-30 12:54:00
517640,15769,2010-07-30 13:05:00
517641,15615,2010-07-30 13:06:00
517642,15615,2010-07-30 13:07:00
517643,14828,2010-07-30 13:13:00
517644,17735,2010-07-30 13:25:00
517645,14911,2010-07-30 13:31:00
517646,18102,2010-07-30 13:36:00
517648,14606,2010-07-30 13:52:00
517649,16156,2010-07-30 14:00:00
517650,13015,2010-07-30 14:00:00
517651,16156,2010-07-30 14:01:00
517652,17448,2010-07-30 14:07:00
517653,13329,2010-07-30 14:15:00
517664,15459,2010-07-30 14:31:00
517665,13694,2010-07-30 14:39:00
517666,13329,2010-07-30 14:44:00
517667,16954,2010-07-30 14:58:00
517668,12928,2010-07-30 15:05:00
517669,17861,2010-07-30 15:13:00
517671,13041,2010-07-30 15:47:00
517673,12733,2010-07-30 16:50:00
517704,14031,2010-07-30 17:08:00
517707,12843,2010-08-01 10:06:00
517708,17243,2010-08-01 10:09:00
517709,12748,2010-08-01 11:02:00
517710,15039,2010-08-01 11:15:00
517711,15039,2010-08-01 11:17:00
517712,13564,2010-08-01 11:17:00
517713,12748,2010-08-01 11:18:00
517714,13869,2010-08-01 11:22:00
517717,15039,2010-08-01 11:24:00
517718,13564,2010-08-01 11:29:00
517719,17931,2010-08-01 12:02:00
517720,15747,2010-08-01 12:07:00
517721,14396,2010-08-01 12:38:00
517722,14667,2010-08-01 12:45:00
517723,14878,2010-08-01 12:48:00
517724,15547,2010-08-01 13:07:00
517725,15751,2010-08-01 13:09:00
517726,15716,2010-08-01 13:12:00
517727,15751,2010-08-01 13:17:00
517728,13598,2010-08-01 13:21:00
517729,14455,2010-08-01 13:26:00
517731,18102,2010-08-01 13:31:00
517732,17618,2010-08-01 13:48:00
517734,14404,2010-08-01 14:18:00
517737,13766,2010-08-01 14:25:00
517738,16611,2010-08-01 14:35:00
517739,13474,2010-08-01 14:40:00
517740,12862,2010-08-01 15:20:00
517741,13617,2010-08-01 15:23:00
517742,15666,2010-08-01 15:41:00
517743,17984,2010-08-01 15:51:00
517744,15640,2010-08-01 15:55:00
517745,12747,2010-08-02 08:54:00
517746,17049,2010-08-02 09:14:00
517747,17049,2010-08-02 09:18:00
517748,13983,2010-08-02 09:27:00
517749,15200,2010-08-02 09:38:00
517750,17589,2010-08-02 09:46:00
517751,15325,2010-08-02 10:26:00
517752,18277,2010-08-02 10:26:00
517753,18277,2010-08-02 10:27:00
517754,18102,2010-08-02 10:28:00
517755,13647,2010-08-02 10:29:00
517756,14844,2010-08-02 10:30:00
517757,13647,2010-08-02 10:31:00
517758,13136,2010-08-02 10:33:00
517759,13136,2010-08-02 10:37:00
517760,17068,2010-08-02 10:42:00
517761,13888,2010-08-02 11:07:00
517762,12748,2010-08-02 11:09:00
517764,15077,2010-08-02 11:13:00
517766,14427,2010-08-02 11:25:00
517793,13888,2010-08-02 11:33:00
517815,14152,2010-08-02 11:46:00
517816,13963,2010-08-02 12:04:00
517817,18087,2010-08-02 12:12:00
517819,12527,2010-08-02 12:23:00
517820,12621,2010-08-02 12:24:00
517822,17422,2010-08-02 12:30:00
517823,12395,2010-08-02 12:37:00
517824,15990,2010-08-02 12:42:00
517825,14644,2010-08-02 12:44:00
517843,13856,2010-08-02 12:52:00
517844,13113,2010-08-02 12:55:00
517845,12931,2010-08-02 12:58:00
517847,13089,2010-08-02 13:12:00
517848,17809,2010-08-02 13:15:00
517849,13089,2010-08-02 13:16:00
517851,13292,2010-08-02 13:39:00
517852,16458,2010-08-02 13:42:00
517853,16843,2010-08-02 13:45:00
517858,13090,2010-08-02 13:58:00
517859,13357,2010-08-02 14:02:00
517860,12857,2010-08-02 14:03:00
517861,13090,2010-08-02 14:07:00
517862,14667,2010-08-02 14:11:00
517863,16227,2010-08-02 14:16:00
517864,14194,2010-08-02 14:16:00
517865,16655,2010-08-02 14:24:00
517866,12907,2010-08-02 14:33:00
517867,13089,2010-08-02 14:50:00
517868,17666,2010-08-02 15:10:00
517869,17848,2010-08-02 15:13:00
517870,16945,2010-08-02 15:19:00
517871,16814,2010-08-02 15:25:00
517872,16060,2010-08-02 15:26:00
517874,15199,2010-08-02 15:28:00
517882,14469,2010-08-02 17:06:00
517883,14819,2010-08-02 17:19:00
517889,17442,2010-08-03 08:57:00
517891,16256,2010-08-03 08:58:00
517893,15061,2010-08-03 09:00:00
517896,14734,2010-08-03 09:04:00
517900,16784,2010-08-03 09:14:00
517901,15754,2010-08-03 09:15:00
517904,12484,2010-08-03 09:31:00
517905,17553,2010-08-03 09:44:00
517906,15081,2010-08-03 09:53:00
517909,18260,2010-08-03 10:26:00
517910,17454,2010-08-03 10:30:00
517911,17540,2010-08-03 10:33:00
517914,17511,2010-08-03 10:33:00
517930,15727,2010-08-03 10:38:00
517931,16161,2010-08-03 10:42:00
517933,15218,2010-08-03 10:52:00
517934,12748,2010-08-03 10:52:00
517946,17673,2010-08-03 11:32:00
517947,16440,2010-08-03 11:32:00
517948,18219,2010-08-03 11:44:00
517951,12621,2010-08-03 11:53:00
517952,13047,2010-08-03 11:54:00
517953,16754,2010-08-03 11:56:00
517955,13047,2010-08-03 11:56:00
517957,14606,2010-08-03 12:05:00
517958,13679,2010-08-03 12:13:00
517960,14841,2010-08-03 12:32:00
517962,12910,2010-08-03 12:47:00
517963,14001,2010-08-03 12:49:00
517964,17298,2010-08-03 12:51:00
517965,14699,2010-08-03 12:55:00
517967,18048,2010-08-03 13:03:00
517969,13984,2010-08-03 13:07:00
517970,17665,2010-08-03 13:12:00
517971,15727,2010-08-03 13:18:00
517972,17092,2010-08-03 13:22:00
517973,16880,2010-08-03 13:54:00
517974,14911,2010-08-03 13:55:00
517975,16767,2010-08-03 14:01:00
517976,14871,2010-08-03 14:18:00
517977,16938,2010-08-03 14:23:00
517978,16316,2010-08-03 14:38:00
517979,14569,2010-08-03 14:41:00
517980,14219,2010-08-03 14:42:00
517982,16133,2010-08-03 14:54:00
517983,14253,2010-08-03 14:55:00
517985,17238,2010-08-03 15:14:00
517992,17757,2010-08-03 15:51:00
517994,15822,2010-08-03 16:08:00
517995,12748,2010-08-03 16:17:00
518003,12998,2010-08-04 08:05:00
518004,15363,2010-08-04 08:41:00
518005,16417,2010-08-04 09:08:00
518006,15798,2010-08-04 09:13:00
518007,12437,2010-08-04 09:14:00
518008,14225,2010-08-04 09:39:00
518009,13468,2010-08-04 09:58:00
518010,14489,2010-08-04 10:00:00
518011,17412,2010-08-04 10:02:00
518012,15981,2010-08-04 10:34:00
518013,14182,2010-08-04 10:36:00
518014,16742,2010-08-04 10:52:00
518015,15095,2010-08-04 10:52:00
518016,15615,2010-08-04 10:57:00
518052,12748,2010-08-04 11:38:00
518055,16883,2010-08-04 11:46:00
518056,15750,2010-08-04 11:48:00
518058,15717,2010-08-04 11:57:00
518059,15858,2010-08-04 12:03:00
518060,16359,2010-08-04 12:18:00
518061,15311,2010-08-04 12:19:00
518062,15757,2010-08-04 12:22:00
518063,14298,2010-08-04 12:38:00
518064,17841,2010-08-04 12:39:00
518065,14298,2010-08-04 12:41:00
518067,15817,2010-08-04 12:54:00
518069,13659,2010-08-04 13:09:00
518071,18178,2010-08-04 13:20:00
518072,17243,2010-08-04 13:26:00
518073,15076,2010-08-04 13:37:00
518076,15456,2010-08-04 13:42:00
518077,13658,2010-08-04 13:47:00
518079,15369,2010-08-04 13:54:00
518080,15628,2010-08-04 13:57:00
518081,12524,2010-08-04 14:20:00
518086,16722,2010-08-04 14:27:00
518115,12748,2010-08-04 14:41:00
518133,13319,2010-08-04 14:50:00
518134,15064,2010-08-04 15:02:00
518135,16233,2010-08-04 15:13:00
518136,17644,2010-08-04 15:19:00
518139,12765,2010-08-04 15:52:00
518140,15387,2010-08-04 16:05:00
518141,14401,2010-08-04 16:07:00
518145,16668,2010-08-04 16:12:00
518146,13044,2010-08-04 16:27:00
518147,17235,2010-08-04 16:28:00
518148,16334,2010-08-04 16:38:00
518150,13571,2010-08-04 17:39:00
518151,15587,2010-08-05 08:44:00
518152,13084,2010-08-05 08:49:00
518153,17353,2010-08-05 08:54:00
518154,14256,2010-08-05 09:28:00
518155,14256,2010-08-05 09:30:00
518156,13155,2010-08-05 09:30:00
518157,13798,2010-08-05 09:35:00
518158,14129,2010-08-05 10:18:00
518159,13239,2010-08-05 10:38:00
518176,14560,2010-08-05 10:49:00
518184,17268,2010-08-05 10:51:00
518200,17581,2010-08-05 11:24:00
518201,17156,2010-08-05 11:30:00
518202,13089,2010-08-05 11:33:00
518203,13089,2010-08-05 11:34:00
518204,17389,2010-08-05 11:35:00
518205,13093,2010-08-05 11:39:00
518206,13802,2010-08-05 11:55:00
518215,18079,2010-08-05 12:19:00
518216,15403,2010-08-05 12:21:00
518217,17696,2010-08-05 12:26:00
518218,16174,2010-08-05 12:33:00
518219,16105,2010-08-05 13:21:00
518220,14049,2010-08-05 13:31:00
518221,18258,2010-08-05 13:42:00
518222,14217,2010-08-05 13:54:00
518224,15400,2010-08-05 14:11:00
518226,13778,2010-08-05 14:52:00
518227,15271,2010-08-05 14:57:00
518228,13031,2010-08-05 15:01:00
518229,17381,2010-08-05 15:08:00
518230,14395,2010-08-05 15:14:00
518231,12471,2010-08-05 15:28:00
518232,18226,2010-08-05 15:46:00
518233,17146,2010-08-05 15:50:00
518242,15043,2010-08-05 16:33:00
518243,14521,2010-08-05 16:35:00
518247,18226,2010-08-05 17:21:00
518248,17576,2010-08-05 17:23:00
518249,13135,2010-08-05 17:28:00
518250,14045,2010-08-05 17:35:00
518251,16168,2010-08-05 17:45:00
518252,16743,2010-08-05 17:47:00
518253,14064,2010-08-05 17:57:00
518259,14043,2010-08-05 18:18:00
518260,17049,2010-08-05 18:18:00
518261,17921,2010-08-05 18:42:00
518266,13140,2010-08-05 19:05:00
518268,15260,2010-08-05 19:08:00
518269,16395,2010-08-05 19:22:00
518270,16549,2010-08-05 20:03:00
518271,12633,2010-08-06 08:57:00
518272,18154,2010-08-06 09:18:00
518273,16197,2010-08-06 09:28:00
518275,14209,2010-08-06 09:52:00
518276,16103,2010-08-06 10:06:00
518278,16103,2010-08-06 10:09:00
518280,14329,2010-08-06 10:24:00
518281,14918,2010-08-06 10:29:00
518285,17975,2010-08-06 11:24:00
518286,12712,2010-08-06 11:31:00
518296,15908,2010-08-06 11:56:00
518314,13920,2010-08-06 12:13:00
518315,13102,2010-08-06 12:15:00
518330,17790,2010-08-06 12:31:00
518331,15980,2010-08-06 12:33:00
518332,15980,2010-08-06 12:35:00
518333,15808,2010-08-06 12:41:00
518334,13953,2010-08-06 12:45:00
518335,15856,2010-08-06 13:15:00
518336,17389,2010-08-06 13:32:00
518337,14849,2010-08-06 13:38:00
518338,14849,2010-08-06 13:39:00
518339,14040,2010-08-06 13:41:00
518344,14139,2010-08-06 14:00:00
518346,13929,2010-08-06 14:09:00
518348,17646,2010-08-06 14:15:00
518349,12971,2010-08-06 14:16:00
518350,17001,2010-08-06 14:22:00
518351,17377,2010-08-06 14:30:00
518354,13199,2010-08-06 14:52:00
518355,15488,2010-08-06 14:54:00
518358,16571,2010-08-06 15:21:00
518360,15061,2010-08-06 16:11:00
518361,14156,2010-08-06 16:32:00
518370,14562,2010-08-08 10:25:00
518371,13782,2010-08-08 10:31:00
518373,13026,2010-08-08 10:43:00
518375,13488,2010-08-08 10:46:00
518376,13488,2010-08-08 10:47:00
518377,12980,2010-08-08 10:51:00
518378,13249,2010-08-08 10:54:00
518379,13488,2010-08-08 10:54:00
518380,17068,2010-08-08 10:55:00
518381,15580,2010-08-08 10:57:00
518382,14709,2010-08-08 11:20:00
518383,17709,2010-08-08 11:33:00
518384,16196,2010-08-08 11:40:00
518385,16525,2010-08-08 11:40:00
518386,14161,2010-08-08 12:11:00
518387,13857,2010-08-08 12:16:00
518388,15774,2010-08-08 12:18:00
518389,15280,2010-08-08 12:21:00
518391,16939,2010-08-08 12:24:00
518392,14299,2010-08-08 12:28:00
518393,17085,2010-08-08 12:31:00
518394,14606,2010-08-08 12:35:00
518395,14156,2010-08-08 12:41:00
518396,13408,2010-08-08 12:43:00
518397,16444,2010-08-08 12:43:00
518398,15046,2010-08-08 12:50:00
518399,17491,2010-08-08 12:56:00
518400,17050,2010-08-08 12:57:00
518401,13059,2010-08-08 13:07:00
518402,14370,2010-08-08 13:11:00
518403,17132,2010-08-08 13:49:00
518404,16115,2010-08-08 13:55:00
518405,17139,2010-08-08 14:11:00
518406,17802,2010-08-08 14:26:00
518407,13627,2010-08-08 14:32:00
518408,17858,2010-08-08 14:37:00
518409,14455,2010-08-08 14:39:00
518410,14837,2010-08-08 14:41:00
518411,14575,2010-08-08 14:51:00
518412,17135,2010-08-08 14:57:00
518413,14101,2010-08-08 15:15:00
518414,17393,2010-08-08 15:53:00
518415,15262,2010-08-08 15:55:00
518417,13653,2010-08-09 08:19:00
518418,12567,2010-08-09 08:26:00
518419,17457,2010-08-09 08:36:00
518420,17732,2010-08-09 08:41:00
518421,17930,2010-08-09 08:53:00
518422,16839,2010-08-09 08:55:00
518423,13783,2010-08-09 09:23:00
518426,16170,2010-08-09 09:45:00
518427,16282,2010-08-09 10:27:00
518428,12458,2010-08-09 10:33:00
518431,13823,2010-08-09 11:00:00
518432,14625,2010-08-09 11:06:00
518433,13980,2010-08-09 11:10:00
518447,17663,2010-08-09 11:26:00
518451,16180,2010-08-09 11:27:00
518477,15013,2010-08-09 12:05:00
518480,16470,2010-08-09 12:21:00
518481,17841,2010-08-09 12:22:00
518482,13488,2010-08-09 12:24:00
518484,17841,2010-08-09 12:27:00
518485,15595,2010-08-09 12:27:00
518486,13989,2010-08-09 12:28:00
518497,14911,2010-08-09 12:35:00
518500,17137,2010-08-09 12:51:00
518501,15311,2010-08-09 12:53:00
518502,13307,2010-08-09 12:56:00
518504,14861,2010-08-09 13:06:00
518505,14277,2010-08-09 13:10:00
518506,13092,2010-08-09 13:18:00
518507,13196,2010-08-09 13:28:00
518508,12412,2010-08-09 14:26:00
518509,14498,2010-08-09 14:39:00
518510,14631,2010-08-09 14:45:00
518512,17790,2010-08-09 15:03:00
518519,17482,2010-08-09 15:33:00
518530,14794,2010-08-09 15:44:00
518531,15283,2010-08-09 15:47:00
518532,17838,2010-08-09 15:56:00
518533,14527,2010-08-09 16:22:00
518535,17988,2010-08-09 16:56:00
518543,17314,2010-08-09 18:20:00
518545,18102,2010-08-09 18:26:00
518546,18102,2010-08-09 18:29:00
518547,18102,2010-08-09 18:30:00
518548,18102,2010-08-09 18:31:00
518549,18102,2010-08-09 18:32:00
518550,18102,2010-08-09 18:32:00
518551,18102,2010-08-09 18:34:00
518552,18102,2010-08-09 18:36:00
518553,16279,2010-08-10 08:49:00
518554,17212,2010-08-10 09:22:00
518555,14022,2010-08-10 09:38:00
518556,15805,2010-08-10 09:50:00
518557,15805,2010-08-10 09:52:00
518558,15805,2010-08-10 09:53:00
518559,13050,2010-08-10 10:05:00
518560,12745,2010-08-10 10:14:00
518561,17023,2010-08-10 10:22:00
518562,13476,2010-08-10 10:29:00
518564,14053,2010-08-10 11:02:00
518578,17063,2010-08-10 12:06:00
518602,16565,2010-08-10 12:32:00
518613,16713,2010-08-10 12:37:00
518614,13799,2010-08-10 12:37:00
518616,15039,2010-08-10 12:40:00
518623,15032,2010-08-10 12:42:00
518649,13501,2010-08-10 13:01:00
518650,13045,2010-08-10 13:02:00
518652,14722,2010-08-10 13:28:00
518653,16221,2010-08-10 13:32:00
518654,17888,2010-08-10 13:34:00
518655,17754,2010-08-10 13:44:00
518656,13296,2010-08-10 13:50:00
518658,13839,2010-08-10 13:52:00
518659,17754,2010-08-10 13:52:00
518661,16926,2010-08-10 14:07:00
518663,14044,2010-08-10 14:27:00
518665,14478,2010-08-10 14:43:00
518666,14606,2010-08-10 14:45:00
518667,14606,2010-08-10 14:47:00
518670,14144,2010-08-10 15:17:00
518671,13880,2010-08-10 15:31:00
518672,17191,2010-08-10 15:47:00
518673,14646,2010-08-10 16:10:00
518674,14646,2010-08-10 16:12:00
518675,14646,2010-08-10 16:14:00
518679,13421,2010-08-10 17:02:00
518681,17799,2010-08-10 17:09:00
518683,14913,2010-08-11 08:40:00
518684,12662,2010-08-11 08:50:00
518685,13881,2010-08-11 08:52:00
518686,13717,2010-08-11 09:40:00
518687,15837,2010-08-11 10:16:00
518688,13594,2010-08-11 10:23:00
518708,14693,2010-08-11 10:51:00
518714,12600,2010-08-11 10:53:00
518729,15985,2010-08-11 11:23:00
518730,13097,2010-08-11 11:35:00
518732,16632,2010-08-11 11:39:00
518733,13097,2010-08-11 11:43:00
518734,12771,2010-08-11 11:51:00
518735,18102,2010-08-11 11:58:00
518737,18102,2010-08-11 12:05:00
518740,13643,2010-08-11 12:11:00
518748,14700,2010-08-11 12:19:00
518749,17677,2010-08-11 12:20:00
518751,18145,2010-08-11 12:28:00
518752,17716,2010-08-11 12:39:00
518753,14822,2010-08-11 12:52:00
518754,17615,2010-08-11 12:54:00
518755,16985,2010-08-11 12:58:00
518756,16985,2010-08-11 12:59:00
518757,17675,2010-08-11 13:07:00
518759,15005,2010-08-11 13:38:00
518762,13446,2010-08-11 14:20:00
518764,13089,2010-08-11 14:27:00
518765,16519,2010-08-11 14:34:00
518766,15944,2010-08-11 14:39:00
518767,17469,2010-08-11 14:50:00
518768,14409,2010-08-11 14:55:00
518769,14736,2010-08-11 15:13:00
518771,14736,2010-08-11 15:21:00
518776,15110,2010-08-11 15:49:00
518777,12748,2010-08-11 15:56:00
518779,14606,2010-08-11 16:14:00
518783,16033,2010-08-11 16:44:00
518786,15652,2010-08-11 16:58:00
518787,13089,2010-08-12 08:54:00
518788,13089,2010-08-12 08:56:00
518789,15142,2010-08-12 09:17:00
518790,17612,2010-08-12 09:41:00
518791,16477,2010-08-12 09:43:00
518792,13694,2010-08-12 10:00:00
518793,14437,2010-08-12 10:01:00
518794,13694,2010-08-12 10:02:00
518795,14276,2010-08-12 10:03:00
518796,16232,2010-08-12 10:04:00
518797,14276,2010-08-12 10:05:00
518798,16650,2010-08-12 10:12:00
518847,13668,2010-08-12 11:47:00
518848,15298,2010-08-12 11:50:00
518850,14224,2010-08-12 12:20:00
518851,15581,2010-08-12 12:21:00
518852,17377,2010-08-12 12:25:00
518857,15719,2010-08-12 12:33:00
518858,12748,2010-08-12 12:33:00
518863,17046,2010-08-12 12:37:00
518864,17046,2010-08-12 12:39:00
518865,17866,2010-08-12 12:43:00
518866,13901,2010-08-12 12:47:00
518867,13901,2010-08-12 12:50:00
518868,13150,2010-08-12 12:58:00
518871,13150,2010-08-12 12:59:00
518875,14692,2010-08-12 13:02:00
518880,17623,2010-08-12 13:11:00
518881,13069,2010-08-12 13:14:00
518894,12835,2010-08-12 13:23:00
518895,15129,2010-08-12 13:36:00
518896,14156,2010-08-12 13:38:00
518897,14344,2010-08-12 13:46:00
518898,12841,2010-08-12 13:50:00
518900,15061,2010-08-12 14:11:00
518901,17243,2010-08-12 14:13:00
518902,14461,2010-08-12 14:15:00
518907,17757,2010-08-12 14:32:00
518910,15984,2010-08-12 14:35:00
518919,12748,2010-08-12 14:39:00
518942,12748,2010-08-12 14:48:00
518944,12937,2010-08-12 14:53:00
518945,15365,2010-08-12 14:57:00
518946,15365,2010-08-12 14:58:00
518947,15365,2010-08-12 15:00:00
518948,15874,2010-08-12 15:01:00
518949,15874,2010-08-12 15:03:00
518950,15296,2010-08-12 15:06:00
518951,15296,2010-08-12 15:08:00
518959,13078,2010-08-12 15:32:00
518960,13078,2010-08-12 15:33:00
518963,15078,2010-08-12 15:38:00
518967,14548,2010-08-12 15:48:00
518970,16199,2010-08-12 15:52:00
518972,17402,2010-08-12 15:54:00
518975,15581,2010-08-12 16:19:00
518977,15581,2010-08-12 16:27:00
518980,14630,2010-08-12 16:38:00
518982,18227,2010-08-12 16:45:00
518983,13214,2010-08-12 17:01:00
518985,17550,2010-08-12 17:02:00
518989,12959,2010-08-12 17:20:00
519000,13319,2010-08-12 17:52:00
519001,18168,2010-08-12 18:11:00
519004,12542,2010-08-12 19:12:00
519005,16549,2010-08-12 19:18:00
519006,13230,2010-08-12 19:20:00
519007,14702,2010-08-12 19:21:00
519008,13969,2010-08-12 19:32:00
519009,13291,2010-08-12 19:37:00
519010,17323,2010-08-12 19:41:00
519011,16592,2010-08-13 08:53:00
519012,16592,2010-08-13 08:54:00
519013,13037,2010-08-13 08:57:00
519014,16558,2010-08-13 09:07:00
519025,14239,2010-08-13 09:44:00
519028,17512,2010-08-13 10:10:00
519029,15203,2010-08-13 10:15:00
519030,13534,2010-08-13 10:37:00
519037,17091,2010-08-13 11:16:00
519057,12960,2010-08-13 11:33:00
519087,16168,2010-08-13 11:45:00
519098,17949,2010-08-13 11:51:00
519115,17639,2010-08-13 11:59:00
519120,17639,2010-08-13 12:04:00
519121,14550,2010-08-13 12:05:00
519122,17913,2010-08-13 12:11:00
519124,17949,2010-08-13 12:23:00
519125,15255,2010-08-13 12:23:00
519135,14872,2010-08-13 12:34:00
519164,16190,2010-08-13 12:56:00
519165,17865,2010-08-13 12:59:00
519166,12676,2010-08-13 13:29:00
519167,12676,2010-08-13 13:31:00
519169,12676,2010-08-13 13:35:00
519170,17515,2010-08-13 13:38:00
519171,12484,2010-08-13 13:45:00
519172,14031,2010-08-13 14:09:00
519173,18225,2010-08-13 14:20:00
519175,17146,2010-08-13 14:31:00
519176,14153,2010-08-13 14:35:00
519177,17589,2010-08-13 14:40:00
519178,17589,2010-08-13 14:42:00
519179,17238,2010-08-13 14:43:00
519181,16600,2010-08-13 14:47:00
519182,13561,2010-08-13 14:50:00
519184,13316,2010-08-13 15:07:00
519186,15938,2010-08-13 15:27:00
519188,14693,2010-08-13 16:17:00
519192,14525,2010-08-13 16:58:00
519194,16345,2010-08-13 17:13:00
519197,17127,2010-08-15 10:08:00
519198,16104,2010-08-15 10:28:00
519199,16290,2010-08-15 10:30:00
519200,16153,2010-08-15 10:32:00
519201,13027,2010-08-15 10:33:00
519202,16782,2010-08-15 10:37:00
519203,15898,2010-08-15 10:41:00
519204,16326,2010-08-15 10:55:00
519205,17300,2010-08-15 11:02:00
519207,12748,2010-08-15 11:06:00
519208,15769,2010-08-15 11:09:00
519209,15893,2010-08-15 11:12:00
519210,16631,2010-08-15 11:20:00
519211,18236,2010-08-15 11:21:00
519212,18236,2010-08-15 11:22:00
519213,17377,2010-08-15 11:24:00
519214,16043,2010-08-15 11:26:00
519215,16841,2010-08-15 11:47:00
519216,15641,2010-08-15 11:50:00
519217,16873,2010-08-15 11:51:00
519218,17248,2010-08-15 11:55:00
519219,16225,2010-08-15 11:59:00
519222,15838,2010-08-15 12:20:00
519223,13629,2010-08-15 12:22:00
519224,17071,2010-08-15 12:23:00
519226,16883,2010-08-15 12:35:00
519227,15789,2010-08-15 12:37:00
519228,12583,2010-08-15 12:40:00
519229,15311,2010-08-15 12:42:00
519230,16756,2010-08-15 13:03:00
519231,17372,2010-08-15 13:05:00
519232,17692,2010-08-15 13:07:00
519233,16468,2010-08-15 13:10:00
519234,17618,2010-08-15 13:18:00
519235,17256,2010-08-15 13:19:00
519236,14051,2010-08-15 13:23:00
519237,13715,2010-08-15 13:26:00
519238,13405,2010-08-15 13:28:00
519239,14996,2010-08-15 13:41:00
519240,14996,2010-08-15 13:44:00
519241,14415,2010-08-15 14:01:00
519242,16553,2010-08-15 14:12:00
519243,12805,2010-08-15 14:13:00
519244,16553,2010-08-15 14:13:00
519245,14097,2010-08-15 14:20:00
519247,16101,2010-08-15 14:38:00
519248,13089,2010-08-15 14:50:00
519251,17107,2010-08-15 15:20:00
519252,17841,2010-08-15 15:26:00
519253,14210,2010-08-15 15:33:00
519254,16422,2010-08-15 15:35:00
519255,14183,2010-08-15 15:36:00
519256,17841,2010-08-15 15:42:00
519257,17340,2010-08-15 15:44:00
519258,16701,2010-08-15 15:45:00
519260,17299,2010-08-15 16:00:00
519261,16125,2010-08-16 08:38:00
519262,16186,2010-08-16 08:49:00
519263,12530,2010-08-16 08:57:00
519264,13512,2010-08-16 09:15:00
519266,16103,2010-08-16 09:20:00
519267,16013,2010-08-16 09:54:00
519268,13093,2010-08-16 09:55:00
519275,16029,2010-08-16 10:17:00
519276,13090,2010-08-16 10:17:00
519279,13468,2010-08-16 10:37:00
519338,15755,2010-08-16 11:27:00
519339,17849,2010-08-16 11:31:00
519341,15050,2010-08-16 12:00:00
519342,12687,2010-08-16 12:10:00
519343,12687,2010-08-16 12:12:00
519344,15785,2010-08-16 12:16:00
519357,13063,2010-08-16 12:27:00
519369,15008,2010-08-16 13:09:00
519371,14606,2010-08-16 13:12:00
519372,17157,2010-08-16 13:22:00
519380,12921,2010-08-16 13:36:00
519381,12921,2010-08-16 13:37:00
519382,16278,2010-08-16 13:38:00
519384,18109,2010-08-16 14:12:00
519385,16168,2010-08-16 14:15:00
519391,13050,2010-08-16 14:46:00
519392,16625,2010-08-16 14:49:00
519393,13728,2010-08-16 14:59:00
519394,14011,2010-08-16 15:31:00
519395,14379,2010-08-16 15:31:00
519396,15039,2010-08-16 15:36:00
519398,17838,2010-08-16 16:45:00
519399,13001,2010-08-16 16:48:00
519401,13564,2010-08-16 16:54:00
519402,15854,2010-08-17 08:36:00
519403,17700,2010-08-17 08:38:00
519404,14646,2010-08-17 08:56:00
519405,13798,2010-08-17 09:11:00
519406,15245,2010-08-17 09:31:00
519407,15498,2010-08-17 09:47:00
519408,15125,2010-08-17 09:54:00
519409,13945,2010-08-17 09:59:00
519410,14541,2010-08-17 10:12:00
519411,14531,2010-08-17 10:16:00
519419,12431,2010-08-17 10:29:00
519428,16656,2010-08-17 10:35:00
519434,18092,2010-08-17 10:36:00
519458,17381,2010-08-17 10:50:00
519460,14560,2010-08-17 11:03:00
519462,17511,2010-08-17 11:21:00
519464,13278,2010-08-17 11:30:00
519465,13313,2010-08-17 11:45:00
519468,18102,2010-08-17 11:52:00
519469,17430,2010-08-17 11:52:00
519470,18102,2010-08-17 11:52:00
519471,17307,2010-08-17 11:53:00
519474,14045,2010-08-17 12:22:00
519475,16019,2010-08-17 12:30:00
519476,14749,2010-08-17 12:36:00
519477,13001,2010-08-17 12:44:00
519483,13503,2010-08-17 13:17:00
519484,16221,2010-08-17 13:30:00
519485,17753,2010-08-17 13:35:00
519486,16276,2010-08-17 13:40:00
519488,16019,2010-08-17 13:44:00
519489,17753,2010-08-17 13:45:00
519490,17713,2010-08-17 13:49:00
519494,15402,2010-08-17 14:02:00
519497,14047,2010-08-17 14:09:00
519498,14047,2010-08-17 14:10:00
519499,14590,2010-08-17 14:21:00
519500,16255,2010-08-17 14:24:00
519501,12613,2010-08-17 14:36:00
519502,17513,2010-08-17 15:08:00
519507,15144,2010-08-17 15:17:00
519508,15072,2010-08-17 15:46:00
519509,16258,2010-08-17 15:49:00
519512,17293,2010-08-17 16:42:00
519513,16258,2010-08-18 09:05:00
519514,14156,2010-08-18 09:19:00
519515,13183,2010-08-18 09:30:00
519516,13324,2010-08-18 09:32:00
519517,14944,2010-08-18 09:45:00
519518,15416,2010-08-18 09:47:00
519519,15416,2010-08-18 09:48:00
519520,15061,2010-08-18 10:03:00
519529,13320,2010-08-18 10:29:00
519533,15268,2010-08-18 10:32:00
519539,15268,2010-08-18 10:33:00
519550,14911,2010-08-18 10:37:00
519557,15421,2010-08-18 10:42:00
519558,14057,2010-08-18 11:16:00
519559,17627,2010-08-18 11:27:00
519564,15310,2010-08-18 11:38:00
519568,17262,2010-08-18 12:13:00
519569,16891,2010-08-18 12:34:00
519570,13593,2010-08-18 12:34:00
519571,18172,2010-08-18 12:36:00
519572,18172,2010-08-18 12:38:00
519573,18065,2010-08-18 12:39:00
519574,18065,2010-08-18 12:40:00
519575,18215,2010-08-18 12:42:00
519576,13381,2010-08-18 12:47:00
519577,14037,2010-08-18 12:52:00
519578,17792,2010-08-18 13:08:00
519580,16675,2010-08-18 13:11:00
519582,16638,2010-08-18 13:33:00
519583,16638,2010-08-18 13:35:00
519584,13719,2010-08-18 13:51:00
519585,18241,2010-08-18 13:56:00
519586,15764,2010-08-18 13:58:00
519587,13082,2010-08-18 14:05:00
519589,15885,2010-08-18 14:23:00
519590,14680,2010-08-18 14:23:00
519591,15972,2010-08-18 14:32:00
519592,12474,2010-08-18 14:37:00
519593,12474,2010-08-18 14:43:00
519594,16769,2010-08-18 14:43:00
519595,17492,2010-08-18 15:10:00
519596,13668,2010-08-18 15:19:00
519599,17075,2010-08-18 15:35:00
519600,15353,2010-08-18 15:47:00
519601,17873,2010-08-18 15:58:00
519602,18226,2010-08-18 16:00:00
519604,15144,2010-08-18 16:05:00
519605,15144,2010-08-18 16:07:00
519606,16180,2010-08-18 16:18:00
519607,14505,2010-08-18 16:21:00
519609,17585,2010-08-18 16:39:00
519610,15494,2010-08-18 16:54:00
519611,16984,2010-08-18 17:30:00
519612,15154,2010-08-18 17:41:00
519613,15154,2010-08-18 17:43:00
519614,14911,2010-08-19 08:47:00
519615,16843,2010-08-19 09:05:00
519616,13892,2010-08-19 09:07:00
519617,14540,2010-08-19 09:10:00
519618,14852,2010-08-19 09:16:00
519620,14952,2010-08-19 09:30:00
519621,14852,2010-08-19 09:41:00
519622,12949,2010-08-19 09:43:00
519627,14198,2010-08-19 10:07:00
519640,16684,2010-08-19 10:11:00
519647,15247,2010-08-19 10:13:00
519656,12647,2010-08-19 10:58:00
519657,14110,2010-08-19 11:18:00
519658,16225,2010-08-19 11:32:00
519659,13427,2010-08-19 11:45:00
519660,17159,2010-08-19 11:48:00
519666,12976,2010-08-19 12:16:00
519669,12976,2010-08-19 12:18:00
519673,17666,2010-08-19 12:23:00
519674,14533,2010-08-19 12:23:00
519676,17745,2010-08-19 12:30:00
519678,17676,2010-08-19 12:35:00
519680,15506,2010-08-19 12:38:00
519681,17961,2010-08-19 12:46:00
519682,16529,2010-08-19 12:48:00
519684,17599,2010-08-19 12:50:00
519686,18283,2010-08-19 13:04:00
519687,14112,2010-08-19 13:04:00
519688,17068,2010-08-19 13:06:00
519689,14283,2010-08-19 13:06:00
519690,14112,2010-08-19 13:06:00
519691,17841,2010-08-19 13:32:00
519692,17222,2010-08-19 13:48:00
519693,14667,2010-08-19 14:07:00
519694,13089,2010-08-19 14:11:00
519695,13089,2010-08-19 14:12:00
519696,13089,2010-08-19 14:13:00
519697,13089,2010-08-19 14:15:00
519698,14911,2010-08-19 14:22:00
519699,14911,2010-08-19 14:24:00
519700,14722,2010-08-19 14:34:00
519706,15903,2010-08-19 14:44:00
519707,16286,2010-08-19 14:48:00
519708,12870,2010-08-19 14:49:00
519709,16684,2010-08-19 14:49:00
519710,16684,2010-08-19 14:52:00
519711,12851,2010-08-19 15:13:00
519712,16919,2010-08-19 15:28:00
519713,14156,2010-08-19 15:36:00
519714,17829,2010-08-19 15:45:00
519715,13971,2010-08-19 16:05:00
519716,13360,2010-08-19 16:15:00
519717,13089,2010-08-19 16:16:00
519718,13479,2010-08-19 16:18:00
519720,17961,2010-08-19 16:25:00
519721,14606,2010-08-19 16:28:00
519722,12435,2010-08-19 16:53:00
519723,13842,2010-08-19 17:04:00
519724,17049,2010-08-19 17:06:00
519725,18191,2010-08-19 17:42:00
519726,16299,2010-08-19 17:46:00
519727,14064,2010-08-19 18:07:00
519728,16743,2010-08-19 18:13:00
519729,16032,2010-08-19 19:03:00
519730,16549,2010-08-19 19:39:00
519731,13542,2010-08-19 19:50:00
519732,17884,2010-08-19 20:00:00
519733,12519,2010-08-20 08:21:00
519734,12826,2010-08-20 09:01:00
519735,12433,2010-08-20 09:23:00
519739,17699,2010-08-20 09:39:00
519740,13965,2010-08-20 10:40:00
519741,14156,2010-08-20 10:44:00
519759,16503,2010-08-20 10:57:00
519765,17853,2010-08-20 11:14:00
519766,16890,2010-08-20 11:23:00
519783,16562,2010-08-20 11:45:00
519784,17739,2010-08-20 11:55:00
519785,18286,2010-08-20 11:57:00
519786,13117,2010-08-20 12:00:00
519787,16294,2010-08-20 12:01:00
519788,16525,2010-08-20 12:02:00
519789,13327,2010-08-20 12:02:00
519790,14739,2010-08-20 12:17:00
519791,13649,2010-08-20 12:18:00
519792,12865,2010-08-20 12:20:00
519793,18251,2010-08-20 12:26:00
519794,16700,2010-08-20 12:27:00
519800,18251,2010-08-20 12:28:00
519804,16332,2010-08-20 12:31:00
519805,15124,2010-08-20 12:31:00
519806,18041,2010-08-20 12:45:00
519808,16422,2010-08-20 12:50:00
519810,14646,2010-08-20 12:53:00
519811,13520,2010-08-20 12:53:00
519812,14566,2010-08-20 12:55:00
519813,13089,2010-08-20 12:59:00
519814,14911,2010-08-20 13:08:00
519815,14020,2010-08-20 13:09:00
519816,15322,2010-08-20 13:10:00
519817,14243,2010-08-20 13:41:00
519818,16029,2010-08-20 13:45:00
519819,18106,2010-08-20 13:59:00
519820,15856,2010-08-20 14:07:00
519821,15248,2010-08-20 14:13:00
519822,18106,2010-08-20 14:14:00
519823,16396,2010-08-20 14:17:00
519824,16234,2010-08-20 14:33:00
519825,16466,2010-08-20 14:43:00
519826,17526,2010-08-20 14:47:00
519827,15702,2010-08-20 14:50:00
519828,16365,2010-08-20 14:53:00
519829,14911,2010-08-20 14:53:00
519830,14911,2010-08-20 14:54:00
519831,13911,2010-08-20 15:03:00
519832,16401,2010-08-20 15:14:00
519833,17675,2010-08-20 15:19:00
519834,17675,2010-08-20 15:20:00
519836,16401,2010-08-20 15:21:00
519864,16401,2010-08-20 15:32:00
519865,15768,2010-08-20 15:58:00
519867,17757,2010-08-20 16:05:00
519871,15855,2010-08-20 17:15:00
519875,17243,2010-08-22 10:21:00
519876,13004,2010-08-22 10:27:00
519877,14016,2010-08-22 10:33:00
519878,13767,2010-08-22 10:40:00
519879,14078,2010-08-22 10:57:00
519880,15055,2010-08-22 11:06:00
519881,16275,2010-08-22 11:27:00
519882,16725,2010-08-22 11:45:00
519883,16004,2010-08-22 11:47:00
519884,16004,2010-08-22 11:48:00
519885,17471,2010-08-22 11:53:00
519886,17639,2010-08-22 11:57:00
519887,18260,2010-08-22 12:03:00
519888,16814,2010-08-22 12:12:00
519889,14878,2010-08-22 12:34:00
519890,15443,2010-08-22 12:45:00
519891,14869,2010-08-22 12:52:00
519892,15311,2010-08-22 12:55:00
519894,12877,2010-08-22 13:07:00
519895,15394,2010-08-22 13:08:00
519896,13317,2010-08-22 13:09:00
519897,13317,2010-08-22 13:09:00
519898,17578,2010-08-22 13:10:00
519899,12450,2010-08-22 13:11:00
519900,13693,2010-08-22 13:12:00
519901,17664,2010-08-22 13:14:00
519902,13225,2010-08-22 13:22:00
519903,15311,2010-08-22 13:26:00
519904,16126,2010-08-22 13:28:00
519905,14855,2010-08-22 13:36:00
519906,14855,2010-08-22 13:37:00
519907,15059,2010-08-22 13:40:00
519908,15665,2010-08-22 13:41:00
519909,16456,2010-08-22 13:45:00
519910,13157,2010-08-22 13:46:00
519911,13157,2010-08-22 13:47:00
519912,17689,2010-08-22 13:54:00
519913,17133,2010-08-22 13:58:00
519914,12471,2010-08-22 13:59:00
519915,12471,2010-08-22 14:00:00
519916,14221,2010-08-22 14:01:00
519917,15555,2010-08-22 14:31:00
519918,17597,2010-08-22 14:35:00
519919,14767,2010-08-22 14:54:00
519920,17389,2010-08-22 14:54:00
519921,17389,2010-08-22 14:55:00
519922,14560,2010-08-22 14:56:00
519923,14560,2010-08-22 14:56:00
519924,15661,2010-08-22 14:57:00
519925,15186,2010-08-22 15:00:00
519926,16085,2010-08-22 15:06:00
519927,17095,2010-08-22 15:12:00
519928,16182,2010-08-22 15:20:00
519929,17589,2010-08-22 15:39:00
519930,12866,2010-08-22 15:48:00
519931,15547,2010-08-22 15:57:00
519932,17231,2010-08-22 16:05:00
519933,16409,2010-08-22 16:07:00
519934,16770,2010-08-22 16:08:00
519935,17231,2010-08-22 16:19:00
519936,17508,2010-08-23 08:08:00
519937,18097,2010-08-23 08:44:00
519938,15260,2010-08-23 09:23:00
519939,14565,2010-08-23 09:48:00
519941,16332,2010-08-23 09:57:00
519943,13993,2010-08-23 10:12:00
519944,16168,2010-08-23 10:24:00
519945,16168,2010-08-23 10:25:00
519946,14156,2010-08-23 10:38:00
519947,14156,2010-08-23 10:41:00
519948,14156,2010-08-23 10:43:00
519971,17865,2010-08-23 11:17:00
519978,17865,2010-08-23 11:22:00
519993,14249,2010-08-23 11:30:00
519994,14249,2010-08-23 11:31:00
520004,15245,2010-08-23 11:43:00
520018,18140,2010-08-23 11:58:00
520019,15683,2010-08-23 12:01:00
520020,14187,2010-08-23 12:06:00
520021,12678,2010-08-23 12:12:00
520023,13999,2010-08-23 12:27:00
520027,14321,2010-08-23 12:56:00
520037,14527,2010-08-23 13:31:00
520039,18223,2010-08-23 13:49:00
520040,16172,2010-08-23 13:53:00
520041,13081,2010-08-23 14:12:00
520042,14735,2010-08-23 14:14:00
520043,14606,2010-08-23 14:24:00
520044,16170,2010-08-23 14:35:00
520046,15005,2010-08-23 14:38:00
520047,15325,2010-08-23 14:41:00
520050,13611,2010-08-23 14:52:00
520052,12997,2010-08-23 14:58:00
520054,16208,2010-08-23 14:59:00
520055,18225,2010-08-23 15:03:00
520056,18225,2010-08-23 15:04:00
520058,13408,2010-08-23 15:27:00
520059,15003,2010-08-23 15:44:00
520062,14395,2010-08-23 16:01:00
520063,13798,2010-08-23 16:02:00
520064,13464,2010-08-23 16:11:00
520065,13464,2010-08-23 16:12:00
520066,15043,2010-08-23 16:19:00
520069,13078,2010-08-23 16:37:00
520071,14298,2010-08-24 08:21:00
520072,14298,2010-08-24 08:24:00
520073,13870,2010-08-24 09:12:00
520074,16713,2010-08-24 09:28:00
520075,15194,2010-08-24 09:31:00
520076,12472,2010-08-24 09:44:00
520077,17553,2010-08-24 09:49:00
520078,13452,2010-08-24 09:53:00
520079,13848,2010-08-24 09:55:00
520080,13123,2010-08-24 10:18:00
520081,15222,2010-08-24 10:39:00
520082,17511,2010-08-24 10:41:00
520084,12915,2010-08-24 10:45:00
520085,13418,2010-08-24 10:48:00
520091,15628,2010-08-24 11:21:00
520092,13767,2010-08-24 11:37:00
520093,13415,2010-08-24 11:38:00
520098,16133,2010-08-24 11:41:00
520121,16314,2010-08-24 11:52:00
520132,17160,2010-08-24 11:57:00
520142,15452,2010-08-24 12:03:00
520165,13027,2010-08-24 12:44:00
520166,17774,2010-08-24 12:55:00
520168,16422,2010-08-24 13:01:00
520169,17649,2010-08-24 13:01:00
520170,14342,2010-08-24 13:03:00
520171,12931,2010-08-24 13:16:00
520172,14399,2010-08-24 13:18:00
520173,12931,2010-08-24 13:20:00
520174,18109,2010-08-24 13:24:00
520175,17873,2010-08-24 13:24:00
520176,15615,2010-08-24 13:28:00
520178,15625,2010-08-24 13:46:00
520179,16550,2010-08-24 13:46:00
520181,12765,2010-08-24 13:51:00
520182,16422,2010-08-24 13:59:00
520183,16422,2010-08-24 14:01:00
520184,16422,2010-08-24 14:02:00
520185,16153,2010-08-24 14:19:00
520186,13567,2010-08-24 14:20:00
520187,17388,2010-08-24 14:23:00
520188,13567,2010-08-24 14:26:00
520189,14911,2010-08-24 14:29:00
520190,15680,2010-08-24 14:31:00
520191,17742,2010-08-24 14:45:00
520192,14766,2010-08-24 14:46:00
520194,13361,2010-08-24 14:56:00
520195,17961,2010-08-24 14:57:00
520196,16161,2010-08-24 14:59:00
520197,13576,2010-08-24 15:14:00
520198,17706,2010-08-24 15:15:00
520200,17336,2010-08-24 15:37:00
520203,12720,2010-08-24 16:02:00
520204,16985,2010-08-24 16:08:00
520206,16985,2010-08-24 16:12:00
520207,15666,2010-08-24 16:14:00
520210,17292,2010-08-24 17:14:00
520211,18124,2010-08-24 17:21:00
520212,16033,2010-08-24 17:21:00
520213,17602,2010-08-24 17:31:00
520214,14895,2010-08-25 07:46:00
520215,18071,2010-08-25 09:33:00
520216,18071,2010-08-25 09:34:00
520217,13162,2010-08-25 09:37:00
520218,17720,2010-08-25 09:39:00
520220,12621,2010-08-25 09:44:00
520221,16456,2010-08-25 09:44:00
520222,17416,2010-08-25 09:56:00
520223,17416,2010-08-25 09:57:00
520225,13799,2010-08-25 10:08:00
520226,14344,2010-08-25 10:16:00
520228,15093,2010-08-25 10:22:00
520230,14401,2010-08-25 10:25:00
520231,15953,2010-08-25 10:41:00
520246,12721,2010-08-25 11:07:00
520291,13654,2010-08-25 11:34:00
520312,17044,2010-08-25 11:40:00
520316,12971,2010-08-25 11:41:00
520317,14229,2010-08-25 11:47:00
520318,17604,2010-08-25 11:52:00
520319,16175,2010-08-25 11:58:00
520320,16701,2010-08-25 12:12:00
520322,13648,2010-08-25 12:16:00
520323,13648,2010-08-25 12:18:00
520324,14334,2010-08-25 12:18:00
520327,15570,2010-08-25 12:20:00
520334,16200,2010-08-25 12:31:00
520336,16019,2010-08-25 12:39:00
520337,15950,2010-08-25 12:42:00
520339,16779,2010-08-25 12:43:00
520340,15039,2010-08-25 12:55:00
520342,13090,2010-08-25 13:02:00
520343,17949,2010-08-25 13:03:00
520344,13680,2010-08-25 13:05:00
520345,16199,2010-08-25 13:05:00
520346,14408,2010-08-25 13:08:00
520347,17146,2010-08-25 13:10:00
520349,12682,2010-08-25 13:22:00
520350,16570,2010-08-25 13:27:00
520351,12720,2010-08-25 13:28:00
520352,17243,2010-08-25 13:29:00
520353,17746,2010-08-25 13:29:00
520354,17746,2010-08-25 13:31:00
520356,17961,2010-08-25 13:33:00
520357,16654,2010-08-25 13:34:00
520359,16103,2010-08-25 13:36:00
520361,13548,2010-08-25 13:44:00
520362,17841,2010-08-25 13:46:00
520364,18077,2010-08-25 14:18:00
520367,12599,2010-08-25 14:34:00
520370,12875,2010-08-25 14:35:00
520372,13534,2010-08-25 14:35:00
520376,14787,2010-08-25 14:38:00
520377,14755,2010-08-25 14:45:00
520378,14755,2010-08-25 14:46:00
520380,16950,2010-08-25 14:53:00
520381,14260,2010-08-25 14:53:00
520382,14260,2010-08-25 14:55:00
520383,18144,2010-08-25 14:55:00
520384,17470,2010-08-25 14:58:00
520387,13777,2010-08-25 15:15:00
520388,15812,2010-08-25 15:24:00
520390,18196,2010-08-25 15:31:00
520392,16456,2010-08-25 15:40:00
520396,17963,2010-08-25 15:58:00
520398,13713,2010-08-25 16:11:00
520401,16448,2010-08-25 16:58:00
520404,14258,2010-08-25 17:06:00
520405,17338,2010-08-25 17:27:00
520406,16652,2010-08-26 09:23:00
520407,14215,2010-08-26 09:31:00
520410,16271,2010-08-26 09:34:00
520416,13024,2010-08-26 09:42:00
520419,14210,2010-08-26 09:52:00
520420,14210,2010-08-26 09:53:00
520421,18061,2010-08-26 09:56:00
520423,13648,2010-08-26 10:28:00
520424,14026,2010-08-26 10:31:00
520425,14236,2010-08-26 10:40:00
520426,14268,2010-08-26 10:45:00
520427,17005,2010-08-26 10:57:00
520428,18093,2010-08-26 11:13:00
520484,14930,2010-08-26 11:43:00
520485,14866,2010-08-26 11:54:00
520493,16652,2010-08-26 12:03:00
520494,12621,2010-08-26 12:09:00
520495,17068,2010-08-26 12:10:00
520496,16235,2010-08-26 12:10:00
520497,18171,2010-08-26 12:17:00
520502,14085,2010-08-26 12:38:00
520503,18102,2010-08-26 12:40:00
520504,18102,2010-08-26 12:43:00
520505,17663,2010-08-26 12:51:00
520506,14911,2010-08-26 12:52:00
520507,17696,2010-08-26 12:56:00
520508,13802,2010-08-26 13:00:00
520509,12835,2010-08-26 13:09:00
520510,16369,2010-08-26 13:20:00
520511,15497,2010-08-26 13:22:00
520512,12802,2010-08-26 13:23:00
520513,13065,2010-08-26 13:26:00
520514,16159,2010-08-26 13:40:00
520515,14075,2010-08-26 13:42:00
520516,16242,2010-08-26 13:52:00
520517,14101,2010-08-26 13:55:00
520518,17709,2010-08-26 14:02:00
520519,13277,2010-08-26 14:02:00
520520,12800,2010-08-26 14:11:00
520521,16375,2010-08-26 14:12:00
520522,14482,2010-08-26 14:13:00
520523,14482,2010-08-26 14:20:00
520524,16375,2010-08-26 14:25:00
520525,16807,2010-08-26 14:29:00
520526,13889,2010-08-26 14:45:00
520527,16288,2010-08-26 14:45:00
520528,14221,2010-08-26 14:45:00
520529,12471,2010-08-26 14:53:00
520530,17886,2010-08-26 15:03:00
520532,12836,2010-08-26 15:27:00
520534,17714,2010-08-26 15:39:00
520535,13047,2010-08-26 15:42:00
520536,12779,2010-08-26 15:44:00
520537,17576,2010-08-26 15:47:00
520538,17730,2010-08-26 15:54:00
520539,14544,2010-08-26 16:00:00
520540,16011,2010-08-26 16:00:00
520554,16523,2010-08-26 16:25:00
520555,16468,2010-08-26 16:36:00
520558,15079,2010-08-26 16:42:00
520559,13491,2010-08-26 16:43:00
520560,15079,2010-08-26 16:44:00
520561,14769,2010-08-26 16:46:00
520564,17402,2010-08-26 17:11:00
520565,13877,2010-08-26 17:19:00
520566,16094,2010-08-26 17:53:00
520567,16782,2010-08-26 17:56:00
520568,14031,2010-08-26 18:32:00
520569,13884,2010-08-26 19:57:00
520570,16549,2010-08-26 20:07:00
520572,14001,2010-08-27 09:35:00
520575,12963,2010-08-27 10:05:00
520577,17649,2010-08-27 10:23:00
520582,17732,2010-08-27 10:38:00
520584,12839,2010-08-27 10:40:00
520585,14110,2010-08-27 10:43:00
520600,17048,2010-08-27 11:50:00
520601,17692,2010-08-27 11:55:00
520602,14499,2010-08-27 11:57:00
520612,16421,2010-08-27 12:02:00
520614,15623,2010-08-27 12:04:00
520626,17869,2010-08-27 12:18:00
520654,15358,2010-08-27 12:32:00
520663,14062,2010-08-27 12:50:00
520664,16197,2010-08-27 12:56:00
520665,13206,2010-08-27 13:05:00
520666,13478,2010-08-27 13:23:00
520669,16870,2010-08-27 13:53:00
520671,15311,2010-08-27 14:01:00
520672,17270,2010-08-27 14:09:00
520673,17894,2010-08-27 14:13:00
520674,17961,2010-08-27 14:20:00
520675,15808,2010-08-27 14:23:00
520676,12747,2010-08-27 14:33:00
520677,17351,2010-08-27 14:41:00
520678,15271,2010-08-27 14:52:00
520679,16539,2010-08-27 15:12:00
520680,15480,2010-08-27 15:14:00
520682,14949,2010-08-27 15:38:00
520683,17961,2010-08-27 15:47:00
520686,17351,2010-08-27 16:10:00
520693,13995,2010-08-29 10:16:00
520694,15784,2010-08-29 10:38:00
520695,15430,2010-08-29 10:42:00
520696,14770,2010-08-29 10:45:00
520697,16923,2010-08-29 11:03:00
520698,15465,2010-08-29 11:15:00
520699,13242,2010-08-29 11:23:00
520700,15976,2010-08-29 11:31:00
520701,15058,2010-08-29 11:38:00
520702,15936,2010-08-29 11:42:00
520703,15074,2010-08-29 11:47:00
520704,13102,2010-08-29 12:05:00
520705,13203,2010-08-29 12:07:00
520706,15166,2010-08-29 12:31:00
520707,17584,2010-08-29 12:43:00
520708,18172,2010-08-29 12:53:00
520709,14693,2010-08-29 12:53:00
520710,14388,2010-08-29 13:11:00
520711,14607,2010-08-29 13:35:00
520712,13059,2010-08-29 13:48:00
520713,15722,2010-08-29 13:49:00
520714,14422,2010-08-29 13:49:00
520715,16510,2010-08-29 13:58:00
520716,15722,2010-08-29 14:03:00
520717,13093,2010-08-29 14:13:00
520718,13540,2010-08-29 14:20:00
520719,17792,2010-08-29 14:30:00
520720,13069,2010-08-29 14:36:00
520721,13922,2010-08-29 14:36:00
520722,18149,2010-08-29 14:44:00
520723,12889,2010-08-29 14:48:00
520724,17841,2010-08-29 15:07:00
520726,17442,2010-08-29 15:43:00
520727,16755,2010-08-29 15:45:00
520728,18226,2010-08-29 15:47:00
520729,15555,2010-08-29 15:51:00
520730,13093,2010-08-29 15:54:00
520731,15555,2010-08-29 15:57:00
520732,17384,2010-08-29 16:01:00
520733,15955,2010-08-31 08:16:00
520734,16975,2010-08-31 08:43:00
520736,18102,2010-08-31 09:31:00
520737,12423,2010-08-31 09:31:00
520738,14837,2010-08-31 09:36:00
520740,14885,2010-08-31 10:11:00
520742,14299,2010-08-31 10:12:00
520744,13178,2010-08-31 10:47:00
520745,14032,2010-08-31 10:47:00
520746,14911,2010-08-31 10:52:00
520750,15480,2010-08-31 11:04:00
520754,15981,2010-08-31 11:14:00
520815,15910,2010-08-31 11:40:00
520819,13089,2010-08-31 11:53:00
520820,13089,2010-08-31 11:55:00
520821,12804,2010-08-31 11:58:00
520822,13199,2010-08-31 12:05:00
520823,13199,2010-08-31 12:06:00
520825,14433,2010-08-31 12:35:00
520826,17685,2010-08-31 12:37:00
520847,16791,2010-08-31 12:48:00
520848,12623,2010-08-31 12:52:00
520849,13863,2010-08-31 12:57:00
520850,16656,2010-08-31 12:59:00
520854,14634,2010-08-31 13:18:00
520855,14527,2010-08-31 13:22:00
520856,16458,2010-08-31 13:26:00
520857,17126,2010-08-31 13:41:00
520858,13963,2010-08-31 13:42:00
520859,17377,2010-08-31 13:51:00
520860,12540,2010-08-31 13:57:00
520861,13714,2010-08-31 13:57:00
520865,13468,2010-08-31 14:23:00
520870,15298,2010-08-31 14:40:00
520871,13715,2010-08-31 14:50:00
520872,12380,2010-08-31 14:54:00
520873,14233,2010-08-31 15:03:00
520874,14543,2010-08-31 15:06:00
520875,16098,2010-08-31 15:17:00
520876,12651,2010-08-31 15:21:00
520877,17346,2010-08-31 15:28:00
520879,14045,2010-08-31 15:37:00
520880,16670,2010-08-31 15:46:00
520881,16670,2010-08-31 15:47:00
520882,12843,2010-08-31 15:51:00
520883,14911,2010-08-31 16:02:00
520884,16919,2010-08-31 16:11:00
520885,14040,2010-08-31 16:21:00
520886,14040,2010-08-31 16:22:00
520892,12573,2010-08-31 17:25:00
520893,16819,2010-08-31 17:31:00
520894,16549,2010-08-31 17:31:00
520895,16819,2010-08-31 17:37:00
520896,16658,2010-08-31 17:39:00
520899,12645,2010-09-01 09:25:00
520900,15078,2010-09-01 09:31:00
520901,15078,2010-09-01 09:33:00
520902,14025,2010-09-01 10:11:00
520903,16607,2010-09-01 10:13:00
520904,16607,2010-09-01 10:15:00
520906,17511,2010-09-01 10:30:00
520947,12761,2010-09-01 10:47:00
520948,14646,2010-09-01 11:05:00
520949,15498,2010-09-01 11:22:00
520950,13815,2010-09-01 11:23:00
520952,14901,2010-09-01 11:43:00
520953,12841,2010-09-01 11:49:00
520954,16290,2010-09-01 11:52:00
520955,15810,2010-09-01 12:00:00
520960,14606,2010-09-01 12:11:00
520966,14265,2010-09-01 12:20:00
520968,14299,2010-09-01 12:21:00
520972,12391,2010-09-01 12:38:00
520973,14175,2010-09-01 12:45:00
520974,15611,2010-09-01 12:51:00
520987,12838,2010-09-01 13:06:00
520989,13089,2010-09-01 13:12:00
520990,15311,2010-09-01 13:21:00
520999,17215,2010-09-01 13:39:00
521001,17926,2010-09-01 13:44:00
521002,15199,2010-09-01 13:57:00
521003,13989,2010-09-01 13:58:00
521004,13399,2010-09-01 13:59:00
521006,18258,2010-09-01 14:20:00
521010,15574,2010-09-01 14:37:00
521012,17888,2010-09-01 14:52:00
521014,17611,2010-09-01 14:55:00
521019,16292,2010-09-01 15:08:00
521026,15290,2010-09-01 15:32:00
521027,17753,2010-09-01 15:49:00
521030,14167,2010-09-01 17:15:00
521032,18144,2010-09-02 08:06:00
521033,12898,2010-09-02 08:08:00
521034,15803,2010-09-02 08:42:00
521035,16258,2010-09-02 08:57:00
521036,12949,2010-09-02 09:04:00
521037,12678,2010-09-02 09:14:00
521038,12589,2010-09-02 09:14:00
521040,12471,2010-09-02 09:27:00
521043,13472,2010-09-02 09:41:00
521044,13916,2010-09-02 10:04:00
521057,17735,2010-09-02 10:18:00
521071,16168,2010-09-02 10:25:00
521097,12589,2010-09-02 10:37:00
521111,12589,2010-09-02 10:43:00
521112,14646,2010-09-02 10:47:00
521114,15039,2010-09-02 11:28:00
521115,14911,2010-09-02 11:30:00
521116,17695,2010-09-02 11:34:00
521117,14562,2010-09-02 11:37:00
521118,14092,2010-09-02 11:45:00
521119,17068,2010-09-02 11:45:00
521120,16145,2010-09-02 11:54:00
521121,17867,2010-09-02 12:04:00
521122,15677,2010-09-02 12:08:00
521123,17867,2010-09-02 12:12:00
521124,16993,2010-09-02 12:16:00
521125,16919,2010-09-02 12:22:00
521126,12414,2010-09-02 12:22:00
521127,16915,2010-09-02 12:26:00
521128,13004,2010-09-02 12:35:00
521129,16746,2010-09-02 12:36:00
521130,15856,2010-09-02 12:44:00
521132,14796,2010-09-02 12:53:00
521148,16065,2010-09-02 13:27:00
521149,14326,2010-09-02 13:29:00
521150,13564,2010-09-02 13:33:00
521151,13564,2010-09-02 13:36:00
521152,17243,2010-09-02 13:38:00
521153,16607,2010-09-02 13:40:00
521154,12414,2010-09-02 13:42:00
521156,13564,2010-09-02 13:46:00
521157,12414,2010-09-02 13:47:00
521159,16779,2010-09-02 13:57:00
521160,15738,2010-09-02 14:12:00
521161,12788,2010-09-02 14:21:00
521162,12598,2010-09-02 14:22:00
521163,18182,2010-09-02 14:25:00
521165,14283,2010-09-02 14:46:00
521166,17238,2010-09-02 14:52:00
521167,15227,2010-09-02 15:04:00
521168,16161,2010-09-02 15:05:00
521170,15043,2010-09-02 15:09:00
521172,12451,2010-09-02 15:35:00
521173,15191,2010-09-02 15:37:00
521174,12451,2010-09-02 15:38:00
521175,15901,2010-09-02 15:50:00
521176,16351,2010-09-02 15:51:00
521177,15564,2010-09-02 15:52:00
521178,12831,2010-09-02 15:58:00
521179,12831,2010-09-02 16:00:00
521180,12937,2010-09-02 16:01:00
521181,13629,2010-09-02 16:07:00
521182,14298,2010-09-02 16:14:00
521183,15769,2010-09-02 16:19:00
521184,15769,2010-09-02 16:20:00
521185,16133,2010-09-02 16:33:00
521186,14908,2010-09-02 16:39:00
521187,15779,2010-09-02 16:40:00
521188,16225,2010-09-02 16:47:00
521189,13077,2010-09-02 16:47:00
521192,15094,2010-09-02 16:55:00
521193,13414,2010-09-02 16:55:00
521194,13992,2010-09-02 17:04:00
521195,15424,2010-09-02 17:17:00
521196,15081,2010-09-02 17:19:00
521197,14180,2010-09-02 17:28:00
521199,16872,2010-09-02 17:36:00
521200,17675,2010-09-02 17:45:00
521203,12431,2010-09-02 18:04:00
521204,14667,2010-09-02 18:13:00
521205,17324,2010-09-02 18:22:00
521206,12823,2010-09-02 18:22:00
521207,13856,2010-09-02 18:24:00
521208,14739,2010-09-02 18:32:00
521209,16239,2010-09-02 19:17:00
521210,16027,2010-09-02 19:18:00
521211,17512,2010-09-02 19:19:00
521213,16325,2010-09-03 09:14:00
521214,12683,2010-09-03 09:27:00
521215,14058,2010-09-03 09:31:00
521217,15260,2010-09-03 09:51:00
521219,13089,2010-09-03 10:13:00
521220,12808,2010-09-03 10:24:00
521221,16353,2010-09-03 10:31:00
521222,17287,2010-09-03 10:39:00
521223,17454,2010-09-03 10:43:00
521225,15640,2010-09-03 10:48:00
521226,16719,2010-09-03 10:49:00
521227,14086,2010-09-03 10:52:00
521244,15061,2010-09-03 11:23:00
521250,15061,2010-09-03 11:25:00
521254,15061,2010-09-03 11:26:00
521268,15378,2010-09-03 11:30:00
521269,13408,2010-09-03 11:31:00
521284,16985,2010-09-03 11:39:00
521287,16100,2010-09-03 11:39:00
521293,13346,2010-09-03 11:41:00
521294,16177,2010-09-03 11:42:00
521307,16823,2010-09-03 11:49:00
521312,12939,2010-09-03 11:54:00
521313,12939,2010-09-03 11:55:00
521314,17949,2010-09-03 11:59:00
521315,15838,2010-09-03 12:01:00
521316,16029,2010-09-03 12:04:00
521317,17854,2010-09-03 12:06:00
521318,16754,2010-09-03 12:06:00
521319,14009,2010-09-03 12:08:00
521324,18109,2010-09-03 12:21:00
521325,17677,2010-09-03 12:22:00
521326,16947,2010-09-03 12:22:00
521327,17677,2010-09-03 12:23:00
521328,15092,2010-09-03 12:33:00
521329,16525,2010-09-03 12:44:00
521339,15769,2010-09-03 12:52:00
521340,16235,2010-09-03 13:06:00
521341,12440,2010-09-03 13:11:00
521342,17669,2010-09-03 13:13:00
521343,12681,2010-09-03 13:18:00
521344,16735,2010-09-03 13:45:00
521345,16289,2010-09-03 14:02:00
521349,13037,2010-09-03 14:22:00
521350,13078,2010-09-03 14:28:00
521351,17961,2010-09-03 14:39:00
521352,17428,2010-09-03 14:40:00
521353,18036,2010-09-03 14:41:00
521354,12361,2010-09-03 15:19:00
521356,16331,2010-09-03 15:47:00
521358,16422,2010-09-03 16:12:00
521360,14163,2010-09-03 17:15:00
521361,17858,2010-09-03 17:23:00
521362,17858,2010-09-03 17:24:00
521363,15255,2010-09-05 10:06:00
521364,16843,2010-09-05 10:31:00
521365,14911,2010-09-05 10:44:00
521366,16782,2010-09-05 10:54:00
521367,14753,2010-09-05 11:04:00
521368,15981,2010-09-05 11:13:00
521369,16085,2010-09-05 11:14:00
521370,17707,2010-09-05 11:16:00
521371,13250,2010-09-05 11:33:00
521372,13809,2010-09-05 11:42:00
521373,12437,2010-09-05 11:47:00
521374,14606,2010-09-05 11:57:00
521375,12647,2010-09-05 11:58:00
521376,13798,2010-09-05 11:59:00
521377,13824,2010-09-05 12:01:00
521378,16434,2010-09-05 12:05:00
521379,17757,2010-09-05 12:22:00
521380,15461,2010-09-05 12:31:00
521381,13506,2010-09-05 12:33:00
521383,15751,2010-09-05 12:44:00
521384,16422,2010-09-05 12:52:00
521385,14709,2010-09-05 12:55:00
521386,17085,2010-09-05 13:07:00
521387,14426,2010-09-05 13:08:00
521388,15887,2010-09-05 13:41:00
521389,13032,2010-09-05 14:01:00
521390,16327,2010-09-05 14:03:00
521391,13434,2010-09-05 14:13:00
521392,16170,2010-09-05 14:40:00
521393,14194,2010-09-05 15:27:00
521394,14318,2010-09-05 15:32:00
521395,13617,2010-09-05 15:47:00
521396,13785,2010-09-05 16:01:00
521397,16549,2010-09-05 16:02:00
521398,14415,2010-09-05 16:10:00
521399,14609,2010-09-06 09:32:00
521400,14145,2010-09-06 09:53:00
521401,12524,2010-09-06 10:10:00
521402,12744,2010-09-06 10:15:00
521403,12744,2010-09-06 10:19:00
521404,12744,2010-09-06 10:24:00
521405,13785,2010-09-06 10:37:00
521406,13093,2010-09-06 10:42:00
521407,12748,2010-09-06 11:07:00
521426,12490,2010-09-06 11:21:00
521430,17404,2010-09-06 11:22:00
521441,15543,2010-09-06 11:28:00
521450,14442,2010-09-06 11:32:00
521452,15712,2010-09-06 11:33:00
521467,13842,2010-09-06 11:49:00
521469,16255,2010-09-06 11:57:00
521470,16246,2010-09-06 12:04:00
521471,14680,2010-09-06 12:09:00
521473,15719,2010-09-06 12:16:00
521475,13070,2010-09-06 12:37:00
521476,14527,2010-09-06 12:43:00
521477,12986,2010-09-06 12:43:00
521478,17841,2010-09-06 12:55:00
521479,12758,2010-09-06 13:02:00
521480,12779,2010-09-06 13:14:00
521482,15809,2010-09-06 13:20:00
521483,13093,2010-09-06 13:26:00
521484,17585,2010-09-06 13:26:00
521493,14248,2010-09-06 14:04:00
521494,13426,2010-09-06 14:05:00
521495,13050,2010-09-06 14:10:00
521496,12510,2010-09-06 14:27:00
521507,13032,2010-09-06 14:33:00
521515,13736,2010-09-06 14:36:00
521518,13032,2010-09-06 14:37:00
521521,13032,2010-09-06 14:38:00
521527,13736,2010-09-06 14:40:00
521532,15122,2010-09-06 14:46:00
521533,13032,2010-09-06 14:46:00
521539,17975,2010-09-06 14:54:00
521541,14915,2010-09-06 14:58:00
521544,16705,2010-09-06 15:12:00
521546,13769,2010-09-06 15:28:00
521547,13133,2010-09-06 15:30:00
521548,13769,2010-09-06 15:31:00
521549,14156,2010-09-06 15:55:00
521553,12963,2010-09-06 16:16:00
521554,15489,2010-09-06 16:16:00
521557,13983,2010-09-06 17:13:00
521558,16314,2010-09-07 09:31:00
521559,16600,2010-09-07 09:35:00
521560,14952,2010-09-07 10:17:00
521561,13137,2010-09-07 10:19:00
521562,14952,2010-09-07 10:20:00
521563,12921,2010-09-07 10:26:00
521564,15885,2010-09-07 10:43:00
521565,15189,2010-09-07 10:54:00
521566,13694,2010-09-07 10:54:00
521567,13694,2010-09-07 10:56:00
521568,17511,2010-09-07 10:59:00
521569,12437,2010-09-07 11:40:00
521570,15039,2010-09-07 11:43:00
521571,13787,2010-09-07 11:55:00
521572,16029,2010-09-07 12:00:00
521574,13082,2010-09-07 12:18:00
521575,12859,2010-09-07 12:20:00
521577,13001,2010-09-07 12:30:00
521584,16556,2010-09-07 12:34:00
521588,16832,2010-09-07 12:35:00
521593,15289,2010-09-07 12:38:00
521617,16336,2010-09-07 12:53:00
521642,14911,2010-09-07 13:04:00
521645,15311,2010-09-07 13:12:00
521647,14606,2010-09-07 13:25:00
521648,14606,2010-09-07 13:26:00
521649,14968,2010-09-07 13:28:00
521650,14060,2010-09-07 13:36:00
521651,12576,2010-09-07 13:41:00
521652,17692,2010-09-07 13:50:00
521653,13571,2010-09-07 13:52:00
521654,17965,2010-09-07 13:58:00
521656,16221,2010-09-07 14:04:00
521658,14395,2010-09-07 14:08:00
521660,14818,2010-09-07 14:16:00
521661,12605,2010-09-07 14:21:00
521662,16952,2010-09-07 14:31:00
521663,15367,2010-09-07 14:46:00
521664,17611,2010-09-07 14:54:00
521665,15674,2010-09-07 15:01:00
521666,16660,2010-09-07 15:09:00
521668,12819,2010-09-07 15:20:00
521682,17031,2010-09-07 15:30:00
521683,12891,2010-09-07 15:31:00
521684,17212,2010-09-07 15:46:00
521685,15741,2010-09-07 16:21:00
521686,12921,2010-09-07 16:23:00
521687,13092,2010-09-07 16:45:00
521689,14646,2010-09-07 17:03:00
521692,14911,2010-09-08 08:18:00
521693,13333,2010-09-08 09:23:00
521695,13683,2010-09-08 10:00:00
521696,13468,2010-09-08 10:06:00
521697,15271,2010-09-08 10:09:00
521698,13076,2010-09-08 10:27:00
521699,13450,2010-09-08 10:43:00
521700,14740,2010-09-08 10:54:00
521722,12594,2010-09-08 11:29:00
521737,15141,2010-09-08 11:33:00
521742,12777,2010-09-08 11:35:00
521758,15488,2010-09-08 11:40:00
521765,12471,2010-09-08 11:54:00
521766,12471,2010-09-08 11:54:00
521767,15752,2010-09-08 11:56:00
521768,16839,2010-09-08 12:06:00
521769,12761,2010-09-08 12:17:00
521770,16150,2010-09-08 12:24:00
521771,13931,2010-09-08 12:33:00
521775,13728,2010-09-08 12:38:00
521781,14135,2010-09-08 12:42:00
521784,16027,2010-09-08 12:44:00
521785,16771,2010-09-08 12:46:00
521786,15793,2010-09-08 12:47:00
521787,18075,2010-09-08 12:49:00
521788,13005,2010-09-08 12:52:00
521790,12575,2010-09-08 13:09:00
521791,14667,2010-09-08 13:30:00
521792,17220,2010-09-08 13:43:00
521793,15339,2010-09-08 13:46:00
521794,17068,2010-09-08 13:52:00
521796,17220,2010-09-08 13:57:00
521797,15627,2010-09-08 14:14:00
521798,15615,2010-09-08 14:14:00
521799,14282,2010-09-08 14:16:00
521800,18226,2010-09-08 14:17:00
521808,18041,2010-09-08 14:32:00
521809,14911,2010-09-08 14:33:00
521810,16768,2010-09-08 14:45:00
521811,16713,2010-09-08 14:57:00
521812,16271,2010-09-08 15:00:00
521813,13384,2010-09-08 15:06:00
521815,13327,2010-09-08 15:28:00
521816,15555,2010-09-08 15:30:00
521817,16134,2010-09-08 15:38:00
521819,13717,2010-09-08 16:17:00
521820,17732,2010-09-08 16:29:00
521821,15523,2010-09-08 17:23:00
521822,12714,2010-09-09 10:37:00
521829,17242,2010-09-09 10:44:00
521839,12635,2010-09-09 10:50:00
521857,15606,2010-09-09 11:00:00
521866,14918,2010-09-09 11:02:00
521868,12980,2010-09-09 11:04:00
521869,17612,2010-09-09 11:12:00
521871,16972,2010-09-09 11:20:00
521888,12770,2010-09-09 11:43:00
521889,14455,2010-09-09 11:59:00
521890,15488,2010-09-09 11:59:00
521891,15129,2010-09-09 12:04:00
521892,15129,2010-09-09 12:06:00
521893,13305,2010-09-09 12:14:00
521896,12682,2010-09-09 12:19:00
521897,14064,2010-09-09 12:22:00
521898,17243,2010-09-09 12:24:00
521899,12647,2010-09-09 12:29:00
521900,16743,2010-09-09 12:34:00
521901,14688,2010-09-09 12:35:00
521907,17377,2010-09-09 12:43:00
521908,15972,2010-09-09 12:58:00
521909,18008,2010-09-09 13:02:00
521910,13046,2010-09-09 13:09:00
521911,15972,2010-09-09 13:20:00
521912,15005,2010-09-09 13:23:00
521913,17663,2010-09-09 13:31:00
521914,12460,2010-09-09 13:51:00
521915,15766,2010-09-09 13:51:00
521916,16809,2010-09-09 13:52:00
521917,13408,2010-09-09 13:53:00
521920,16926,2010-09-09 14:25:00
521921,12681,2010-09-09 14:48:00
521922,12631,2010-09-09 14:49:00
521924,16886,2010-09-09 15:08:00
521925,13069,2010-09-09 15:14:00
521927,16638,2010-09-09 15:22:00
521928,17456,2010-09-09 15:28:00
521931,14606,2010-09-09 15:44:00
521935,15755,2010-09-09 15:57:00
521936,14492,2010-09-09 16:11:00
521938,18255,2010-09-09 16:31:00
521944,17742,2010-09-09 16:50:00
521945,16095,2010-09-09 16:54:00
521946,16563,2010-09-09 17:04:00
521947,15938,2010-09-09 17:07:00
521948,12748,2010-09-09 17:16:00
521949,15150,2010-09-09 17:16:00
521950,15150,2010-09-09 17:19:00
521951,12748,2010-09-09 17:27:00
521952,12683,2010-09-09 17:37:00
521953,17762,2010-09-09 17:40:00
521954,17180,2010-09-09 17:46:00
521955,16032,2010-09-09 18:00:00
521958,12708,2010-09-09 18:14:00
521968,14444,2010-09-09 18:56:00
521969,17473,2010-09-09 19:03:00
521970,17282,2010-09-09 19:23:00
521972,13875,2010-09-09 19:36:00
521973,17366,2010-09-09 19:46:00
521974,15861,2010-09-09 19:56:00
521975,13969,2010-09-09 20:00:00
521977,17884,2010-09-09 20:03:00
521978,12760,2010-09-10 08:50:00
521979,13477,2010-09-10 09:03:00
521980,13477,2010-09-10 09:08:00
521982,17369,2010-09-10 09:49:00
521983,13304,2010-09-10 10:09:00
521984,14708,2010-09-10 10:26:00
521985,14623,2010-09-10 10:27:00
521986,14205,2010-09-10 10:34:00
521987,17646,2010-09-10 10:36:00
521988,15218,2010-09-10 10:45:00
521989,12921,2010-09-10 10:47:00
521999,14445,2010-09-10 11:09:00
522016,15291,2010-09-10 11:30:00
522017,13798,2010-09-10 11:30:00
522024,17228,2010-09-10 11:40:00
522025,15372,2010-09-10 11:56:00
522026,16648,2010-09-10 11:59:00
522027,14625,2010-09-10 12:01:00
522029,12474,2010-09-10 12:05:00
522030,15580,2010-09-10 12:07:00
522039,13579,2010-09-10 12:24:00
522040,15311,2010-09-10 12:29:00
522041,16858,2010-09-10 12:32:00
522042,13557,2010-09-10 12:48:00
522045,16040,2010-09-10 13:38:00
522046,13246,2010-09-10 13:59:00
522047,14431,2010-09-10 14:04:00
522048,13330,2010-09-10 14:12:00
522049,16928,2010-09-10 14:31:00
522050,17705,2010-09-10 14:43:00
522051,13319,2010-09-10 14:50:00
522052,13319,2010-09-10 14:52:00
522053,13999,2010-09-10 14:53:00
522054,15078,2010-09-10 15:42:00
522055,15078,2010-09-10 15:44:00
522056,15078,2010-09-10 15:45:00
522058,14129,2010-09-10 15:50:00
522059,15856,2010-09-10 15:51:00
522060,12802,2010-09-10 15:52:00
522061,18260,2010-09-10 15:57:00
522062,15856,2010-09-10 15:57:00
522066,17865,2010-09-10 16:41:00
522068,16549,2010-09-10 17:19:00
522069,18260,2010-09-12 10:18:00
522070,17377,2010-09-12 10:30:00
522071,13782,2010-09-12 10:40:00
522072,14635,2010-09-12 10:47:00
522073,16787,2010-09-12 10:49:00
522074,12872,2010-09-12 10:49:00
522075,17640,2010-09-12 10:56:00
522076,16815,2010-09-12 10:59:00
522077,16686,2010-09-12 11:03:00
522078,16206,2010-09-12 11:29:00
522079,15422,2010-09-12 11:38:00
522080,14525,2010-09-12 11:41:00
522081,16872,2010-09-12 11:43:00
522082,16608,2010-09-12 11:44:00
522083,16218,2010-09-12 11:47:00
522084,15992,2010-09-12 11:52:00
522085,15953,2010-09-12 11:54:00
522086,16042,2010-09-12 12:00:00
522087,16008,2010-09-12 12:16:00
522088,14156,2010-09-12 12:31:00
522089,16387,2010-09-12 12:41:00
522090,16799,2010-09-12 12:46:00
522091,14595,2010-09-12 12:47:00
522092,15006,2010-09-12 13:03:00
522093,15406,2010-09-12 13:06:00
522094,15406,2010-09-12 13:10:00
522095,15824,2010-09-12 13:20:00
522096,14693,2010-09-12 13:44:00
522097,14898,2010-09-12 13:49:00
522098,16320,2010-09-12 13:51:00
522100,16713,2010-09-12 14:02:00
522101,14264,2010-09-12 14:02:00
522102,13148,2010-09-12 14:05:00
522103,15716,2010-09-12 14:19:00
522104,15714,2010-09-12 14:22:00
522105,13634,2010-09-12 14:26:00
522106,13634,2010-09-12 14:34:00
522107,16208,2010-09-12 14:44:00
522108,17383,2010-09-12 14:54:00
522109,17728,2010-09-12 14:58:00
522110,13455,2010-09-12 15:15:00
522111,14243,2010-09-12 15:21:00
522112,18168,2010-09-12 15:36:00
522113,17021,2010-09-12 15:38:00
522114,12748,2010-09-12 15:58:00
522115,15796,2010-09-12 16:08:00
522116,17921,2010-09-12 16:08:00
522117,15800,2010-09-12 16:17:00
522118,13767,2010-09-13 08:18:00
522119,12989,2010-09-13 08:37:00
522120,12989,2010-09-13 08:39:00
522121,14911,2010-09-13 09:27:00
522122,17416,2010-09-13 09:29:00
522123,17416,2010-09-13 09:30:00
522124,17308,2010-09-13 09:35:00
522125,16558,2010-09-13 09:37:00
522126,16558,2010-09-13 09:38:00
522127,16029,2010-09-13 09:40:00
522128,16558,2010-09-13 09:40:00
522129,16013,2010-09-13 09:55:00
522130,13963,2010-09-13 09:56:00
522131,16013,2010-09-13 09:56:00
522132,18251,2010-09-13 09:57:00
522133,16013,2010-09-13 09:58:00
522134,16013,2010-09-13 10:01:00
522135,16860,2010-09-13 10:05:00
522137,17147,2010-09-13 10:30:00
522139,14156,2010-09-13 10:30:00
522145,14735,2010-09-13 10:34:00
522148,13613,2010-09-13 10:40:00
522150,13613,2010-09-13 10:44:00
522152,17512,2010-09-13 10:46:00
522156,14569,2010-09-13 10:51:00
522160,12924,2010-09-13 11:01:00
522166,17504,2010-09-13 11:20:00
522170,17644,2010-09-13 11:28:00
522172,13004,2010-09-13 11:38:00
522206,17898,2010-09-13 12:01:00
522207,13613,2010-09-13 12:01:00
522213,14209,2010-09-13 12:05:00
522237,17307,2010-09-13 12:15:00
522248,13593,2010-09-13 12:19:00
522250,17426,2010-09-13 12:23:00
522253,17426,2010-09-13 12:29:00
522259,17426,2010-09-13 12:31:00
522271,14399,2010-09-13 12:34:00
522272,17426,2010-09-13 12:35:00
522273,16470,2010-09-13 12:41:00
522274,15061,2010-09-13 12:44:00
522275,15061,2010-09-13 12:46:00
522276,15061,2010-09-13 12:47:00
522277,16458,2010-09-13 12:51:00
522278,16133,2010-09-13 12:51:00
522281,16374,2010-09-13 12:56:00
522282,13920,2010-09-13 13:09:00
522283,13479,2010-09-13 13:29:00
522284,17841,2010-09-13 13:29:00
522285,15401,2010-09-13 13:42:00
522286,14467,2010-09-13 13:42:00
522288,13129,2010-09-13 13:47:00
522289,16684,2010-09-13 13:52:00
522291,16625,2010-09-13 14:26:00
522292,12835,2010-09-13 14:33:00
522293,14615,2010-09-13 14:33:00
522298,14913,2010-09-13 14:45:00
522299,16550,2010-09-13 14:49:00
522301,12530,2010-09-13 14:55:00
522302,15271,2010-09-13 14:56:00
522309,15521,2010-09-13 15:12:00
522323,13869,2010-09-13 15:23:00
522325,12693,2010-09-13 15:48:00
522327,18069,2010-09-13 16:15:00
522328,17132,2010-09-13 16:31:00
522330,17218,2010-09-13 17:25:00
522331,15639,2010-09-14 09:05:00
522332,15600,2010-09-14 09:36:00
522333,12483,2010-09-14 09:43:00
522334,13089,2010-09-14 09:43:00
522335,12583,2010-09-14 10:13:00
522336,12450,2010-09-14 10:20:00
522337,13440,2010-09-14 10:34:00
522338,13537,2010-09-14 10:41:00
522339,12621,2010-09-14 10:43:00
522340,17616,2010-09-14 10:43:00
522341,15107,2010-09-14 10:47:00
522359,13798,2010-09-14 10:58:00
522384,15673,2010-09-14 11:08:00
522385,16919,2010-09-14 11:15:00
522410,13555,2010-09-14 11:36:00
522413,18075,2010-09-14 11:42:00
522414,14441,2010-09-14 11:50:00
522415,16746,2010-09-14 12:06:00
522416,17324,2010-09-14 12:10:00
522417,14527,2010-09-14 12:18:00
522418,13152,2010-09-14 12:27:00
522419,17615,2010-09-14 12:37:00
522421,12778,2010-09-14 12:48:00
522422,13324,2010-09-14 12:51:00
522423,13880,2010-09-14 12:55:00
522424,12476,2010-09-14 12:58:00
522425,12476,2010-09-14 13:05:00
522426,17861,2010-09-14 13:16:00
522427,13199,2010-09-14 13:21:00
522428,16444,2010-09-14 13:24:00
522429,15311,2010-09-14 13:29:00
522430,13468,2010-09-14 13:32:00
522431,17534,2010-09-14 13:32:00
522432,15965,2010-09-14 13:34:00
522433,15901,2010-09-14 13:37:00
522434,14112,2010-09-14 13:41:00
522435,14606,2010-09-14 13:45:00
522436,13242,2010-09-14 13:53:00
522437,17346,2010-09-14 13:56:00
522439,15240,2010-09-14 14:14:00
522440,15901,2010-09-14 14:16:00
522442,13324,2010-09-14 14:22:00
522443,15998,2010-09-14 14:30:00
522444,17801,2010-09-14 14:32:00
522445,15955,2010-09-14 14:35:00
522446,13312,2010-09-14 14:36:00
522447,14363,2010-09-14 14:39:00
522449,17149,2010-09-14 14:56:00
522450,16690,2010-09-14 15:00:00
522451,15194,2010-09-14 15:08:00
522452,16206,2010-09-14 15:30:00
522453,16206,2010-09-14 15:31:00
522454,12682,2010-09-14 15:40:00
522455,17422,2010-09-14 15:41:00
522456,13207,2010-09-14 15:44:00
522457,18136,2010-09-14 15:50:00
522458,12933,2010-09-14 15:55:00
522459,12933,2010-09-14 15:56:00
522460,13324,2010-09-14 16:01:00
522461,14381,2010-09-14 16:15:00
522462,13141,2010-09-14 16:25:00
522463,14710,2010-09-14 17:13:00
522465,16155,2010-09-15 08:43:00
522466,16748,2010-09-15 09:38:00
522467,12539,2010-09-15 09:50:00
522468,14231,2010-09-15 09:52:00
522469,17460,2010-09-15 10:08:00
522470,13854,2010-09-15 10:35:00
522471,13534,2010-09-15 10:37:00
522472,16656,2010-09-15 10:40:00
522474,16656,2010-09-15 10:43:00
522476,15966,2010-09-15 10:44:00
522477,16701,2010-09-15 10:48:00
522478,14370,2010-09-15 10:53:00
522497,12682,2010-09-15 11:04:00
522501,15039,2010-09-15 11:07:00
522502,14530,2010-09-15 11:22:00
522511,15311,2010-09-15 11:33:00
522513,14156,2010-09-15 11:35:00
522514,17382,2010-09-15 11:36:00
522515,13041,2010-09-15 11:44:00
522526,16143,2010-09-15 11:49:00
522542,16406,2010-09-15 11:53:00
522553,12481,2010-09-15 11:56:00
522570,12768,2010-09-15 12:08:00
522579,17905,2010-09-15 12:11:00
522582,14646,2010-09-15 12:16:00
522583,15906,2010-09-15 12:17:00
522584,15527,2010-09-15 12:21:00
522585,13784,2010-09-15 12:27:00
522586,17403,2010-09-15 12:29:00
522588,15885,2010-09-15 12:46:00
522589,14825,2010-09-15 12:47:00
522590,15661,2010-09-15 12:48:00
522591,16940,2010-09-15 12:53:00
522592,12408,2010-09-15 13:16:00
522594,16005,2010-09-15 13:21:00
522595,12990,2010-09-15 13:21:00
522596,14040,2010-09-15 13:24:00
522597,12402,2010-09-15 13:24:00
522598,13126,2010-09-15 13:29:00
522599,16522,2010-09-15 13:32:00
522600,16422,2010-09-15 13:34:00
522601,16422,2010-09-15 13:35:00
522602,16422,2010-09-15 13:36:00
522603,15685,2010-09-15 13:43:00
522604,15629,2010-09-15 13:44:00
522605,15629,2010-09-15 13:46:00
522606,16019,2010-09-15 13:46:00
522608,13117,2010-09-15 13:53:00
522610,16080,2010-09-15 14:19:00
522611,12422,2010-09-15 14:29:00
522612,16979,2010-09-15 14:30:00
522614,14375,2010-09-15 14:45:00
522615,17560,2010-09-15 14:51:00
522617,15372,2010-09-15 14:52:00
522618,16589,2010-09-15 14:56:00
522619,16395,2010-09-15 15:08:00
522621,16477,2010-09-15 15:16:00
522622,17589,2010-09-15 15:32:00
522623,15301,2010-09-15 15:41:00
522624,12709,2010-09-15 16:16:00
522625,17392,2010-09-15 16:17:00
522626,15513,2010-09-15 16:22:00
522627,15660,2010-09-15 16:28:00
522628,15291,2010-09-15 17:06:00
522629,15272,2010-09-15 17:07:00
522630,14828,2010-09-16 09:07:00
522631,14156,2010-09-16 09:07:00
522635,13089,2010-09-16 09:54:00
522636,16656,2010-09-16 09:54:00
522637,13089,2010-09-16 09:57:00
522638,13089,2010-09-16 10:00:00
522639,13089,2010-09-16 10:17:00
522640,13089,2010-09-16 10:19:00
522641,12782,2010-09-16 10:22:00
522642,13374,2010-09-16 10:29:00
522644,15723,2010-09-16 10:43:00
522650,13424,2010-09-16 10:49:00
522651,12433,2010-09-16 10:51:00
522662,13089,2010-09-16 10:56:00
522663,13113,2010-09-16 10:56:00
522699,18219,2010-09-16 11:29:00
522703,14911,2010-09-16 11:30:00
522708,18001,2010-09-16 11:32:00
522710,18001,2010-09-16 11:37:00
522711,17348,2010-09-16 11:40:00
522712,12437,2010-09-16 11:43:00
522719,13202,2010-09-16 12:11:00
522720,16912,2010-09-16 12:20:00
522723,14701,2010-09-16 12:27:00
522725,17491,2010-09-16 12:41:00
522733,17588,2010-09-16 12:51:00
522738,16218,2010-09-16 13:04:00
522739,14963,2010-09-16 13:06:00
522740,13243,2010-09-16 13:06:00
522742,18044,2010-09-16 13:07:00
522744,13243,2010-09-16 13:12:00
522748,13243,2010-09-16 13:18:00
522750,16646,2010-09-16 13:28:00
522751,13589,2010-09-16 13:29:00
522760,15962,2010-09-16 13:48:00
522761,13587,2010-09-16 13:50:00
522763,13587,2010-09-16 13:52:00
522766,15182,2010-09-16 13:58:00
522767,15182,2010-09-16 13:59:00
522768,14099,2010-09-16 14:08:00
522769,17799,2010-09-16 14:12:00
522770,12600,2010-09-16 14:28:00
522773,12369,2010-09-16 14:34:00
522789,14221,2010-09-16 14:41:00
522792,17706,2010-09-16 14:52:00
522794,13515,2010-09-16 15:07:00
522797,18041,2010-09-16 15:13:00
522799,14355,2010-09-16 15:23:00
522801,13573,2010-09-16 15:46:00
522802,17608,2010-09-16 16:15:00
522803,16499,2010-09-16 16:25:00
522805,15341,2010-09-16 16:41:00
522806,15748,2010-09-16 16:52:00
522807,15748,2010-09-16 16:55:00
522808,12921,2010-09-16 16:56:00
522809,12921,2010-09-16 16:57:00
522810,13722,2010-09-16 16:59:00
522811,13722,2010-09-16 17:02:00
522812,17576,2010-09-16 17:26:00
522813,15664,2010-09-16 18:09:00
522814,12921,2010-09-16 18:24:00
522815,13969,2010-09-16 19:09:00
522816,17594,2010-09-16 19:17:00
522817,13208,2010-09-16 19:43:00
522819,15535,2010-09-16 20:04:00
522820,15841,2010-09-17 08:38:00
522821,14734,2010-09-17 09:04:00
522822,18229,2010-09-17 09:11:00
522823,13398,2010-09-17 09:34:00
522824,14110,2010-09-17 09:52:00
522825,13093,2010-09-17 10:00:00
522826,13564,2010-09-17 10:16:00
522828,16756,2010-09-17 10:23:00
522833,16670,2010-09-17 10:30:00
522835,15362,2010-09-17 10:37:00
522839,16146,2010-09-17 10:46:00
522847,14035,2010-09-17 11:04:00
522855,13384,2010-09-17 11:27:00
522863,12931,2010-09-17 11:37:00
522879,13777,2010-09-17 11:54:00
522885,13952,2010-09-17 12:06:00
522891,16371,2010-09-17 12:09:00
522894,13952,2010-09-17 12:10:00
522901,14107,2010-09-17 12:25:00
522902,12554,2010-09-17 12:29:00
522903,13443,2010-09-17 12:31:00
522904,17765,2010-09-17 12:45:00
522906,17241,2010-09-17 12:54:00
522907,15514,2010-09-17 13:08:00
522908,17233,2010-09-17 13:20:00
522909,18075,2010-09-17 13:30:00
522910,12748,2010-09-17 13:30:00
522911,14748,2010-09-17 13:38:00
522912,17289,2010-09-17 13:47:00
522913,15026,2010-09-17 13:52:00
522914,17139,2010-09-17 13:53:00
522917,12425,2010-09-17 14:10:00
522918,12662,2010-09-17 14:31:00
522929,15117,2010-09-17 14:45:00
522930,13173,2010-09-17 14:50:00
522931,17743,2010-09-17 14:54:00
522932,17949,2010-09-17 15:04:00
522934,17949,2010-09-17 15:10:00
522936,17949,2010-09-17 15:12:00
522939,15757,2010-09-17 15:25:00
522940,15876,2010-09-17 15:26:00
522941,13552,2010-09-17 15:41:00
522942,13552,2010-09-17 15:42:00
522943,12543,2010-09-17 15:51:00
522944,15867,2010-09-17 16:03:00
522948,17243,2010-09-19 10:05:00
522949,13998,2010-09-19 10:20:00
522950,13542,2010-09-19 10:33:00
522952,14553,2010-09-19 11:25:00
522953,14646,2010-09-19 11:53:00
522954,18089,2010-09-19 11:57:00
522955,16233,2010-09-19 12:01:00
522956,13015,2010-09-19 12:03:00
522957,17188,2010-09-19 12:05:00
522958,16549,2010-09-19 12:15:00
522959,14878,2010-09-19 12:33:00
522960,16983,2010-09-19 12:38:00
522961,13554,2010-09-19 12:39:00
522962,13701,2010-09-19 12:39:00
522963,16053,2010-09-19 12:40:00
522964,15288,2010-09-19 12:45:00
522965,17730,2010-09-19 12:47:00
522966,16007,2010-09-19 13:01:00
522967,18257,2010-09-19 13:02:00
522968,13137,2010-09-19 13:05:00
522969,14247,2010-09-19 13:12:00
522970,13617,2010-09-19 13:13:00
522971,16395,2010-09-19 13:27:00
522972,13408,2010-09-19 13:29:00
522973,16434,2010-09-19 13:36:00
522974,17582,2010-09-19 13:37:00
522975,16524,2010-09-19 13:37:00
522976,13067,2010-09-19 13:43:00
522977,15483,2010-09-19 13:45:00
522978,17085,2010-09-19 13:51:00
522979,15519,2010-09-19 13:57:00
522981,18094,2010-09-19 14:03:00
522982,12867,2010-09-19 14:03:00
522983,17913,2010-09-19 14:07:00
522984,17027,2010-09-19 14:11:00
522985,14776,2010-09-19 14:12:00
522986,13883,2010-09-19 14:45:00
522987,17625,2010-09-19 14:51:00
522988,15215,2010-09-19 14:55:00
522989,17051,2010-09-19 15:09:00
522990,13465,2010-09-19 15:13:00
522991,13709,2010-09-19 15:16:00
522992,13709,2010-09-19 15:17:00
522993,18064,2010-09-19 15:36:00
522994,18064,2010-09-19 15:37:00
522995,14606,2010-09-19 15:40:00
522996,14513,2010-09-19 15:41:00
522997,16770,2010-09-19 15:47:00
522999,17255,2010-09-19 15:53:00
523000,13842,2010-09-19 15:59:00
523001,15291,2010-09-19 16:00:00
523002,16655,2010-09-19 16:02:00
523003,16264,2010-09-19 16:14:00
523004,13451,2010-09-19 16:18:00
523005,12748,2010-09-19 16:20:00
523006,15870,2010-09-19 16:22:00
523007,15870,2010-09-19 16:27:00
523008,17675,2010-09-20 08:59:00
523009,13881,2010-09-20 10:01:00
523010,13881,2010-09-20 10:05:00
523011,13881,2010-09-20 10:07:00
523012,17163,2010-09-20 10:08:00
523013,15599,2010-09-20 10:15:00
523015,15462,2010-09-20 10:23:00
523016,13889,2010-09-20 10:28:00
523017,12524,2010-09-20 11:21:00
523018,12524,2010-09-20 11:22:00
523019,17811,2010-09-20 11:24:00
523020,13702,2010-09-20 11:40:00
523021,18225,2010-09-20 11:40:00
523022,12437,2010-09-20 11:42:00
523023,17716,2010-09-20 11:45:00
523033,14212,2010-09-20 11:48:00
523059,14156,2010-09-20 12:01:00
523062,14156,2010-09-20 12:02:00
523065,16919,2010-09-20 12:05:00
523082,14911,2010-09-20 12:15:00
523097,17055,2010-09-20 12:21:00
523106,12850,2010-09-20 12:26:00
523108,16919,2010-09-20 12:27:00
523114,17268,2010-09-20 12:34:00
523115,12388,2010-09-20 12:41:00
523116,16125,2010-09-20 12:49:00
523117,16316,2010-09-20 12:53:00
523118,17338,2010-09-20 12:54:00
523120,15803,2010-09-20 13:08:00
523121,12993,2010-09-20 13:08:00
523122,12993,2010-09-20 13:09:00
523123,14794,2010-09-20 13:23:00
523124,18251,2010-09-20 13:26:00
523125,14291,2010-09-20 13:35:00
523126,14291,2010-09-20 13:37:00
523127,17259,2010-09-20 13:41:00
523128,18097,2010-09-20 13:41:00
523129,17841,2010-09-20 13:44:00
523130,17259,2010-09-20 13:47:00
523131,18242,2010-09-20 13:57:00
523132,17167,2010-09-20 14:02:00
523133,16168,2010-09-20 14:04:00
523134,16210,2010-09-20 14:06:00
523135,13316,2010-09-20 14:08:00
523136,14735,2010-09-20 14:14:00
523137,17785,2010-09-20 14:14:00
523141,14482,2010-09-20 14:32:00
523144,13431,2010-09-20 14:38:00
523145,13431,2010-09-20 14:39:00
523146,12455,2010-09-20 14:39:00
523149,17585,2010-09-20 14:49:00
523152,16986,2010-09-20 15:00:00
523155,14668,2010-09-20 15:03:00
523156,13599,2010-09-20 15:12:00
523157,13599,2010-09-20 15:14:00
523161,14146,2010-09-20 15:24:00
523162,14146,2010-09-20 15:27:00
523163,12417,2010-09-20 15:31:00
523164,18172,2010-09-20 15:31:00
523165,17834,2010-09-20 15:32:00
523166,17940,2010-09-20 15:33:00
523167,18172,2010-09-20 15:33:00
523168,17949,2010-09-20 15:37:00
523170,18220,2010-09-20 15:48:00
523172,14114,2010-09-20 15:54:00
523176,17284,2010-09-20 16:18:00
523179,12910,2010-09-20 16:22:00
523180,12910,2010-09-20 16:23:00
523182,14906,2010-09-20 16:30:00
523186,12643,2010-09-20 16:39:00
523188,15722,2010-09-20 16:48:00
523192,15167,2010-09-20 17:32:00
523194,13375,2010-09-21 08:12:00
523195,13802,2010-09-21 08:25:00
523196,17726,2010-09-21 08:49:00
523197,15473,2010-09-21 09:14:00
523198,14227,2010-09-21 09:17:00
523199,16133,2010-09-21 09:19:00
523200,14676,2010-09-21 09:26:00
523201,16156,2010-09-21 09:47:00
523202,16156,2010-09-21 09:48:00
523203,14152,2010-09-21 09:50:00
523204,17226,2010-09-21 10:10:00
523205,16586,2010-09-21 10:11:00
523206,13689,2010-09-21 10:27:00
523207,14852,2010-09-21 10:30:00
523208,17381,2010-09-21 10:45:00
523211,16465,2010-09-21 10:46:00
523213,16945,2010-09-21 10:47:00
523215,12841,2010-09-21 10:47:00
523229,17381,2010-09-21 10:55:00
523277,16145,2010-09-21 11:36:00
523282,17287,2010-09-21 11:50:00
523283,13799,2010-09-21 12:02:00
523285,12931,2010-09-21 12:06:00
523286,14716,2010-09-21 12:07:00
523289,18287,2010-09-21 12:17:00
523290,18287,2010-09-21 12:19:00
523291,14534,2010-09-21 12:22:00
523297,15838,2010-09-21 12:30:00
523298,17480,2010-09-21 12:31:00
523300,12748,2010-09-21 12:36:00
523301,16493,2010-09-21 12:37:00
523302,14911,2010-09-21 12:43:00
523304,14688,2010-09-21 12:46:00
523305,12751,2010-09-21 12:49:00
523306,14911,2010-09-21 12:54:00
523307,17017,2010-09-21 12:56:00
523308,14156,2010-09-21 13:06:00
523309,14156,2010-09-21 13:08:00
523310,15311,2010-09-21 13:13:00
523312,15041,2010-09-21 13:16:00
523313,14936,2010-09-21 13:21:00
523314,14224,2010-09-21 13:24:00
523315,15032,2010-09-21 13:26:00
523316,17406,2010-09-21 13:26:00
523319,16511,2010-09-21 13:37:00
523320,14169,2010-09-21 13:39:00
523321,17046,2010-09-21 13:40:00
523322,15329,2010-09-21 13:50:00
523323,18041,2010-09-21 13:51:00
523324,17438,2010-09-21 14:12:00
523326,13183,2010-09-21 14:12:00
523327,14761,2010-09-21 14:22:00
523328,17865,2010-09-21 14:26:00
523329,17865,2010-09-21 14:29:00
523330,16998,2010-09-21 14:39:00
523331,15728,2010-09-21 14:46:00
523332,16705,2010-09-21 14:48:00
523333,16954,2010-09-21 14:48:00
523334,14126,2010-09-21 14:51:00
523335,12928,2010-09-21 14:58:00
523336,12928,2010-09-21 14:59:00
523337,16033,2010-09-21 15:11:00
523338,14866,2010-09-21 15:14:00
523339,13410,2010-09-21 15:28:00
523340,12474,2010-09-21 15:36:00
523341,13468,2010-09-21 15:39:00
523342,18093,2010-09-21 15:41:00
523344,13031,2010-09-21 15:51:00
523345,12802,2010-09-21 15:57:00
523347,17127,2010-09-21 16:14:00
523348,17850,2010-09-21 16:26:00
523349,17850,2010-09-21 16:28:00
523350,16558,2010-09-21 16:36:00
523351,17850,2010-09-21 16:37:00
523353,17850,2010-09-21 16:40:00
523354,17161,2010-09-21 16:44:00
523355,17961,2010-09-21 16:47:00
523356,14911,2010-09-21 17:10:00
523357,17850,2010-09-21 17:21:00
523358,17850,2010-09-21 17:22:00
523359,14933,2010-09-21 17:29:00
523360,17850,2010-09-21 17:45:00
523361,13214,2010-09-21 17:50:00
523362,17850,2010-09-21 18:03:00
523363,17850,2010-09-21 18:05:00
523364,17850,2010-09-21 18:05:00
523365,17850,2010-09-21 18:06:00
523366,14560,2010-09-21 18:15:00
523367,18092,2010-09-21 18:16:00
523369,14113,2010-09-21 18:30:00
523370,17926,2010-09-21 18:42:00
523371,17850,2010-09-21 18:43:00
523372,17850,2010-09-21 18:43:00
523373,16199,2010-09-21 18:56:00
523374,17850,2010-09-21 19:10:00
523375,17850,2010-09-21 19:13:00
523376,17850,2010-09-21 19:14:00
523377,17850,2010-09-21 19:21:00
523391,16013,2010-09-21 20:02:00
523409,13440,2010-09-21 20:38:00
523410,17850,2010-09-22 08:44:00
523411,17850,2010-09-22 08:45:00
523412,17850,2010-09-22 08:47:00
523413,17850,2010-09-22 08:50:00
523414,13557,2010-09-22 09:08:00
523415,17850,2010-09-22 09:18:00
523416,14611,2010-09-22 09:19:00
523417,13474,2010-09-22 09:21:00
523418,17850,2010-09-22 09:23:00
523419,17850,2010-09-22 09:25:00
523420,17850,2010-09-22 09:53:00
523421,17850,2010-09-22 09:54:00
523422,17850,2010-09-22 10:10:00
523423,17850,2010-09-22 10:11:00
523424,14739,2010-09-22 10:19:00
523425,16700,2010-09-22 10:22:00
523426,16700,2010-09-22 10:24:00
523428,14933,2010-09-22 10:44:00
523429,14933,2010-09-22 10:46:00
523430,14933,2010-09-22 10:47:00
523431,17819,2010-09-22 11:01:00
523432,16723,2010-09-22 11:05:00
523448,12578,2010-09-22 11:19:00
523456,12835,2010-09-22 11:28:00
523461,17850,2010-09-22 11:32:00
523462,17850,2010-09-22 11:34:00
523465,17850,2010-09-22 11:37:00
523468,17850,2010-09-22 11:40:00
523469,17850,2010-09-22 11:41:00
523470,17850,2010-09-22 11:41:00
523471,14182,2010-09-22 11:45:00
523493,15719,2010-09-22 11:55:00
523494,13769,2010-09-22 11:56:00
523510,17840,2010-09-22 12:24:00
523511,17850,2010-09-22 12:31:00
523512,17850,2010-09-22 12:33:00
523513,17850,2010-09-22 12:38:00
523514,17850,2010-09-22 12:39:00
523515,15039,2010-09-22 12:44:00
523516,13089,2010-09-22 12:46:00
523524,14570,2010-09-22 13:07:00
523535,17068,2010-09-22 13:39:00
523536,17002,2010-09-22 13:51:00
523537,13196,2010-09-22 14:01:00
523538,16341,2010-09-22 14:01:00
523539,16329,2010-09-22 14:05:00
523540,17850,2010-09-22 14:07:00
523541,15057,2010-09-22 14:22:00
523542,17713,2010-09-22 14:24:00
523550,15847,2010-09-22 14:42:00
523551,14439,2010-09-22 14:47:00
523554,15681,2010-09-22 15:09:00
523555,15681,2010-09-22 15:10:00
523563,14894,2010-09-22 15:23:00
523564,13610,2010-09-22 15:37:00
523565,15061,2010-09-22 15:38:00
523566,15061,2010-09-22 15:39:00
523567,15061,2010-09-22 15:40:00
523568,15061,2010-09-22 15:41:00
523569,15061,2010-09-22 15:42:00
523570,13857,2010-09-22 15:58:00
523572,13576,2010-09-22 16:04:00
523573,14372,2010-09-22 16:17:00
523576,13205,2010-09-22 16:26:00
523577,13288,2010-09-22 16:32:00
523579,13756,2010-09-22 16:34:00
523580,17949,2010-09-22 16:41:00
523581,17949,2010-09-22 16:43:00
523582,17949,2010-09-22 16:46:00
523583,12681,2010-09-22 17:16:00
523585,15107,2010-09-23 08:10:00
523586,14648,2010-09-23 08:54:00
523587,16638,2010-09-23 09:02:00
523588,14837,2010-09-23 09:11:00
523589,15761,2010-09-23 09:33:00
523590,17663,2010-09-23 09:45:00
523591,13635,2010-09-23 10:06:00
523592,14060,2010-09-23 10:09:00
523593,14060,2010-09-23 10:10:00
523594,12802,2010-09-23 10:23:00
523595,15366,2010-09-23 10:23:00
523611,17373,2010-09-23 10:40:00
523612,13001,2010-09-23 10:44:00
523613,12727,2010-09-23 10:45:00
523614,16857,2010-09-23 10:49:00
523615,13107,2010-09-23 10:51:00
523623,13590,2010-09-23 11:04:00
523624,17377,2010-09-23 11:21:00
523626,17735,2010-09-23 11:26:00
523633,14701,2010-09-23 11:40:00
523634,13519,2010-09-23 11:45:00
523635,14701,2010-09-23 11:46:00
523636,12916,2010-09-23 11:57:00
523637,14606,2010-09-23 11:58:00
523638,13097,2010-09-23 12:01:00
523639,13097,2010-09-23 12:05:00
523640,16515,2010-09-23 12:06:00
523641,18226,2010-09-23 12:08:00
523644,17841,2010-09-23 12:18:00
523645,12838,2010-09-23 12:19:00
523646,16383,2010-09-23 12:25:00
523647,14507,2010-09-23 12:33:00
523648,16830,2010-09-23 12:37:00
523649,13264,2010-09-23 12:42:00
523650,18107,2010-09-23 13:03:00
523651,14715,2010-09-23 13:04:00
523652,15140,2010-09-23 13:07:00
523653,16856,2010-09-23 13:11:00
523654,16325,2010-09-23 13:13:00
523655,17504,2010-09-23 13:26:00
523656,18193,2010-09-23 13:33:00
523658,15023,2010-09-23 13:38:00
523659,18096,2010-09-23 13:54:00
523660,15476,2010-09-23 14:00:00
523661,14857,2010-09-23 14:06:00
523662,16921,2010-09-23 14:08:00
523663,14857,2010-09-23 14:09:00
523664,15005,2010-09-23 14:15:00
523684,16647,2010-09-23 14:33:00
523688,16992,2010-09-23 14:37:00
523690,17873,2010-09-23 14:39:00
523695,12928,2010-09-23 14:45:00
523709,12731,2010-09-23 15:12:00
523710,17696,2010-09-23 15:22:00
523711,16298,2010-09-23 15:23:00
523713,16546,2010-09-23 15:43:00
523718,13985,2010-09-23 15:48:00
523720,12844,2010-09-23 16:23:00
523721,12748,2010-09-23 16:23:00
523722,16261,2010-09-23 16:40:00
523726,12748,2010-09-23 16:56:00
523727,13705,2010-09-23 16:57:00
523728,14952,2010-09-23 17:11:00
523729,14952,2010-09-23 17:13:00
523730,13178,2010-09-23 17:14:00
523731,17519,2010-09-23 17:16:00
523732,15628,2010-09-23 17:23:00
523733,16775,2010-09-23 17:34:00
523744,14992,2010-09-23 17:48:00
523745,13969,2010-09-23 18:00:00
523748,14628,2010-09-23 18:24:00
523749,17134,2010-09-23 18:32:00
523750,16497,2010-09-23 19:27:00
523751,16497,2010-09-23 19:28:00
523752,17884,2010-09-23 19:32:00
523753,17848,2010-09-23 19:40:00
523754,17848,2010-09-23 19:41:00
523755,13291,2010-09-23 19:48:00
523756,15426,2010-09-23 19:50:00
523757,15426,2010-09-23 19:51:00
523758,17021,2010-09-23 20:01:00
523760,13851,2010-09-24 09:41:00
523761,17001,2010-09-24 09:41:00
523762,13851,2010-09-24 09:42:00
523763,16531,2010-09-24 09:49:00
523764,15394,2010-09-24 10:10:00
523766,14875,2010-09-24 10:28:00
523767,18172,2010-09-24 10:29:00
523768,14134,2010-09-24 10:29:00
523769,17567,2010-09-24 10:48:00
523770,14967,2010-09-24 10:58:00
523771,14967,2010-09-24 10:59:00
523773,17811,2010-09-24 11:11:00
523774,14967,2010-09-24 11:11:00
523775,15945,2010-09-24 11:12:00
523776,15898,2010-09-24 11:25:00
523786,16692,2010-09-24 11:31:00
523792,14994,2010-09-24 11:34:00
523805,14527,2010-09-24 11:48:00
523821,15658,2010-09-24 11:55:00
523835,16140,2010-09-24 12:03:00
523836,17372,2010-09-24 12:05:00
523837,15601,2010-09-24 12:06:00
523838,14934,2010-09-24 12:08:00
523839,14001,2010-09-24 12:08:00
523840,14001,2010-09-24 12:10:00
523841,14934,2010-09-24 12:11:00
523845,16675,2010-09-24 12:15:00
523855,15551,2010-09-24 12:18:00
523864,15034,2010-09-24 12:24:00
523865,16186,2010-09-24 12:31:00
523866,18008,2010-09-24 12:39:00
523867,13174,2010-09-24 12:43:00
523868,15044,2010-09-24 12:48:00
523870,17757,2010-09-24 12:58:00
523871,16168,2010-09-24 12:59:00
523872,15044,2010-09-24 13:00:00
523874,17396,2010-09-24 13:04:00
523875,17682,2010-09-24 13:06:00
523877,15044,2010-09-24 13:08:00
523878,15044,2010-09-24 13:09:00
523879,15311,2010-09-24 13:30:00
523887,12429,2010-09-24 14:12:00
523888,12429,2010-09-24 14:15:00
523889,14226,2010-09-24 14:32:00
523890,16354,2010-09-24 14:33:00
523892,13317,2010-09-24 14:55:00
523893,13381,2010-09-24 14:56:00
523902,16699,2010-09-24 15:15:00
523908,16952,2010-09-24 15:35:00
523909,14092,2010-09-24 15:44:00
523921,14646,2010-09-24 16:19:00
523922,13141,2010-09-24 16:24:00
523923,13513,2010-09-24 16:25:00
523924,14031,2010-09-24 16:36:00
523929,14646,2010-09-24 16:50:00
523931,17243,2010-09-26 10:07:00
523932,12871,2010-09-26 10:34:00
523933,15805,2010-09-26 10:44:00
523934,16168,2010-09-26 10:47:00
523935,13089,2010-09-26 10:47:00
523936,16168,2010-09-26 10:48:00
523937,15201,2010-09-26 10:50:00
523938,13089,2010-09-26 10:51:00
523939,13089,2010-09-26 10:52:00
523940,13089,2010-09-26 10:53:00
523941,17377,2010-09-26 11:05:00
523942,14532,2010-09-26 11:10:00
523943,14161,2010-09-26 11:13:00
523944,15581,2010-09-26 11:20:00
523945,16401,2010-09-26 11:22:00
523946,16833,2010-09-26 11:23:00
523947,17596,2010-09-26 11:49:00
523948,13784,2010-09-26 11:50:00
523949,15805,2010-09-26 11:50:00
523950,17062,2010-09-26 11:57:00
523951,14094,2010-09-26 11:58:00
523953,17769,2010-09-26 12:04:00
523954,17123,2010-09-26 12:06:00
523955,13767,2010-09-26 12:06:00
523956,15738,2010-09-26 12:10:00
523957,15738,2010-09-26 12:11:00
523958,14626,2010-09-26 12:21:00
523959,14606,2010-09-26 12:32:00
523960,16340,2010-09-26 12:51:00
523961,14269,2010-09-26 12:53:00
523962,13980,2010-09-26 12:58:00
523963,17858,2010-09-26 13:07:00
523964,16709,2010-09-26 13:09:00
523965,13777,2010-09-26 13:19:00
523966,14911,2010-09-26 13:20:00
523967,16008,2010-09-26 13:25:00
523969,14454,2010-09-26 13:40:00
523970,17299,2010-09-26 13:40:00
523971,15967,2010-09-26 13:53:00
523972,15967,2010-09-26 13:55:00
523973,17063,2010-09-26 13:57:00
523976,16422,2010-09-26 14:00:00
523977,13993,2010-09-26 14:01:00
523979,16422,2010-09-26 14:01:00
523981,16422,2010-09-26 14:02:00
523982,16422,2010-09-26 14:03:00
523984,15093,2010-09-26 14:04:00
523985,15093,2010-09-26 14:05:00
523986,14195,2010-09-26 14:06:00
523989,14105,2010-09-26 14:15:00
523990,14688,2010-09-26 14:20:00
523993,16161,2010-09-26 14:43:00
523994,16549,2010-09-26 15:07:00
523995,16593,2010-09-26 15:19:00
523996,14292,2010-09-26 15:24:00
523997,14292,2010-09-26 15:25:00
523998,13118,2010-09-26 15:46:00
523999,14806,2010-09-26 15:50:00
524000,16794,2010-09-26 15:58:00
524001,13269,2010-09-26 16:00:00
524002,13281,2010-09-26 16:03:00
524003,14649,2010-09-26 16:04:00
524004,15532,2010-09-26 16:06:00
524007,16167,2010-09-27 09:00:00
524008,13267,2010-09-27 09:18:00
524009,13267,2010-09-27 09:23:00
524010,12449,2010-09-27 09:37:00
524011,16182,2010-09-27 09:41:00
524012,14295,2010-09-27 09:48:00
524013,15291,2010-09-27 09:53:00
524014,16592,2010-09-27 09:55:00
524015,13881,2010-09-27 09:55:00
524016,13881,2010-09-27 09:57:00
524017,15469,2010-09-27 10:09:00
524018,14911,2010-09-27 10:23:00
524019,13662,2010-09-27 10:25:00
524020,13662,2010-09-27 10:26:00
524021,13015,2010-09-27 10:36:00
524022,13015,2010-09-27 10:39:00
524023,17919,2010-09-27 10:40:00
524024,13729,2010-09-27 10:50:00
524025,13798,2010-09-27 10:54:00
524026,13798,2010-09-27 10:56:00
524027,17949,2010-09-27 11:04:00
524028,16895,2010-09-27 11:13:00
524038,13018,2010-09-27 11:22:00
524077,16105,2010-09-27 11:38:00
524079,15694,2010-09-27 11:39:00
524091,17672,2010-09-27 11:48:00
524092,15502,2010-09-27 11:57:00
524093,15312,2010-09-27 12:02:00
524094,17677,2010-09-27 12:06:00
524095,17677,2010-09-27 12:07:00
524096,13694,2010-09-27 12:14:00
524097,13694,2010-09-27 12:16:00
524098,17204,2010-09-27 12:21:00
524099,13448,2010-09-27 12:24:00
524100,16330,2010-09-27 12:31:00
524101,16330,2010-09-27 12:35:00
524102,17315,2010-09-27 12:45:00
524103,16668,2010-09-27 12:47:00
524104,16668,2010-09-27 12:48:00
524105,17081,2010-09-27 12:50:00
524106,18194,2010-09-27 13:08:00
524107,15616,2010-09-27 13:10:00
524108,16636,2010-09-27 13:13:00
524109,12471,2010-09-27 13:17:00
524110,12471,2010-09-27 13:19:00
524111,12471,2010-09-27 13:22:00
524112,15358,2010-09-27 13:24:00
524113,13897,2010-09-27 13:36:00
524115,16705,2010-09-27 13:47:00
524116,18109,2010-09-27 13:49:00
524117,17738,2010-09-27 13:49:00
524118,15123,2010-09-27 13:58:00
524119,16827,2010-09-27 14:03:00
524120,17850,2010-09-27 14:12:00
524121,17552,2010-09-27 14:12:00
524125,15382,2010-09-27 14:20:00
524128,13013,2010-09-27 14:35:00
524134,15197,2010-09-27 14:38:00
524139,14911,2010-09-27 14:45:00
524140,12348,2010-09-27 14:59:00
524141,16264,2010-09-27 15:00:00
524142,16503,2010-09-27 15:09:00
524143,16503,2010-09-27 15:15:00
524144,17402,2010-09-27 15:18:00
524145,14229,2010-09-27 15:21:00
524146,16211,2010-09-27 15:24:00
524147,14911,2010-09-27 15:36:00
524148,14646,2010-09-27 15:38:00
524149,14646,2010-09-27 15:41:00
524150,13929,2010-09-27 15:41:00
524152,15270,2010-09-27 15:43:00
524155,14911,2010-09-27 16:00:00
524156,14328,2010-09-27 16:01:00
524159,14063,2010-09-27 16:12:00
524160,17757,2010-09-27 16:15:00
524162,14063,2010-09-27 16:18:00
524163,17524,2010-09-27 16:20:00
524164,15051,2010-09-27 16:20:00
524167,13448,2010-09-27 16:24:00
524171,13290,2010-09-27 16:29:00
524172,17524,2010-09-27 16:29:00
524174,13687,2010-09-27 16:30:00
524175,14802,2010-09-27 16:32:00
524176,14802,2010-09-27 16:34:00
524179,17320,2010-09-27 16:39:00
524180,17280,2010-09-27 16:46:00
524181,17450,2010-09-27 16:59:00
524182,17450,2010-09-27 17:02:00
524183,17848,2010-09-27 17:11:00
524184,14030,2010-09-27 17:15:00
524185,13139,2010-09-28 09:12:00
524186,15270,2010-09-28 09:12:00
524187,14147,2010-09-28 09:13:00
524188,14147,2010-09-28 09:13:00
524189,13468,2010-09-28 09:14:00
524190,16362,2010-09-28 09:24:00
524191,13073,2010-09-28 09:27:00
524201,17863,2010-09-28 09:42:00
524202,14228,2010-09-28 09:45:00
524203,14944,2010-09-28 10:02:00
524204,14944,2010-09-28 10:03:00
524205,14911,2010-09-28 10:24:00
524206,13534,2010-09-28 10:32:00
524207,12648,2010-09-28 10:35:00
524208,13534,2010-09-28 10:35:00
524210,14634,2010-09-28 10:40:00
524211,14423,2010-09-28 10:42:00
524212,15614,2010-09-28 10:44:00
524213,15614,2010-09-28 10:46:00
524214,17348,2010-09-28 10:49:00
524215,13883,2010-09-28 10:50:00
524218,12759,2010-09-28 10:52:00
524224,14243,2010-09-28 10:58:00
524258,14625,2010-09-28 11:20:00
524262,14625,2010-09-28 11:28:00
524263,15270,2010-09-28 11:30:00
524266,13538,2010-09-28 11:43:00
524267,17364,2010-09-28 11:44:00
524268,17975,2010-09-28 11:47:00
524269,13103,2010-09-28 11:48:00
524270,16269,2010-09-28 11:50:00
524271,14341,2010-09-28 11:50:00
524272,14341,2010-09-28 11:52:00
524273,13970,2010-09-28 11:53:00
524274,13317,2010-09-28 11:53:00
524280,13963,2010-09-28 12:14:00
524281,14688,2010-09-28 12:16:00
524284,16779,2010-09-28 12:26:00
524285,14480,2010-09-28 12:27:00
524286,16919,2010-09-28 12:35:00
524287,16919,2010-09-28 12:37:00
524288,17450,2010-09-28 12:44:00
524289,15347,2010-09-28 12:50:00
524290,14461,2010-09-28 12:54:00
524291,15311,2010-09-28 12:58:00
524292,18231,2010-09-28 13:02:00
524293,14461,2010-09-28 13:09:00
524294,13386,2010-09-28 13:09:00
524295,17572,2010-09-28 13:09:00
524296,13397,2010-09-28 13:10:00
524298,14897,2010-09-28 13:12:00
524299,14911,2010-09-28 13:13:00
524300,16554,2010-09-28 13:15:00
524301,14597,2010-09-28 13:17:00
524302,14257,2010-09-28 13:20:00
524303,17706,2010-09-28 13:36:00
524304,17706,2010-09-28 13:38:00
524305,14988,2010-09-28 13:40:00
524306,17007,2010-09-28 13:51:00
524307,17092,2010-09-28 13:54:00
524308,16198,2010-09-28 13:59:00
524310,17624,2010-09-28 14:07:00
524311,17841,2010-09-28 14:09:00
524312,17416,2010-09-28 14:11:00
524313,17416,2010-09-28 14:12:00
524314,15871,2010-09-28 14:16:00
524316,14298,2010-09-28 14:23:00
524317,14298,2010-09-28 14:24:00
524318,14298,2010-09-28 14:25:00
524319,14740,2010-09-28 14:25:00
524320,18049,2010-09-28 14:26:00
524321,17092,2010-09-28 14:27:00
524322,16710,2010-09-28 14:33:00
524323,12476,2010-09-28 14:41:00
524324,17886,2010-09-28 14:44:00
524326,16992,2010-09-28 14:59:00
524329,15636,2010-09-28 15:10:00
524330,13110,2010-09-28 15:23:00
524332,14489,2010-09-28 15:26:00
524334,13754,2010-09-28 15:29:00
524335,13870,2010-09-28 15:42:00
524336,13870,2010-09-28 15:43:00
524337,14410,2010-09-28 15:46:00
524338,12975,2010-09-28 15:51:00
524339,12975,2010-09-28 15:52:00
524340,16650,2010-09-28 15:54:00
524341,17085,2010-09-28 16:00:00
524345,13927,2010-09-28 16:12:00
524346,12782,2010-09-28 16:14:00
524348,18215,2010-09-28 16:18:00
524349,14825,2010-09-28 16:18:00
524351,13554,2010-09-28 16:25:00
524353,15694,2010-09-28 16:46:00
524354,17048,2010-09-28 16:50:00
524355,14909,2010-09-28 16:56:00
524358,16237,2010-09-28 17:02:00
524363,16875,2010-09-28 17:10:00
524365,16875,2010-09-28 17:11:00
524369,13239,2010-09-28 17:21:00
524370,13922,2010-09-28 17:26:00
524375,13881,2010-09-28 17:37:00
524377,14748,2010-09-28 17:42:00
524379,17612,2010-09-28 17:44:00
524380,12964,2010-09-28 17:47:00
524384,16341,2010-09-28 17:55:00
524387,12840,2010-09-28 17:58:00
524388,15321,2010-09-28 18:11:00
524389,16600,2010-09-28 18:23:00
524402,17696,2010-09-28 18:43:00
524405,17091,2010-09-29 08:43:00
524406,18172,2010-09-29 09:22:00
524407,14210,2010-09-29 09:23:00
524408,12483,2010-09-29 09:36:00
524409,12975,2010-09-29 09:46:00
524411,15093,2010-09-29 09:59:00
524412,14911,2010-09-29 09:59:00
524413,13639,2010-09-29 10:05:00
524415,16177,2010-09-29 10:11:00
524416,16148,2010-09-29 10:12:00
524417,16177,2010-09-29 10:12:00
524418,12946,2010-09-29 10:14:00
524419,14299,2010-09-29 10:14:00
524420,16293,2010-09-29 10:22:00
524421,13804,2010-09-29 10:26:00
524422,16293,2010-09-29 10:26:00
524423,13797,2010-09-29 10:34:00
524437,17511,2010-09-29 10:57:00
524438,18044,2010-09-29 10:57:00
524441,14275,2010-09-29 11:15:00
524446,14049,2010-09-29 11:19:00
524482,15734,2010-09-29 11:40:00
524483,17083,2010-09-29 11:44:00
524484,14422,2010-09-29 11:48:00
524485,16783,2010-09-29 11:53:00
524486,17029,2010-09-29 11:59:00
524487,17068,2010-09-29 12:06:00
524488,14513,2010-09-29 12:11:00
524489,12540,2010-09-29 12:12:00
524490,14451,2010-09-29 12:22:00
524491,14327,2010-09-29 12:23:00
524493,17227,2010-09-29 12:24:00
524502,14156,2010-09-29 12:32:00
524503,16029,2010-09-29 12:33:00
524504,14843,2010-09-29 12:39:00
524505,16654,2010-09-29 12:39:00
524506,17470,2010-09-29 12:40:00
524507,14891,2010-09-29 12:41:00
524508,13770,2010-09-29 12:41:00
524509,17257,2010-09-29 12:49:00
524511,17257,2010-09-29 12:51:00
524512,17382,2010-09-29 12:54:00
524513,13246,2010-09-29 13:00:00
524516,14049,2010-09-29 13:04:00
524517,14543,2010-09-29 13:06:00
524518,16218,2010-09-29 13:08:00
524519,13319,2010-09-29 13:09:00
524520,13319,2010-09-29 13:11:00
524521,17739,2010-09-29 13:13:00
524522,14911,2010-09-29 13:14:00
524523,14829,2010-09-29 13:14:00
524524,14514,2010-09-29 13:14:00
524525,14449,2010-09-29 13:15:00
524526,14667,2010-09-29 13:17:00
524529,15912,2010-09-29 13:20:00
524530,17096,2010-09-29 13:28:00
524532,18087,2010-09-29 13:29:00
524533,16210,2010-09-29 13:34:00
524534,14510,2010-09-29 13:35:00
524536,13105,2010-09-29 13:41:00
524537,14606,2010-09-29 13:44:00
524538,16369,2010-09-29 13:47:00
524539,14911,2010-09-29 13:49:00
524540,13048,2010-09-29 13:49:00
524543,14510,2010-09-29 13:54:00
524544,18075,2010-09-29 13:54:00
524545,12841,2010-09-29 13:55:00
524546,16928,2010-09-29 13:57:00
524548,15298,2010-09-29 14:05:00
524549,14477,2010-09-29 14:05:00
524552,17442,2010-09-29 14:16:00
524553,13050,2010-09-29 14:21:00
524554,17281,2010-09-29 14:25:00
524556,16658,2010-09-29 14:27:00
524559,17515,2010-09-29 14:37:00
524561,15985,2010-09-29 14:41:00
524562,13491,2010-09-29 14:42:00
524563,15985,2010-09-29 14:43:00
524564,15301,2010-09-29 14:54:00
524565,13257,2010-09-29 14:58:00
524566,15129,2010-09-29 15:02:00
524567,16489,2010-09-29 15:02:00
524568,16287,2010-09-29 15:07:00
524569,18172,2010-09-29 15:14:00
524571,15638,2010-09-29 15:34:00
524573,15638,2010-09-29 15:35:00
524574,16773,2010-09-29 15:47:00
524577,16202,2010-09-29 16:14:00
524594,14911,2010-09-29 16:26:00
524595,16490,2010-09-29 16:30:00
524596,15144,2010-09-29 16:31:00
524600,17771,2010-09-29 16:35:00
524601,12661,2010-09-29 16:46:00
524602,12857,2010-09-29 16:49:00
524603,12971,2010-09-29 16:54:00
524606,13591,2010-09-30 08:59:00
524607,13556,2010-09-30 09:01:00
524608,14230,2010-09-30 09:06:00
524609,14230,2010-09-30 09:07:00
524610,12472,2010-09-30 09:28:00
524611,13078,2010-09-30 09:37:00
524612,16843,2010-09-30 09:39:00
524613,14004,2010-09-30 09:39:00
524614,16843,2010-09-30 09:40:00
524616,14004,2010-09-30 10:21:00
524617,17146,2010-09-30 10:24:00
524618,14911,2010-09-30 10:29:00
524619,13102,2010-09-30 10:34:00
524620,13962,2010-09-30 10:35:00
524621,14258,2010-09-30 10:42:00
524622,13729,2010-09-30 10:44:00
524624,17340,2010-09-30 10:49:00
524626,17382,2010-09-30 10:53:00
524627,16522,2010-09-30 10:54:00
524628,14796,2010-09-30 10:56:00
524640,16368,2010-09-30 11:30:00
524662,14707,2010-09-30 11:37:00
524690,13602,2010-09-30 11:51:00
524691,18178,2010-09-30 11:51:00
524692,17720,2010-09-30 11:53:00
524693,16928,2010-09-30 12:00:00
524694,15434,2010-09-30 12:01:00
524700,14953,2010-09-30 12:16:00
524701,17667,2010-09-30 12:19:00
524702,17929,2010-09-30 12:22:00
524703,17929,2010-09-30 12:22:00
524704,17961,2010-09-30 12:30:00
524708,13394,2010-09-30 12:38:00
524710,16013,2010-09-30 12:45:00
524712,16013,2010-09-30 12:47:00
524715,13966,2010-09-30 13:08:00
524716,12562,2010-09-30 13:13:00
524717,13854,2010-09-30 13:30:00
524718,15812,2010-09-30 13:30:00
524719,12806,2010-09-30 13:34:00
524720,13089,2010-09-30 13:47:00
524721,15311,2010-09-30 13:56:00
524722,12748,2010-09-30 13:56:00
524723,16214,2010-09-30 13:57:00
524724,14742,2010-09-30 14:07:00
524726,15736,2010-09-30 14:19:00
524727,15736,2010-09-30 14:20:00
524728,12748,2010-09-30 14:24:00
524729,13694,2010-09-30 14:25:00
524730,16958,2010-09-30 14:25:00
524741,14800,2010-09-30 14:38:00
524746,16859,2010-09-30 14:41:00
524747,14156,2010-09-30 14:46:00
524750,12963,2010-09-30 15:12:00
524751,14699,2010-09-30 15:14:00
524761,16347,2010-09-30 15:39:00
524773,15960,2010-09-30 15:50:00
524799,13804,2010-09-30 16:20:00
524827,12523,2010-09-30 16:45:00
524828,12705,2010-09-30 17:05:00
524829,13108,2010-09-30 17:09:00
524830,14110,2010-09-30 17:13:00
524832,14568,2010-09-30 17:15:00
524833,17581,2010-09-30 17:18:00
524834,15243,2010-09-30 17:28:00
524835,15287,2010-09-30 17:30:00
524837,13763,2010-09-30 17:39:00
524838,16907,2010-09-30 17:47:00
524840,12808,2010-09-30 17:55:00
524841,12457,2010-09-30 17:59:00
524842,12951,2010-09-30 18:02:00
524843,16044,2010-09-30 18:12:00
524850,14739,2010-09-30 18:42:00
524851,12500,2010-09-30 18:45:00
524852,12971,2010-09-30 18:57:00
524854,13969,2010-09-30 19:02:00
524855,14702,2010-09-30 19:25:00
524856,14713,2010-09-30 19:43:00
524857,13230,2010-09-30 19:45:00
524858,14657,2010-09-30 19:57:00
524859,16441,2010-09-30 20:08:00
524861,13784,2010-10-01 08:19:00
524862,12417,2010-10-01 08:39:00
524863,12817,2010-10-01 08:57:00
524864,14564,2010-10-01 09:02:00
524865,17533,2010-10-01 09:14:00
524866,15199,2010-10-01 09:28:00
524868,16306,2010-10-01 09:36:00
524869,15081,2010-10-01 09:39:00
524870,18260,2010-10-01 10:02:00
524871,12935,2010-10-01 10:04:00
524872,18260,2010-10-01 10:08:00
524873,14425,2010-10-01 10:24:00
524874,12931,2010-10-01 10:28:00
524875,14303,2010-10-01 10:31:00
524876,14225,2010-10-01 10:32:00
524877,13069,2010-10-01 10:33:00
524878,12696,2010-10-01 10:43:00
524879,16101,2010-10-01 10:45:00
524890,18236,2010-10-01 11:03:00
524891,18236,2010-10-01 11:05:00
524909,17389,2010-10-01 11:34:00
524920,14344,2010-10-01 11:38:00
524929,16705,2010-10-01 11:40:00
524931,17389,2010-10-01 11:43:00
524932,13203,2010-10-01 11:45:00
524933,17389,2010-10-01 11:49:00
524934,17521,2010-10-01 11:49:00
524936,13002,2010-10-01 11:58:00
524937,15261,2010-10-01 11:59:00
524939,17360,2010-10-01 12:07:00
524942,12639,2010-10-01 12:17:00
524944,15276,2010-10-01 12:24:00
524945,13566,2010-10-01 12:27:00
524951,12609,2010-10-01 12:46:00
524953,15190,2010-10-01 13:09:00
524955,16606,2010-10-01 13:21:00
524957,13198,2010-10-01 13:27:00
524961,15451,2010-10-01 13:40:00
524963,17706,2010-10-01 13:50:00
524964,16472,2010-10-01 13:56:00
524965,17555,2010-10-01 14:07:00
524966,15764,2010-10-01 14:07:00
524967,16570,2010-10-01 14:31:00
524968,16570,2010-10-01 14:32:00
524969,14646,2010-10-01 14:38:00
524970,14646,2010-10-01 14:40:00
524971,15299,2010-10-01 14:55:00
524972,13849,2010-10-01 14:57:00
524973,13320,2010-10-01 14:59:00
524974,15142,2010-10-01 15:06:00
524975,15142,2010-10-01 15:08:00
524976,16108,2010-10-01 15:10:00
524977,17961,2010-10-01 15:12:00
524978,12652,2010-10-01 15:16:00
524982,12926,2010-10-01 15:28:00
524983,18266,2010-10-01 15:33:00
524985,15420,2010-10-01 15:46:00
524987,14709,2010-10-01 15:51:00
524988,14709,2010-10-01 15:52:00
524989,12921,2010-10-01 16:10:00
524990,17858,2010-10-01 16:11:00
524991,12921,2010-10-01 16:11:00
524992,16864,2010-10-01 16:16:00
524994,17380,2010-10-01 16:42:00
525000,15465,2010-10-03 10:13:00
525001,13380,2010-10-03 10:18:00
525002,17022,2010-10-03 10:27:00
525003,14047,2010-10-03 10:36:00
525004,13674,2010-10-03 10:41:00
525006,18270,2010-10-03 10:49:00
525007,15196,2010-10-03 10:50:00
525008,12557,2010-10-03 10:50:00
525009,15164,2010-10-03 10:50:00
525010,16923,2010-10-03 10:51:00
525011,14156,2010-10-03 10:52:00
525012,16848,2010-10-03 11:01:00
525013,14911,2010-10-03 11:15:00
525014,14911,2010-10-03 11:17:00
525015,16868,2010-10-03 11:26:00
525016,15860,2010-10-03 11:35:00
525017,13014,2010-10-03 11:35:00
525018,15290,2010-10-03 11:43:00
525019,14254,2010-10-03 11:52:00
525020,13590,2010-10-03 11:53:00
525021,17618,2010-10-03 12:00:00
525022,17412,2010-10-03 12:00:00
525023,13873,2010-10-03 12:00:00
525024,17150,2010-10-03 12:05:00
525025,13838,2010-10-03 12:07:00
525029,13838,2010-10-03 12:13:00
525030,15351,2010-10-03 12:18:00
525031,13838,2010-10-03 12:18:00
525032,13642,2010-10-03 12:23:00
525033,13642,2010-10-03 12:29:00
525035,13642,2010-10-03 12:33:00
525036,14310,2010-10-03 12:34:00
525037,14911,2010-10-03 12:40:00
525038,14342,2010-10-03 12:46:00
525040,15859,2010-10-03 12:52:00
525041,14392,2010-10-03 12:56:00
525042,14008,2010-10-03 13:09:00
525045,16823,2010-10-03 13:21:00
525048,14135,2010-10-03 13:33:00
525049,12600,2010-10-03 13:38:00
525051,16331,2010-10-03 13:44:00
525052,16331,2010-10-03 13:45:00
525053,16331,2010-10-03 13:47:00
525054,17126,2010-10-03 13:47:00
525055,16407,2010-10-03 13:56:00
525056,15143,2010-10-03 13:58:00
525057,13245,2010-10-03 14:03:00
525058,16407,2010-10-03 14:07:00
525059,15978,2010-10-03 14:08:00
525060,14462,2010-10-03 14:13:00
525061,16312,2010-10-03 14:15:00
525063,14209,2010-10-03 14:23:00
525064,13032,2010-10-03 14:23:00
525065,16799,2010-10-03 14:28:00
525066,16584,2010-10-03 14:32:00
525067,14579,2010-10-03 14:36:00
525068,15579,2010-10-03 14:37:00
525070,16549,2010-10-03 14:47:00
525071,12583,2010-10-03 14:50:00
525072,16549,2010-10-03 14:50:00
525073,12490,2010-10-03 14:52:00
525074,12747,2010-10-03 14:57:00
525075,16782,2010-10-03 15:24:00
525077,16485,2010-10-03 15:30:00
525079,13590,2010-10-03 15:33:00
525080,13213,2010-10-03 15:37:00
525081,17069,2010-10-03 15:41:00
525082,14455,2010-10-03 15:48:00
525083,14415,2010-10-03 15:48:00
525084,13883,2010-10-03 15:53:00
525085,15884,2010-10-03 15:55:00
525086,16809,2010-10-03 15:55:00
525087,13326,2010-10-03 16:00:00
525088,17366,2010-10-03 16:04:00
525089,13561,2010-10-03 16:05:00
525090,18276,2010-10-04 08:21:00
525091,16817,2010-10-04 09:06:00
525092,17047,2010-10-04 09:14:00
525093,17375,2010-10-04 09:14:00
525094,13305,2010-10-04 09:29:00
525095,15159,2010-10-04 09:31:00
525097,17621,2010-10-04 09:37:00
525100,13367,2010-10-04 10:00:00
525102,16652,2010-10-04 10:03:00
525103,12877,2010-10-04 10:29:00
525104,16476,2010-10-04 10:29:00
525105,13441,2010-10-04 10:38:00
525106,16422,2010-10-04 10:50:00
525107,15903,2010-10-04 10:52:00
525108,13803,2010-10-04 10:52:00
525109,13004,2010-10-04 10:58:00
525110,13005,2010-10-04 11:07:00
525112,12474,2010-10-04 11:16:00
525113,13329,2010-10-04 11:30:00
525114,18284,2010-10-04 11:33:00
525129,16400,2010-10-04 11:44:00
525141,16145,2010-10-04 11:48:00
525145,16532,2010-10-04 11:52:00
525158,14065,2010-10-04 12:03:00
525164,16571,2010-10-04 12:06:00
525165,16458,2010-10-04 12:07:00
525167,12486,2010-10-04 12:14:00
525169,12471,2010-10-04 12:17:00
525170,12471,2010-10-04 12:18:00
525171,16414,2010-10-04 12:19:00
525172,15596,2010-10-04 12:22:00
525173,12989,2010-10-04 12:22:00
525194,16496,2010-10-04 12:34:00
525200,16444,2010-10-04 12:36:00
525202,13920,2010-10-04 12:37:00
525204,13360,2010-10-04 12:37:00
525205,14353,2010-10-04 12:38:00
525213,14849,2010-10-04 12:44:00
525214,14849,2010-10-04 12:45:00
525215,14849,2010-10-04 12:46:00
525216,16205,2010-10-04 12:46:00
525218,14321,2010-10-04 12:48:00
525219,14905,2010-10-04 12:48:00
525220,15392,2010-10-04 12:50:00
525223,14606,2010-10-04 12:58:00
525224,14911,2010-10-04 13:07:00
525225,17841,2010-10-04 13:10:00
525226,16332,2010-10-04 13:13:00
525227,17696,2010-10-04 13:35:00
525228,16556,2010-10-04 13:35:00
525230,16607,2010-10-04 14:09:00
525231,12849,2010-10-04 14:10:00
525232,17873,2010-10-04 14:11:00
525233,13144,2010-10-04 14:14:00
525234,15730,2010-10-04 14:15:00
525237,14916,2010-10-04 14:33:00
525239,13939,2010-10-04 14:35:00
525248,15789,2010-10-04 14:42:00
525249,12726,2010-10-04 14:42:00
525251,17931,2010-10-04 14:51:00
525252,14239,2010-10-04 15:01:00
525253,14236,2010-10-04 15:07:00
525254,15778,2010-10-04 15:10:00
525255,18017,2010-10-04 15:11:00
525256,15346,2010-10-04 15:11:00
525257,15819,2010-10-04 15:14:00
525258,18226,2010-10-04 15:15:00
525259,16061,2010-10-04 15:29:00
525260,13021,2010-10-04 15:41:00
525261,13035,2010-10-04 15:41:00
525262,13599,2010-10-04 15:44:00
525263,15738,2010-10-04 15:44:00
525264,13599,2010-10-04 15:46:00
525265,16168,2010-10-04 15:54:00
525277,15652,2010-10-04 17:07:00
525278,13798,2010-10-04 17:11:00
525279,14314,2010-10-05 08:00:00
525280,15661,2010-10-05 08:01:00
525281,14302,2010-10-05 08:10:00
525282,17740,2010-10-05 08:27:00
525283,14282,2010-10-05 08:29:00
525284,15061,2010-10-05 08:29:00
525285,15061,2010-10-05 08:31:00
525286,15061,2010-10-05 08:34:00
525287,15061,2010-10-05 08:36:00
525288,14440,2010-10-05 08:45:00
525289,14169,2010-10-05 08:45:00
525290,18241,2010-10-05 08:46:00
525291,15241,2010-10-05 08:50:00
525294,14911,2010-10-05 09:21:00
525295,14911,2010-10-05 09:26:00
525296,15755,2010-10-05 09:26:00
525297,13715,2010-10-05 09:29:00
525298,12437,2010-10-05 09:32:00
525299,18188,2010-10-05 09:38:00
525300,12516,2010-10-05 09:43:00
525301,17095,2010-10-05 09:45:00
525302,13870,2010-10-05 09:46:00
525303,15955,2010-10-05 09:58:00
525304,13798,2010-10-05 10:00:00
525305,16060,2010-10-05 10:08:00
525306,12836,2010-10-05 10:14:00
525307,13408,2010-10-05 10:21:00
525308,12644,2010-10-05 10:23:00
525309,18145,2010-10-05 10:31:00
525310,13177,2010-10-05 10:35:00
525311,17975,2010-10-05 10:39:00
525312,15712,2010-10-05 10:41:00
525314,17726,2010-10-05 11:00:00
525315,16040,2010-10-05 11:09:00
525316,18244,2010-10-05 11:15:00
525317,15311,2010-10-05 11:17:00
525329,17019,2010-10-05 11:23:00
525335,14298,2010-10-05 11:24:00
525355,16062,2010-10-05 11:32:00
525360,15039,2010-10-05 11:33:00
525362,16062,2010-10-05 11:33:00
525366,17019,2010-10-05 11:34:00
525391,13668,2010-10-05 11:41:00
525401,14844,2010-10-05 11:52:00
525402,14844,2010-10-05 11:53:00
525404,14844,2010-10-05 11:54:00
525406,17172,2010-10-05 12:02:00
525407,15358,2010-10-05 12:18:00
525408,15240,2010-10-05 12:25:00
525410,16393,2010-10-05 12:37:00
525411,13238,2010-10-05 12:38:00
525412,13964,2010-10-05 12:38:00
525413,14470,2010-10-05 12:39:00
525416,16525,2010-10-05 12:43:00
525417,12471,2010-10-05 12:44:00
525418,15311,2010-10-05 12:46:00
525420,16422,2010-10-05 12:46:00
525421,16019,2010-10-05 12:52:00
525422,16065,2010-10-05 12:53:00
525423,16065,2010-10-05 12:58:00
525424,14322,2010-10-05 12:59:00
525425,14991,2010-10-05 13:01:00
525426,12931,2010-10-05 13:03:00
525428,17160,2010-10-05 13:05:00
525429,15490,2010-10-05 13:11:00
525430,14663,2010-10-05 13:12:00
525431,16300,2010-10-05 13:14:00
525433,14180,2010-10-05 13:15:00
525434,14064,2010-10-05 13:19:00
525435,14064,2010-10-05 13:20:00
525436,14492,2010-10-05 13:21:00
525437,14663,2010-10-05 13:21:00
525438,13777,2010-10-05 13:29:00
525439,13253,2010-10-05 13:33:00
525440,13777,2010-10-05 13:37:00
525441,13767,2010-10-05 13:45:00
525442,14825,2010-10-05 13:47:00
525443,14085,2010-10-05 13:48:00
525444,14978,2010-10-05 13:52:00
525446,17307,2010-10-05 13:56:00
525447,16348,2010-10-05 13:57:00
525448,16938,2010-10-05 14:05:00
525449,17097,2010-10-05 14:09:00
525452,15105,2010-10-05 14:12:00
525453,14776,2010-10-05 14:14:00
525455,13800,2010-10-05 14:19:00
525456,17758,2010-10-05 14:29:00
525457,18065,2010-10-05 14:30:00
525459,17091,2010-10-05 14:46:00
525466,17657,2010-10-05 14:52:00
525467,18041,2010-10-05 14:55:00
525468,13306,2010-10-05 14:55:00
525469,17848,2010-10-05 14:58:00
525472,16129,2010-10-05 15:15:00
525474,15795,2010-10-05 15:17:00
525477,15122,2010-10-05 15:32:00
525479,17930,2010-10-05 15:34:00
525482,15782,2010-10-05 15:43:00
525483,16722,2010-10-05 15:49:00
525484,14350,2010-10-05 15:52:00
525485,16760,2010-10-05 15:55:00
525493,17576,2010-10-05 16:18:00
525494,14540,2010-10-05 16:24:00
525495,15249,2010-10-05 16:34:00
525496,15857,2010-10-05 16:43:00
525497,15128,2010-10-05 16:46:00
525498,14156,2010-10-05 16:47:00
525500,17732,2010-10-05 16:50:00
525504,15808,2010-10-05 16:59:00
525520,15805,2010-10-05 17:14:00
525523,15073,2010-10-05 17:33:00
525524,15750,2010-10-05 17:55:00
525526,15194,2010-10-05 18:39:00
525527,15194,2010-10-05 18:40:00
525528,13446,2010-10-05 18:51:00
525543,17732,2010-10-05 19:20:00
525564,13055,2010-10-06 08:17:00
525565,13468,2010-10-06 09:18:00
525566,13033,2010-10-06 09:37:00
525568,14744,2010-10-06 09:56:00
525569,13952,2010-10-06 10:00:00
525570,17894,2010-10-06 10:03:00
525571,13707,2010-10-06 10:04:00
525572,13707,2010-10-06 10:05:00
525573,16029,2010-10-06 10:22:00
525575,14911,2010-10-06 10:37:00
525576,13012,2010-10-06 10:40:00
525577,16253,2010-10-06 10:41:00
525578,13022,2010-10-06 10:50:00
525579,17421,2010-10-06 11:04:00
525581,17243,2010-10-06 11:15:00
525583,13093,2010-10-06 11:25:00
525584,12889,2010-10-06 11:30:00
525585,13027,2010-10-06 11:43:00
525596,17706,2010-10-06 11:55:00
525618,14527,2010-10-06 12:03:00
525639,15934,2010-10-06 12:08:00
525644,16239,2010-10-06 12:10:00
525676,12826,2010-10-06 12:22:00
525694,17429,2010-10-06 12:30:00
525696,16437,2010-10-06 12:34:00
525697,13818,2010-10-06 12:35:00
525698,12668,2010-10-06 12:36:00
525700,16746,2010-10-06 12:42:00
525701,16384,2010-10-06 12:49:00
525702,13225,2010-10-06 12:59:00
525703,16948,2010-10-06 13:08:00
525704,14810,2010-10-06 13:12:00
525705,17642,2010-10-06 13:20:00
525706,17075,2010-10-06 13:24:00
525707,13571,2010-10-06 13:25:00
525708,16210,2010-10-06 13:29:00
525709,13554,2010-10-06 13:44:00
525710,16558,2010-10-06 13:53:00
525711,14085,2010-10-06 14:12:00
525713,13861,2010-10-06 14:20:00
525714,13629,2010-10-06 14:24:00
525715,16307,2010-10-06 14:31:00
525716,14329,2010-10-06 14:34:00
525717,13418,2010-10-06 14:38:00
525719,12980,2010-10-06 14:51:00
525720,17045,2010-10-06 14:52:00
525721,15973,2010-10-06 15:00:00
525723,14828,2010-10-06 15:11:00
525725,14322,2010-10-06 15:17:00
525726,17008,2010-10-06 15:19:00
525727,14657,2010-10-06 15:33:00
525728,16873,2010-10-06 15:34:00
525729,13089,2010-10-06 15:43:00
525730,15074,2010-10-06 15:49:00
525731,16149,2010-10-06 15:54:00
525732,14156,2010-10-06 15:58:00
525733,17006,2010-10-06 16:17:00
525736,13556,2010-10-06 16:44:00
525738,16011,2010-10-06 17:21:00
525739,15078,2010-10-07 08:27:00
525740,15973,2010-10-07 08:33:00
525741,16832,2010-10-07 08:35:00
525742,14339,2010-10-07 08:50:00
525743,13423,2010-10-07 09:02:00
525744,17525,2010-10-07 09:12:00
525745,13785,2010-10-07 09:23:00
525746,13785,2010-10-07 09:25:00
525747,13382,2010-10-07 09:28:00
525748,12471,2010-10-07 09:31:00
525749,18044,2010-10-07 09:44:00
525750,14682,2010-10-07 09:53:00
525751,17127,2010-10-07 09:54:00
525754,15030,2010-10-07 10:21:00
525756,17758,2010-10-07 10:25:00
525757,12841,2010-10-07 10:29:00
525760,13694,2010-10-07 10:36:00
525761,16325,2010-10-07 10:37:00
525762,16156,2010-10-07 10:37:00
525763,13694,2010-10-07 10:37:00
525764,12511,2010-10-07 10:39:00
525765,13013,2010-10-07 10:41:00
525772,12748,2010-10-07 11:12:00
525773,12748,2010-10-07 11:17:00
525787,15638,2010-10-07 11:27:00
525800,17068,2010-10-07 11:33:00
525801,17249,2010-10-07 11:33:00
525803,14490,2010-10-07 11:36:00
525823,15044,2010-10-07 11:45:00
525824,12476,2010-10-07 11:46:00
525825,15858,2010-10-07 11:46:00
525826,14961,2010-10-07 11:50:00
525827,14961,2010-10-07 11:52:00
525828,16928,2010-10-07 11:53:00
525829,12986,2010-10-07 11:55:00
525830,12986,2010-10-07 11:56:00
525831,12986,2010-10-07 11:57:00
525832,14118,2010-10-07 11:59:00
525833,16928,2010-10-07 12:01:00
525834,13514,2010-10-07 12:10:00
525835,17726,2010-10-07 12:15:00
525836,14051,2010-10-07 12:18:00
525837,17841,2010-10-07 12:23:00
525838,13552,2010-10-07 12:29:00
525839,13552,2010-10-07 12:30:00
525840,12903,2010-10-07 12:39:00
525841,13324,2010-10-07 12:44:00
525854,13567,2010-10-07 12:51:00
525855,13871,2010-10-07 12:56:00
525856,13569,2010-10-07 13:05:00
525857,17860,2010-10-07 13:09:00
525858,14177,2010-10-07 13:15:00
525860,13089,2010-10-07 13:19:00
525861,14961,2010-10-07 13:19:00
525862,14606,2010-10-07 13:21:00
525863,17354,2010-10-07 13:22:00
525864,16298,2010-10-07 13:22:00
525866,17354,2010-10-07 13:28:00
525867,14963,2010-10-07 13:28:00
525868,14266,2010-10-07 13:32:00
525869,14963,2010-10-07 13:35:00
525870,15641,2010-10-07 13:38:00
525871,17354,2010-10-07 13:42:00
525872,12393,2010-10-07 13:49:00
525873,16980,2010-10-07 14:05:00
525874,14692,2010-10-07 14:06:00
525875,17908,2010-10-07 14:11:00
525877,15838,2010-10-07 14:13:00
525878,16191,2010-10-07 14:21:00
525879,15228,2010-10-07 14:24:00
525883,13652,2010-10-07 14:28:00
525884,15600,2010-10-07 14:30:00
525885,12748,2010-10-07 14:39:00
525886,12748,2010-10-07 14:48:00
525887,12748,2010-10-07 14:49:00
525888,16906,2010-10-07 15:01:00
525889,17742,2010-10-07 15:03:00
525890,16588,2010-10-07 15:08:00
525891,14465,2010-10-07 15:09:00
525892,16411,2010-10-07 15:09:00
525895,13854,2010-10-07 15:25:00
525898,16072,2010-10-07 15:33:00
525899,17965,2010-10-07 15:38:00
525900,15314,2010-10-07 15:41:00
525902,16166,2010-10-07 15:44:00
525903,16841,2010-10-07 15:45:00
525905,13776,2010-10-07 16:07:00
525906,14031,2010-10-07 16:08:00
525909,13776,2010-10-07 16:11:00
525912,14031,2010-10-07 16:14:00
525913,16455,2010-10-07 16:14:00
525919,13280,2010-10-07 16:28:00
525920,16350,2010-10-07 16:33:00
525921,13280,2010-10-07 16:36:00
525926,15931,2010-10-07 16:46:00
525928,16072,2010-10-07 16:48:00
525931,14534,2010-10-07 16:57:00
525934,13623,2010-10-07 16:59:00
525941,14358,2010-10-07 17:26:00
525942,15498,2010-10-07 17:27:00
525943,18223,2010-10-07 17:37:00
525944,16059,2010-10-07 17:42:00
525945,15955,2010-10-07 17:45:00
525947,16133,2010-10-07 17:52:00
525948,15847,2010-10-07 18:19:00
525949,15498,2010-10-07 18:27:00
525950,16539,2010-10-07 18:45:00
525951,14998,2010-10-07 18:48:00
525952,14525,2010-10-07 19:03:00
525953,13291,2010-10-07 19:16:00
525959,16111,2010-10-07 19:51:00
525960,13230,2010-10-07 19:56:00
525963,15598,2010-10-08 09:20:00
525964,13093,2010-10-08 09:23:00
525965,16717,2010-10-08 09:32:00
525966,16499,2010-10-08 09:58:00
525967,14243,2010-10-08 10:00:00
525968,15838,2010-10-08 10:10:00
525970,13694,2010-10-08 10:21:00
525974,14769,2010-10-08 10:23:00
525975,17920,2010-10-08 10:26:00
525976,17920,2010-10-08 10:27:00
525977,16013,2010-10-08 10:46:00
525978,16568,2010-10-08 10:54:00
525979,13798,2010-10-08 10:58:00
525980,12835,2010-10-08 10:59:00
525981,13001,2010-10-08 11:02:00
525995,17196,2010-10-08 11:31:00
526002,12458,2010-10-08 11:36:00
526028,16549,2010-10-08 11:45:00
526039,15144,2010-10-08 11:48:00
526042,17864,2010-10-08 11:49:00
526056,15080,2010-10-08 11:52:00
526084,16754,2010-10-08 12:03:00
526085,12480,2010-10-08 12:06:00
526086,14885,2010-10-08 12:08:00
526087,17758,2010-10-08 12:08:00
526089,15281,2010-10-08 12:14:00
526090,15615,2010-10-08 12:16:00
526091,13564,2010-10-08 12:18:00
526092,18144,2010-10-08 12:18:00
526093,12811,2010-10-08 12:20:00
526094,14866,2010-10-08 12:26:00
526096,13615,2010-10-08 12:35:00
526097,16029,2010-10-08 12:36:00
526107,16329,2010-10-08 12:44:00
526108,14904,2010-10-08 12:48:00
526112,16239,2010-10-08 13:15:00
526113,13113,2010-10-08 13:16:00
526114,14298,2010-10-08 13:16:00
526115,14298,2010-10-08 13:18:00
526118,12924,2010-10-08 13:23:00
526120,13093,2010-10-08 13:30:00
526121,14186,2010-10-08 13:30:00
526122,14662,2010-10-08 13:31:00
526123,14646,2010-10-08 13:52:00
526124,14646,2010-10-08 13:55:00
526125,16128,2010-10-08 13:58:00
526127,14646,2010-10-08 13:59:00
526128,16128,2010-10-08 13:59:00
526134,15606,2010-10-08 14:21:00
526138,15622,2010-10-08 14:35:00
526139,15694,2010-10-08 14:38:00
526140,14665,2010-10-08 14:40:00
526141,13406,2010-10-08 14:44:00
526142,14911,2010-10-08 14:45:00
526145,12853,2010-10-08 14:51:00
526150,18095,2010-10-08 15:09:00
526152,16872,2010-10-08 15:20:00
526153,14911,2010-10-08 15:30:00
526154,17351,2010-10-08 15:40:00
526155,17404,2010-10-08 15:56:00
526158,17961,2010-10-08 16:19:00
526160,13541,2010-10-08 16:37:00
526161,15856,2010-10-08 16:40:00
526162,14846,2010-10-08 17:07:00
526163,15579,2010-10-08 17:28:00
526166,14754,2010-10-10 10:22:00
526167,14334,2010-10-10 10:33:00
526168,12656,2010-10-10 10:43:00
526169,16131,2010-10-10 10:47:00
526170,15179,2010-10-10 10:48:00
526171,16444,2010-10-10 10:49:00
526172,13542,2010-10-10 11:03:00
526174,12359,2010-10-10 11:16:00
526175,13838,2010-10-10 11:25:00
526176,13838,2010-10-10 11:32:00
526177,15708,2010-10-10 11:33:00
526178,12839,2010-10-10 11:37:00
526179,13736,2010-10-10 11:41:00
526180,16839,2010-10-10 11:42:00
526181,12862,2010-10-10 11:47:00
526183,14127,2010-10-10 11:53:00
526184,17465,2010-10-10 11:56:00
526185,16579,2010-10-10 11:58:00
526186,15969,2010-10-10 12:01:00
526187,17372,2010-10-10 12:02:00
526188,14734,2010-10-10 12:04:00
526189,17555,2010-10-10 12:09:00
526190,15046,2010-10-10 12:09:00
526191,17152,2010-10-10 12:40:00
526192,17518,2010-10-10 12:40:00
526193,13537,2010-10-10 12:45:00
526194,15177,2010-10-10 12:48:00
526195,15645,2010-10-10 12:51:00
526196,14346,2010-10-10 12:53:00
526197,17757,2010-10-10 12:53:00
526199,17085,2010-10-10 12:56:00
526200,15266,2010-10-10 13:03:00
526201,14820,2010-10-10 13:06:00
526202,16008,2010-10-10 13:09:00
526204,14040,2010-10-10 13:23:00
526205,17239,2010-10-10 13:24:00
526206,14693,2010-10-10 13:26:00
526207,15547,2010-10-10 13:31:00
526208,15418,2010-10-10 13:38:00
526209,13083,2010-10-10 13:38:00
526210,16466,2010-10-10 13:46:00
526211,16593,2010-10-10 13:51:00
526212,15346,2010-10-10 13:55:00
526213,12422,2010-10-10 14:14:00
526214,12749,2010-10-10 14:17:00
526215,17085,2010-10-10 14:18:00
526216,14346,2010-10-10 14:19:00
526217,14390,2010-10-10 14:30:00
526218,12748,2010-10-10 14:33:00
526219,15038,2010-10-10 14:35:00
526220,13137,2010-10-10 14:38:00
526221,17085,2010-10-10 14:42:00
526222,12676,2010-10-10 14:56:00
526223,14606,2010-10-10 14:59:00
526224,12748,2010-10-10 15:05:00
526225,14571,2010-10-10 15:06:00
526226,15785,2010-10-10 15:07:00
526227,15785,2010-10-10 15:08:00
526228,17111,2010-10-10 15:21:00
526229,16122,2010-10-10 15:26:00
526230,13362,2010-10-10 15:27:00
526231,16843,2010-10-10 15:44:00
526232,16843,2010-10-10 15:45:00
526233,17085,2010-10-10 15:57:00
526234,18078,2010-10-10 16:01:00
526235,15277,2010-10-10 16:02:00
526236,14723,2010-10-10 16:08:00
526237,15971,2010-10-11 08:12:00
526238,17714,2010-10-11 08:30:00
526239,15769,2010-10-11 09:04:00
526240,12682,2010-10-11 09:11:00
526241,13747,2010-10-11 09:15:00
526242,14911,2010-10-11 09:18:00
526243,13873,2010-10-11 09:35:00
526244,16325,2010-10-11 09:40:00
526245,12356,2010-10-11 09:42:00
526246,12909,2010-10-11 09:44:00
526247,14389,2010-10-11 10:04:00
526248,13090,2010-10-11 10:15:00
526263,16086,2010-10-11 10:30:00
526264,15562,2010-10-11 10:33:00
526265,12782,2010-10-11 10:34:00
526267,12678,2010-10-11 10:56:00
526268,14651,2010-10-11 10:58:00
526269,15441,2010-10-11 11:04:00
526271,13758,2010-10-11 11:15:00
526272,16303,2010-10-11 11:32:00
526273,16520,2010-10-11 11:34:00
526276,14756,2010-10-11 11:50:00
526286,14704,2010-10-11 11:53:00
526288,13919,2010-10-11 11:53:00
526298,14590,2010-10-11 12:00:00
526317,14590,2010-10-11 12:06:00
526322,17829,2010-10-11 12:07:00
526335,14824,2010-10-11 12:12:00
526349,15948,2010-10-11 12:16:00
526355,17419,2010-10-11 12:18:00
526375,18245,2010-10-11 12:26:00
526382,17307,2010-10-11 12:31:00
526383,14412,2010-10-11 12:33:00
526384,18135,2010-10-11 12:34:00
526385,12989,2010-10-11 12:36:00
526387,16005,2010-10-11 12:48:00
526388,17264,2010-10-11 12:52:00
526389,12797,2010-10-11 12:53:00
526391,16919,2010-10-11 13:17:00
526392,17675,2010-10-11 13:19:00
526393,17675,2010-10-11 13:20:00
526394,16527,2010-10-11 13:25:00
526395,15311,2010-10-11 13:26:00
526396,18109,2010-10-11 13:28:00
526397,17812,2010-10-11 13:31:00
526399,15439,2010-10-11 13:35:00
526400,14113,2010-10-11 13:36:00
526401,14319,2010-10-11 13:38:00
526402,12573,2010-10-11 13:48:00
526404,13495,2010-10-11 13:49:00
526406,18172,2010-10-11 13:55:00
526407,14466,2010-10-11 13:56:00
526408,18172,2010-10-11 13:56:00
526409,15920,2010-10-11 13:57:00
526410,16735,2010-10-11 13:59:00
526411,15834,2010-10-11 14:05:00
526412,13959,2010-10-11 14:15:00
526413,13082,2010-10-11 14:17:00
526414,13082,2010-10-11 14:19:00
526416,17068,2010-10-11 14:25:00
526417,15111,2010-10-11 14:32:00
526418,15898,2010-10-11 14:33:00
526419,14299,2010-10-11 14:38:00
526420,14852,2010-10-11 14:45:00
526421,14852,2010-10-11 14:46:00
526422,16330,2010-10-11 14:59:00
526423,16915,2010-10-11 15:00:00
526424,16477,2010-10-11 15:01:00
526425,13113,2010-10-11 15:05:00
526426,16036,2010-10-11 15:08:00
526427,12747,2010-10-11 15:08:00
526429,17920,2010-10-11 15:11:00
526430,17635,2010-10-11 15:12:00
526432,14401,2010-10-11 15:25:00
526455,17004,2010-10-11 15:43:00
526458,17273,2010-10-11 15:57:00
526459,17692,2010-10-11 15:59:00
526460,17692,2010-10-11 16:00:00
526462,15024,2010-10-11 16:14:00
526465,16235,2010-10-11 16:24:00
526471,15024,2010-10-11 16:42:00
526472,13199,2010-10-11 16:51:00
526473,16407,2010-10-11 17:01:00
526480,13546,2010-10-11 17:23:00
526483,16231,2010-10-11 17:29:00
526484,17710,2010-10-12 07:49:00
526485,12649,2010-10-12 08:08:00
526486,14199,2010-10-12 08:25:00
526487,14135,2010-10-12 08:26:00
526488,13912,2010-10-12 08:43:00
526489,13971,2010-10-12 08:51:00
526490,16281,2010-10-12 09:01:00
526491,12655,2010-10-12 09:17:00
526492,16574,2010-10-12 09:25:00
526493,13021,2010-10-12 09:26:00
526494,17735,2010-10-12 09:31:00
526495,13921,2010-10-12 09:47:00
526496,15838,2010-10-12 09:53:00
526497,17677,2010-10-12 09:55:00
526498,14739,2010-10-12 09:58:00
526499,17457,2010-10-12 10:05:00
526500,17700,2010-10-12 10:12:00
526501,17700,2010-10-12 10:13:00
526502,13710,2010-10-12 10:22:00
526503,15696,2010-10-12 10:24:00
526504,15062,2010-10-12 10:38:00
526505,14708,2010-10-12 10:42:00
526506,13368,2010-10-12 10:43:00
526507,16134,2010-10-12 10:44:00
526508,16039,2010-10-12 10:44:00
526509,17094,2010-10-12 10:48:00
526510,13299,2010-10-12 10:53:00
526512,14981,2010-10-12 11:04:00
526513,15039,2010-10-12 11:04:00
526514,14746,2010-10-12 11:06:00
526515,13223,2010-10-12 11:07:00
526553,17388,2010-10-12 11:34:00
526564,16161,2010-10-12 11:39:00
526575,16126,2010-10-12 11:48:00
526585,12931,2010-10-12 11:52:00
526599,16133,2010-10-12 11:55:00
526606,18008,2010-10-12 12:10:00
526607,17708,2010-10-12 12:13:00
526610,15208,2010-10-12 12:17:00
526611,14907,2010-10-12 12:19:00
526612,14907,2010-10-12 12:20:00
526613,17104,2010-10-12 12:21:00
526614,13590,2010-10-12 12:22:00
526615,12748,2010-10-12 12:23:00
526621,13777,2010-10-12 12:31:00
526625,16401,2010-10-12 12:36:00
526626,13296,2010-10-12 12:41:00
526627,14240,2010-10-12 12:48:00
526628,16553,2010-10-12 12:50:00
526629,14527,2010-10-12 12:59:00
526631,15738,2010-10-12 13:03:00
526632,13440,2010-10-12 13:07:00
526633,13440,2010-10-12 13:07:00
526634,13440,2010-10-12 13:07:00
526635,13440,2010-10-12 13:09:00
526636,13440,2010-10-12 13:11:00
526637,14688,2010-10-12 13:16:00
526639,16772,2010-10-12 13:19:00
526640,12599,2010-10-12 13:20:00
526641,13968,2010-10-12 13:22:00
526642,12647,2010-10-12 13:26:00
526644,15381,2010-10-12 13:32:00
526645,17841,2010-10-12 13:33:00
526646,12553,2010-10-12 13:35:00
526647,12748,2010-10-12 13:39:00
526649,17685,2010-10-12 13:50:00
526650,16814,2010-10-12 13:53:00
526651,16775,2010-10-12 13:54:00
526652,14263,2010-10-12 14:09:00
526654,16932,2010-10-12 14:14:00
526655,16607,2010-10-12 14:34:00
526656,16774,2010-10-12 14:42:00
526657,16263,2010-10-12 14:52:00
526658,12971,2010-10-12 14:56:00
526659,15570,2010-10-12 15:04:00
526660,13013,2010-10-12 15:04:00
526661,15570,2010-10-12 15:08:00
526662,16551,2010-10-12 15:09:00
526663,18260,2010-10-12 15:15:00
526664,13078,2010-10-12 15:20:00
526665,17428,2010-10-12 15:20:00
526666,17428,2010-10-12 15:21:00
526668,12467,2010-10-12 15:41:00
526669,14838,2010-10-12 15:46:00
526672,17526,2010-10-12 16:05:00
526679,17003,2010-10-12 16:08:00
526707,13485,2010-10-12 16:23:00
526708,17944,2010-10-12 16:25:00
526709,15129,2010-10-12 16:29:00
526710,15151,2010-10-12 16:37:00
526712,14154,2010-10-12 16:38:00
526713,12931,2010-10-12 16:38:00
526715,12629,2010-10-12 16:40:00
526716,17975,2010-10-12 16:43:00
526717,12605,2010-10-12 16:51:00
526718,17414,2010-10-12 16:53:00
526719,17686,2010-10-12 17:06:00
526720,17576,2010-10-12 17:11:00
526722,14853,2010-10-12 17:17:00
526723,16266,2010-10-12 17:20:00
526724,13909,2010-10-12 17:22:00
526725,16298,2010-10-12 17:24:00
526733,16975,2010-10-12 17:53:00
526741,16701,2010-10-12 18:16:00
526745,13297,2010-10-13 08:29:00
526746,13985,2010-10-13 09:20:00
526747,16625,2010-10-13 09:32:00
526748,15122,2010-10-13 09:42:00
526749,16643,2010-10-13 09:47:00
526751,17182,2010-10-13 10:09:00
526752,18239,2010-10-13 10:11:00
526753,13267,2010-10-13 10:12:00
526754,17604,2010-10-13 10:17:00
526755,13728,2010-10-13 10:23:00
526756,12424,2010-10-13 10:29:00
526757,16843,2010-10-13 10:31:00
526758,14534,2010-10-13 10:43:00
526759,18075,2010-10-13 10:46:00
526760,12582,2010-10-13 10:52:00
526761,14646,2010-10-13 10:53:00
526762,14646,2010-10-13 10:55:00
526763,13792,2010-10-13 11:05:00
526764,17179,2010-10-13 11:10:00
526768,13266,2010-10-13 11:16:00
526802,13491,2010-10-13 11:34:00
526804,16660,2010-10-13 11:38:00
526806,13881,2010-10-13 11:39:00
526807,13881,2010-10-13 11:40:00
526808,13881,2010-10-13 11:41:00
526812,16990,2010-10-13 11:42:00
526838,15984,2010-10-13 11:55:00
526841,16190,2010-10-13 12:00:00
526842,17377,2010-10-13 12:02:00
526845,17511,2010-10-13 12:18:00
526846,13319,2010-10-13 12:22:00
526847,15984,2010-10-13 12:24:00
526848,16418,2010-10-13 12:31:00
526849,15596,2010-10-13 12:32:00
526850,16238,2010-10-13 12:36:00
526852,15134,2010-10-13 12:44:00
526853,12540,2010-10-13 12:48:00
526854,14399,2010-10-13 12:50:00
526857,16279,2010-10-13 12:59:00
526859,14021,2010-10-13 13:01:00
526861,14606,2010-10-13 13:05:00
526862,14911,2010-10-13 13:07:00
526863,15203,2010-10-13 13:08:00
526864,12437,2010-10-13 13:09:00
526865,15356,2010-10-13 13:12:00
526866,18225,2010-10-13 13:22:00
526867,14204,2010-10-13 13:32:00
526868,15016,2010-10-13 13:32:00
526869,13418,2010-10-13 13:37:00
526870,14498,2010-10-13 13:41:00
526871,17814,2010-10-13 14:03:00
526872,15311,2010-10-13 14:08:00
526873,12921,2010-10-13 14:12:00
526874,12921,2010-10-13 14:14:00
526887,16725,2010-10-13 14:25:00
526888,17580,2010-10-13 14:28:00
526889,14667,2010-10-13 14:39:00
526890,15032,2010-10-13 14:40:00
526891,13832,2010-10-13 14:41:00
526892,13665,2010-10-13 14:46:00
526893,12379,2010-10-13 14:46:00
526894,12471,2010-10-13 14:52:00
526897,13663,2010-10-13 14:57:00
526899,14911,2010-10-13 14:58:00
526900,16120,2010-10-13 15:07:00
526901,17817,2010-10-13 15:07:00
526902,13770,2010-10-13 15:10:00
526903,17851,2010-10-13 15:13:00
526904,16130,2010-10-13 15:14:00
526905,12900,2010-10-13 15:17:00
526906,16120,2010-10-13 15:22:00
526907,17978,2010-10-13 15:22:00
526908,15242,2010-10-13 15:33:00
526909,16918,2010-10-13 15:37:00
526910,15351,2010-10-13 15:37:00
526911,12681,2010-10-13 15:40:00
526913,17409,2010-10-13 16:09:00
526914,17338,2010-10-13 16:17:00
526915,15652,2010-10-13 16:18:00
526919,14316,2010-10-13 16:31:00
526924,17180,2010-10-13 16:58:00
526927,14060,2010-10-14 09:01:00
526928,14866,2010-10-14 09:09:00
526930,17409,2010-10-14 09:31:00
526933,13696,2010-10-14 09:44:00
526934,18102,2010-10-14 09:46:00
526935,13089,2010-10-14 09:50:00
526936,13831,2010-10-14 10:00:00
526937,17422,2010-10-14 10:07:00
526938,17409,2010-10-14 10:10:00
526940,18041,2010-10-14 10:16:00
526941,12374,2010-10-14 10:16:00
526942,14648,2010-10-14 10:17:00
526943,15304,2010-10-14 10:24:00
526944,14499,2010-10-14 10:26:00
526945,18102,2010-10-14 10:30:00
526946,16558,2010-10-14 10:36:00
526965,12589,2010-10-14 11:06:00
526992,17720,2010-10-14 11:15:00
527017,14696,2010-10-14 11:43:00
527018,13617,2010-10-14 11:47:00
527021,14680,2010-10-14 11:52:00
527022,13194,2010-10-14 11:54:00
527023,12589,2010-10-14 11:54:00
527026,15252,2010-10-14 12:05:00
527027,12838,2010-10-14 12:10:00
527030,16518,2010-10-14 12:14:00
527040,14929,2010-10-14 12:22:00
527041,12798,2010-10-14 12:27:00
527042,14911,2010-10-14 12:31:00
527043,18090,2010-10-14 12:32:00
527044,13756,2010-10-14 12:41:00
527045,15339,2010-10-14 12:44:00
527046,18037,2010-10-14 12:46:00
527047,15827,2010-10-14 12:48:00
527048,15827,2010-10-14 12:49:00
527049,13857,2010-10-14 12:50:00
527050,17717,2010-10-14 12:54:00
527051,13395,2010-10-14 13:00:00
527052,17311,2010-10-14 13:02:00
527053,14343,2010-10-14 13:05:00
527054,16935,2010-10-14 13:09:00
527055,16416,2010-10-14 13:12:00
527057,16211,2010-10-14 13:20:00
527058,12374,2010-10-14 13:31:00
527059,17675,2010-10-14 13:32:00
527060,17629,2010-10-14 13:35:00
527061,17796,2010-10-14 13:37:00
527062,15735,2010-10-14 13:38:00
527063,14584,2010-10-14 13:48:00
527064,16176,2010-10-14 13:54:00
527065,17751,2010-10-14 13:57:00
527067,15339,2010-10-14 14:04:00
527068,16991,2010-10-14 14:08:00
527069,14866,2010-10-14 14:08:00
527070,14975,2010-10-14 14:11:00
527071,16912,2010-10-14 14:11:00
527072,14296,2010-10-14 14:14:00
527073,15050,2010-10-14 14:18:00
527074,17961,2010-10-14 14:45:00
527076,15677,2010-10-14 15:19:00
527077,13093,2010-10-14 15:23:00
527078,15160,2010-10-14 15:26:00
527084,14646,2010-10-14 15:33:00
527085,17611,2010-10-14 15:45:00
527086,17965,2010-10-14 15:45:00
527087,14291,2010-10-14 15:49:00
527088,14291,2010-10-14 15:50:00
527089,14291,2010-10-14 15:51:00
527091,15271,2010-10-14 16:04:00
527092,17101,2010-10-14 16:09:00
527093,17823,2010-10-14 16:14:00
527094,17913,2010-10-14 16:14:00
527095,17823,2010-10-14 16:24:00
527096,13225,2010-10-14 16:26:00
527097,17716,2010-10-14 16:29:00
527098,17716,2010-10-14 16:30:00
527099,15123,2010-10-14 16:30:00
527101,14956,2010-10-14 16:40:00
527102,15114,2010-10-14 16:44:00
527103,15549,2010-10-14 16:54:00
527104,14911,2010-10-14 17:09:00
527105,17935,2010-10-14 17:13:00
527107,15626,2010-10-14 17:16:00
527110,14817,2010-10-14 17:23:00
527111,17935,2010-10-14 17:24:00
527113,12454,2010-10-14 17:33:00
527114,13577,2010-10-14 17:44:00
527115,14911,2010-10-14 17:51:00
527116,16523,2010-10-14 17:59:00
527117,16523,2010-10-14 18:01:00
527118,15717,2010-10-14 18:02:00
527119,13829,2010-10-14 18:19:00
527120,13199,2010-10-14 18:25:00
527121,13468,2010-10-14 18:25:00
527123,12694,2010-10-14 19:39:00
527124,14088,2010-10-14 19:46:00
527125,14549,2010-10-15 08:26:00
527126,16652,2010-10-15 08:41:00
527127,13539,2010-10-15 09:15:00
527128,16465,2010-10-15 09:27:00
527129,16153,2010-10-15 09:29:00
527130,15296,2010-10-15 09:31:00
527131,14646,2010-10-15 09:32:00
527132,15296,2010-10-15 09:33:00
527133,12709,2010-10-15 09:33:00
527138,14560,2010-10-15 10:10:00
527139,13136,2010-10-15 10:16:00
527140,13722,2010-10-15 10:17:00
527141,13136,2010-10-15 10:17:00
527142,13722,2010-10-15 10:18:00
527143,17510,2010-10-15 10:20:00
527144,14001,2010-10-15 10:21:00
527145,12409,2010-10-15 10:24:00
527146,17388,2010-10-15 10:39:00
527147,14168,2010-10-15 10:49:00
527148,18018,2010-10-15 11:05:00
527149,15817,2010-10-15 11:07:00
527156,17202,2010-10-15 11:25:00
527164,17390,2010-10-15 11:29:00
527192,16746,2010-10-15 11:45:00
527194,15095,2010-10-15 11:46:00
527196,15095,2010-10-15 11:47:00
527197,15181,2010-10-15 11:47:00
527201,13233,2010-10-15 11:49:00
527204,13802,2010-10-15 11:50:00
527234,12691,2010-10-15 12:00:00
527236,15400,2010-10-15 12:00:00
527243,17536,2010-10-15 12:09:00
527244,15957,2010-10-15 12:11:00
527245,17090,2010-10-15 12:14:00
527246,15967,2010-10-15 12:20:00
527247,15957,2010-10-15 12:22:00
527248,14776,2010-10-15 12:27:00
527249,15571,2010-10-15 12:28:00
527250,12445,2010-10-15 12:28:00
527251,17687,2010-10-15 12:30:00
527252,15207,2010-10-15 12:30:00
527254,16336,2010-10-15 12:32:00
527255,12437,2010-10-15 12:35:00
527256,14913,2010-10-15 12:37:00
527257,15202,2010-10-15 12:39:00
527258,15202,2010-10-15 12:40:00
527261,13767,2010-10-15 12:44:00
527262,15574,2010-10-15 12:45:00
527265,16422,2010-10-15 12:50:00
527266,15005,2010-10-15 12:52:00
527267,14527,2010-10-15 13:01:00
527268,13059,2010-10-15 13:02:00
527271,15202,2010-10-15 13:05:00
527274,16656,2010-10-15 13:13:00
527275,16656,2010-10-15 13:15:00
527277,16779,2010-10-15 13:21:00
527278,13692,2010-10-15 13:28:00
527279,17822,2010-10-15 13:33:00
527280,16576,2010-10-15 13:37:00
527281,13999,2010-10-15 13:39:00
527282,17822,2010-10-15 13:40:00
527283,15651,2010-10-15 13:42:00
527284,12748,2010-10-15 13:43:00
527285,17822,2010-10-15 13:47:00
527286,12987,2010-10-15 13:48:00
527287,15686,2010-10-15 13:50:00
527288,12417,2010-10-15 13:57:00
527290,13145,2010-10-15 14:08:00
527294,17675,2010-10-15 14:10:00
527296,12712,2010-10-15 14:11:00
527297,15615,2010-10-15 14:11:00
527298,15615,2010-10-15 14:12:00
527299,16103,2010-10-15 14:20:00
527300,15380,2010-10-15 14:22:00
527301,17938,2010-10-15 14:27:00
527302,13538,2010-10-15 14:27:00
527303,17888,2010-10-15 14:35:00
527304,17316,2010-10-15 14:35:00
527306,13052,2010-10-15 14:45:00
527309,13052,2010-10-15 14:47:00
527316,13655,2010-10-15 14:50:00
527318,16253,2010-10-15 14:51:00
527320,14868,2010-10-15 14:52:00
527323,14868,2010-10-15 14:53:00
527328,12748,2010-10-15 15:06:00
527331,13140,2010-10-15 15:13:00
527335,16650,2010-10-15 15:28:00
527336,18151,2010-10-15 15:29:00
527338,16810,2010-10-15 15:32:00
527344,13069,2010-10-15 15:38:00
527345,13666,2010-10-15 15:46:00
527347,14341,2010-10-15 15:51:00
527348,14341,2010-10-15 15:52:00
527349,16232,2010-10-15 16:00:00
527350,12415,2010-10-15 16:04:00
527354,18102,2010-10-17 09:54:00
527355,17597,2010-10-17 10:13:00
527356,16104,2010-10-17 10:34:00
527358,16782,2010-10-17 10:42:00
527359,14451,2010-10-17 10:43:00
527360,16767,2010-10-17 10:46:00
527361,15034,2010-10-17 10:56:00
527362,14907,2010-10-17 10:57:00
527363,14810,2010-10-17 11:11:00
527364,13089,2010-10-17 11:20:00
527365,16928,2010-10-17 11:23:00
527366,15571,2010-10-17 11:24:00
527367,14850,2010-10-17 11:29:00
527369,16054,2010-10-17 11:38:00
527370,14479,2010-10-17 11:58:00
527371,17769,2010-10-17 12:03:00
527372,15688,2010-10-17 12:06:00
527373,12841,2010-10-17 12:11:00
527374,16221,2010-10-17 12:18:00
527375,14850,2010-10-17 12:34:00
527376,14953,2010-10-17 12:37:00
527377,15898,2010-10-17 12:37:00
527378,15953,2010-10-17 12:47:00
527379,13527,2010-10-17 12:52:00
527380,14953,2010-10-17 12:52:00
527381,16124,2010-10-17 12:56:00
527382,15774,2010-10-17 12:59:00
527383,14839,2010-10-17 13:01:00
527384,14044,2010-10-17 13:02:00
527385,16381,2010-10-17 13:06:00
527386,16676,2010-10-17 13:07:00
527387,14877,2010-10-17 13:09:00
527388,17211,2010-10-17 13:10:00
527390,18112,2010-10-17 13:16:00
527391,13663,2010-10-17 13:22:00
527392,14044,2010-10-17 13:28:00
527394,15772,2010-10-17 13:33:00
527395,14850,2010-10-17 13:33:00
527396,17373,2010-10-17 13:35:00
527397,17757,2010-10-17 13:40:00
527398,13820,2010-10-17 13:46:00
527399,15590,2010-10-17 13:58:00
527400,14175,2010-10-17 13:59:00
527401,14507,2010-10-17 14:17:00
527402,17372,2010-10-17 14:26:00
527403,15799,2010-10-17 14:26:00
527404,14800,2010-10-17 14:30:00
527406,14800,2010-10-17 14:35:00
527407,17141,2010-10-17 14:44:00
527408,14712,2010-10-17 14:49:00
527409,17141,2010-10-17 14:54:00
527411,16691,2010-10-17 15:03:00
527412,15367,2010-10-17 15:05:00
527413,13131,2010-10-17 15:13:00
527414,15506,2010-10-17 15:16:00
527415,16421,2010-10-17 15:21:00
527416,13798,2010-10-17 15:34:00
527417,16045,2010-10-17 15:37:00
527418,16684,2010-10-17 15:40:00
527419,12748,2010-10-17 15:43:00
527420,16549,2010-10-17 15:50:00
527421,17460,2010-10-17 15:58:00
527423,14755,2010-10-17 16:06:00
527424,15068,2010-10-17 16:08:00
527426,17703,2010-10-17 16:16:00
527427,15555,2010-10-17 16:16:00
527428,16283,2010-10-17 16:17:00
527429,15555,2010-10-17 16:24:00
527431,15551,2010-10-17 16:37:00
527433,15551,2010-10-17 16:39:00
527434,16191,2010-10-18 07:25:00
527435,13941,2010-10-18 07:27:00
527436,15786,2010-10-18 08:11:00
527437,16191,2010-10-18 08:11:00
527438,15694,2010-10-18 08:13:00
527439,12376,2010-10-18 08:42:00
527440,13516,2010-10-18 08:52:00
527441,12990,2010-10-18 08:56:00
527442,13748,2010-10-18 09:10:00
527443,13464,2010-10-18 09:13:00
527445,14741,2010-10-18 09:33:00
527446,18065,2010-10-18 09:36:00
527447,18065,2010-10-18 09:38:00
527448,14644,2010-10-18 09:40:00
527449,14644,2010-10-18 09:41:00
527450,13214,2010-10-18 10:00:00
527451,13957,2010-10-18 10:02:00
527452,15180,2010-10-18 10:07:00
527453,15934,2010-10-18 10:13:00
527454,12939,2010-10-18 10:19:00
527455,17396,2010-10-18 10:20:00
527456,17663,2010-10-18 10:26:00
527457,15958,2010-10-18 10:26:00
527458,14217,2010-10-18 10:29:00
527459,16069,2010-10-18 10:32:00
527461,13340,2010-10-18 10:42:00
527462,15261,2010-10-18 10:42:00
527463,14940,2010-10-18 10:47:00
527467,15921,2010-10-18 11:03:00
527468,17377,2010-10-18 11:09:00
527470,12748,2010-10-18 11:13:00
527471,14395,2010-10-18 11:16:00
527472,15971,2010-10-18 11:19:00
527473,15900,2010-10-18 11:22:00
527474,17220,2010-10-18 11:25:00
527475,17621,2010-10-18 11:28:00
527478,14952,2010-10-18 11:33:00
527479,12665,2010-10-18 11:34:00
527483,13700,2010-10-18 11:38:00
527486,17167,2010-10-18 11:42:00
527488,16347,2010-10-18 11:47:00
527490,16856,2010-10-18 11:54:00
527491,15856,2010-10-18 11:56:00
527492,16395,2010-10-18 11:57:00
527493,15173,2010-10-18 12:01:00
527494,14156,2010-10-18 12:04:00
527495,14796,2010-10-18 12:07:00
527496,12699,2010-10-18 12:07:00
527498,15719,2010-10-18 12:11:00
527499,14911,2010-10-18 12:12:00
527502,17381,2010-10-18 12:22:00
527503,16133,2010-10-18 12:23:00
527504,16996,2010-10-18 12:24:00
527505,17841,2010-10-18 12:25:00
527507,17085,2010-10-18 12:43:00
527508,15674,2010-10-18 12:46:00
527509,18109,2010-10-18 12:49:00
527510,13854,2010-10-18 12:50:00
527511,17646,2010-10-18 12:54:00
527512,14130,2010-10-18 12:54:00
527513,16441,2010-10-18 12:57:00
527514,16017,2010-10-18 12:58:00
527536,14667,2010-10-18 13:22:00
527548,13763,2010-10-18 13:25:00
527561,14606,2010-10-18 13:30:00
527568,17672,2010-10-18 13:33:00
527571,17672,2010-10-18 13:34:00
527595,16163,2010-10-18 13:40:00
527602,13881,2010-10-18 13:42:00
527614,13152,2010-10-18 13:44:00
527654,13643,2010-10-18 14:01:00
527655,13387,2010-10-18 14:07:00
527656,16202,2010-10-18 14:10:00
527657,16141,2010-10-18 14:12:00
527658,13079,2010-10-18 14:15:00
527664,15281,2010-10-18 14:31:00
527675,16099,2010-10-18 14:48:00
527688,14566,2010-10-18 14:57:00
527691,12504,2010-10-18 15:09:00
527696,13554,2010-10-18 15:13:00
527699,13554,2010-10-18 15:14:00
527712,17026,2010-10-18 15:22:00
527713,14735,2010-10-18 15:24:00
527717,15459,2010-10-18 15:25:00
527718,14735,2010-10-18 15:25:00
527719,17143,2010-10-18 15:27:00
527721,13088,2010-10-18 15:35:00
527724,17023,2010-10-18 15:37:00
527732,15777,2010-10-18 15:45:00
527740,14157,2010-10-18 15:48:00
527746,14850,2010-10-18 15:52:00
527749,16854,2010-10-18 16:31:00
527751,17848,2010-10-18 16:38:00
527753,14572,2010-10-18 16:52:00
527754,15710,2010-10-18 17:05:00
527759,14572,2010-10-18 17:11:00
527760,12454,2010-10-18 17:12:00
527763,16950,2010-10-19 09:04:00
527764,16859,2010-10-19 09:07:00
527765,14915,2010-10-19 09:10:00
527766,14915,2010-10-19 09:11:00
527767,12623,2010-10-19 09:35:00
527768,13929,2010-10-19 09:50:00
527769,16558,2010-10-19 10:14:00
527770,17655,2010-10-19 10:20:00
527772,14312,2010-10-19 10:23:00
527773,16045,2010-10-19 10:23:00
527774,12982,2010-10-19 10:41:00
527775,13199,2010-10-19 10:49:00
527776,12476,2010-10-19 10:58:00
527777,12476,2010-10-19 11:01:00
527783,12476,2010-10-19 11:04:00
527796,12454,2010-10-19 11:14:00
527819,16515,2010-10-19 11:22:00
527827,17676,2010-10-19 11:24:00
527841,17219,2010-10-19 11:29:00
527853,15885,2010-10-19 11:32:00
527870,16684,2010-10-19 11:36:00
527879,14524,2010-10-19 11:44:00
527880,15039,2010-10-19 11:47:00
527881,13480,2010-10-19 11:53:00
527882,15886,2010-10-19 11:57:00
527883,17760,2010-10-19 11:59:00
527884,15886,2010-10-19 12:01:00
527885,15011,2010-10-19 12:05:00
527886,18277,2010-10-19 12:06:00
527887,14388,2010-10-19 12:08:00
527888,14891,2010-10-19 12:10:00
527889,14911,2010-10-19 12:14:00
527890,17365,2010-10-19 12:15:00
527891,14524,2010-10-19 12:16:00
527892,14585,2010-10-19 12:17:00
527894,13002,2010-10-19 12:23:00
527895,14524,2010-10-19 12:24:00
527896,15581,2010-10-19 12:32:00
527908,13975,2010-10-19 12:48:00
527910,14156,2010-10-19 12:50:00
527911,16710,2010-10-19 12:50:00
527912,16919,2010-10-19 13:00:00
527913,14332,2010-10-19 13:01:00
527917,14648,2010-10-19 13:12:00
527918,17975,2010-10-19 13:13:00
527921,16119,2010-10-19 13:17:00
527922,13615,2010-10-19 13:18:00
527924,17967,2010-10-19 13:19:00
527925,17397,2010-10-19 13:20:00
527926,13134,2010-10-19 13:21:00
527928,13488,2010-10-19 13:28:00
527929,15207,2010-10-19 13:29:00
527933,13840,2010-10-19 13:34:00
527935,16719,2010-10-19 13:38:00
527937,12594,2010-10-19 14:05:00
527938,13659,2010-10-19 14:09:00
527939,14301,2010-10-19 14:09:00
527940,13931,2010-10-19 14:11:00
527941,13931,2010-10-19 14:13:00
527942,14469,2010-10-19 14:30:00
527943,17137,2010-10-19 14:51:00
527944,13510,2010-10-19 14:54:00
527945,16096,2010-10-19 15:03:00
527946,14541,2010-10-19 15:07:00
527948,17396,2010-10-19 15:17:00
527949,16387,2010-10-19 15:23:00
527950,16795,2010-10-19 15:33:00
527954,14030,2010-10-19 16:10:00
527956,17205,2010-10-19 16:11:00
527957,13081,2010-10-19 16:38:00
527958,17576,2010-10-19 16:39:00
527959,14618,2010-10-19 16:56:00
527960,14618,2010-10-19 16:57:00
527961,13426,2010-10-20 09:25:00
527962,13426,2010-10-20 09:27:00
527963,17894,2010-10-20 09:41:00
527964,14790,2010-10-20 09:45:00
527965,17865,2010-10-20 09:46:00
527966,17865,2010-10-20 09:48:00
527968,16133,2010-10-20 09:59:00
527969,13985,2010-10-20 10:01:00
527970,13981,2010-10-20 10:03:00
527971,13373,2010-10-20 10:09:00
527972,15608,2010-10-20 10:10:00
527974,13502,2010-10-20 10:15:00
527975,15617,2010-10-20 10:22:00
527976,12971,2010-10-20 10:24:00
527977,14617,2010-10-20 10:40:00
527978,12523,2010-10-20 10:45:00
527979,14631,2010-10-20 10:50:00
527992,15081,2010-10-20 11:06:00
528037,16098,2010-10-20 11:26:00
528040,13557,2010-10-20 11:32:00
528051,15874,2010-10-20 11:41:00
528052,15377,2010-10-20 11:42:00
528053,18066,2010-10-20 11:42:00
528054,12748,2010-10-20 11:44:00
528055,13777,2010-10-20 11:48:00
528056,14692,2010-10-20 11:49:00
528057,18241,2010-10-20 11:58:00
528058,16201,2010-10-20 12:00:00
528060,16776,2010-10-20 12:13:00
528061,17732,2010-10-20 12:16:00
528069,17706,2010-10-20 12:22:00
528070,14543,2010-10-20 12:24:00
528071,14460,2010-10-20 12:25:00
528072,14543,2010-10-20 12:25:00
528073,14700,2010-10-20 12:26:00
528074,16817,2010-10-20 12:31:00
528076,16523,2010-10-20 12:42:00
528077,13995,2010-10-20 12:44:00
528078,14746,2010-10-20 12:45:00
528079,15501,2010-10-20 12:47:00
528080,14746,2010-10-20 12:52:00
528081,12872,2010-10-20 12:52:00
528082,16521,2010-10-20 12:53:00
528083,16916,2010-10-20 12:56:00
528084,16898,2010-10-20 13:00:00
528085,12980,2010-10-20 13:05:00
528086,15602,2010-10-20 13:08:00
528087,16521,2010-10-20 13:09:00
528088,13703,2010-10-20 13:11:00
528089,14449,2010-10-20 13:12:00
528090,13292,2010-10-20 13:15:00
528091,16748,2010-10-20 13:17:00
528092,14449,2010-10-20 13:19:00
528094,13506,2010-10-20 13:25:00
528095,14656,2010-10-20 13:26:00
528097,17322,2010-10-20 13:29:00
528098,13740,2010-10-20 13:30:00
528101,14344,2010-10-20 13:40:00
528102,15572,2010-10-20 13:40:00
528104,13842,2010-10-20 13:42:00
528105,15291,2010-10-20 13:43:00
528106,15311,2010-10-20 13:43:00
528108,15311,2010-10-20 13:48:00
528109,13557,2010-10-20 14:06:00
528110,13001,2010-10-20 14:08:00
528111,16702,2010-10-20 14:10:00
528112,17457,2010-10-20 14:22:00
528113,16642,2010-10-20 14:22:00
528114,14911,2010-10-20 14:22:00
528115,13723,2010-10-20 14:23:00
528117,12421,2010-10-20 14:28:00
528118,18008,2010-10-20 14:28:00
528119,15061,2010-10-20 14:31:00
528120,15061,2010-10-20 14:33:00
528121,15061,2010-10-20 14:34:00
528122,15061,2010-10-20 14:36:00
528123,13104,2010-10-20 14:38:00
528124,13065,2010-10-20 14:41:00
528125,16903,2010-10-20 14:42:00
528126,16797,2010-10-20 14:42:00
528129,14062,2010-10-20 14:58:00
528130,13723,2010-10-20 14:59:00
528131,14878,2010-10-20 15:02:00
528133,14878,2010-10-20 15:08:00
528134,15647,2010-10-20 15:09:00
528135,12530,2010-10-20 15:15:00
528136,14624,2010-10-20 15:16:00
528137,17044,2010-10-20 15:21:00
528138,12931,2010-10-20 15:24:00
528139,16372,2010-10-20 15:25:00
528140,16011,2010-10-20 15:35:00
528141,16019,2010-10-20 15:36:00
528142,15523,2010-10-20 15:43:00
528146,14612,2010-10-20 16:01:00
528147,17038,2010-10-20 16:04:00
528150,13824,2010-10-20 16:15:00
528151,14062,2010-10-20 16:26:00
528152,12387,2010-10-20 16:27:00
528153,17396,2010-10-20 16:28:00
528154,12643,2010-10-20 16:35:00
528156,17817,2010-10-20 17:12:00
528157,15189,2010-10-20 17:20:00
528158,14031,2010-10-20 17:33:00
528159,13081,2010-10-21 07:48:00
528160,16043,2010-10-21 08:52:00
528161,16825,2010-10-21 09:17:00
528162,14180,2010-10-21 09:19:00
528164,13368,2010-10-21 09:43:00
528165,13468,2010-10-21 09:45:00
528166,12586,2010-10-21 09:48:00
528167,18247,2010-10-21 09:49:00
528168,12415,2010-10-21 09:49:00
528169,13117,2010-10-21 09:55:00
528170,13374,2010-10-21 10:04:00
528172,14644,2010-10-21 10:10:00
528175,12820,2010-10-21 10:25:00
528176,12725,2010-10-21 10:28:00
528177,17017,2010-10-21 10:46:00
528178,17017,2010-10-21 10:47:00
528179,14227,2010-10-21 10:49:00
528180,16316,2010-10-21 10:53:00
528181,15271,2010-10-21 10:55:00
528184,15358,2010-10-21 11:10:00
528235,17096,2010-10-21 11:40:00
528239,16954,2010-10-21 11:42:00
528255,17068,2010-10-21 11:47:00
528257,14688,2010-10-21 11:48:00
528263,16412,2010-10-21 11:52:00
528276,16992,2010-10-21 11:56:00
528304,16550,2010-10-21 12:05:00
528305,17834,2010-10-21 12:09:00
528306,16590,2010-10-21 12:09:00
528308,14527,2010-10-21 12:11:00
528310,14156,2010-10-21 12:14:00
528311,17924,2010-10-21 12:17:00
528313,13047,2010-10-21 12:22:00
528314,13047,2010-10-21 12:23:00
528316,14911,2010-10-21 12:30:00
528318,16933,2010-10-21 12:38:00
528319,17483,2010-10-21 12:43:00
528320,13386,2010-10-21 12:52:00
528321,14606,2010-10-21 12:53:00
528322,14113,2010-10-21 12:53:00
528323,15953,2010-10-21 12:56:00
528324,13092,2010-10-21 13:02:00
528325,15680,2010-10-21 13:02:00
528326,13195,2010-10-21 13:07:00
528327,16065,2010-10-21 13:20:00
528328,14045,2010-10-21 13:20:00
528329,13891,2010-10-21 13:23:00
528330,13836,2010-10-21 13:27:00
528333,13534,2010-10-21 13:43:00
528334,13534,2010-10-21 13:44:00
528335,12400,2010-10-21 13:45:00
528336,15995,2010-10-21 13:57:00
528337,15255,2010-10-21 14:02:00
528338,15257,2010-10-21 14:03:00
528340,17673,2010-10-21 14:05:00
528341,17389,2010-10-21 14:05:00
528342,14148,2010-10-21 14:08:00
528349,13936,2010-10-21 14:21:00
528350,16422,2010-10-21 14:26:00
528351,13166,2010-10-21 14:29:00
528352,18243,2010-10-21 14:29:00
528353,15251,2010-10-21 14:29:00
528354,16310,2010-10-21 14:47:00
528356,12877,2010-10-21 14:55:00
528357,14216,2010-10-21 15:07:00
528359,16167,2010-10-21 15:32:00
528361,16167,2010-10-21 15:33:00
528362,14000,2010-10-21 15:35:00
528363,14442,2010-10-21 15:38:00
528364,14442,2010-10-21 15:39:00
528366,14911,2010-10-21 16:20:00
528367,13077,2010-10-21 16:29:00
528368,13581,2010-10-21 16:30:00
528369,15159,2010-10-21 16:33:00
528372,17290,2010-10-21 16:55:00
528374,16540,2010-10-21 17:22:00
528375,13093,2010-10-21 17:29:00
528376,13093,2010-10-21 17:33:00
528377,15998,2010-10-21 17:38:00
528383,14686,2010-10-21 18:21:00
528384,14686,2010-10-21 18:27:00
528385,14686,2010-10-21 18:31:00
528386,14911,2010-10-21 18:32:00
528387,15645,2010-10-21 18:36:00
528388,13093,2010-10-21 18:37:00
528390,13093,2010-10-21 18:38:00
528391,13093,2010-10-21 18:39:00
528394,13291,2010-10-21 19:01:00
528395,14702,2010-10-21 19:28:00
528396,15637,2010-10-22 08:24:00
528397,12972,2010-10-22 08:41:00
528399,14156,2010-10-22 08:51:00
528400,14156,2010-10-22 08:52:00
528405,16777,2010-10-22 09:06:00
528407,17863,2010-10-22 09:09:00
528408,14440,2010-10-22 09:10:00
528414,12960,2010-10-22 09:31:00
528417,14156,2010-10-22 09:36:00
528419,12615,2010-10-22 09:44:00
528420,14911,2010-10-22 09:45:00
528422,12615,2010-10-22 09:45:00
528423,13629,2010-10-22 09:48:00
528424,12899,2010-10-22 09:53:00
528429,14460,2010-10-22 10:04:00
528431,12973,2010-10-22 10:14:00
528432,18075,2010-10-22 10:21:00
528434,16161,2010-10-22 10:29:00
528435,12418,2010-10-22 10:29:00
528436,13107,2010-10-22 10:35:00
528438,12419,2010-10-22 10:40:00
528440,15900,2010-10-22 10:44:00
528443,16497,2010-10-22 10:59:00
528444,16497,2010-10-22 11:00:00
528445,12748,2010-10-22 11:00:00
528447,15805,2010-10-22 11:07:00
528448,15805,2010-10-22 11:09:00
528450,16226,2010-10-22 11:19:00
528452,14945,2010-10-22 11:26:00
528470,16392,2010-10-22 11:40:00
528471,16053,2010-10-22 11:41:00
528472,16053,2010-10-22 11:42:00
528473,16709,2010-10-22 11:43:00
528474,14866,2010-10-22 11:45:00
528475,13746,2010-10-22 11:55:00
528477,18022,2010-10-22 12:02:00
528478,14290,2010-10-22 12:03:00
528493,13266,2010-10-22 12:13:00
528494,15314,2010-10-22 12:19:00
528504,16428,2010-10-22 12:22:00
528505,17428,2010-10-22 12:26:00
528507,17841,2010-10-22 12:29:00
528511,18223,2010-10-22 12:30:00
528532,17841,2010-10-22 12:35:00
528534,15434,2010-10-22 12:35:00
528571,12621,2010-10-22 12:59:00
528574,13106,2010-10-22 13:10:00
528575,13018,2010-10-22 13:11:00
528576,12369,2010-10-22 13:13:00
528579,12931,2010-10-22 13:18:00
528580,14309,2010-10-22 13:18:00
528581,18055,2010-10-22 13:27:00
528582,15311,2010-10-22 13:31:00
528583,17757,2010-10-22 13:35:00
528584,16775,2010-10-22 13:38:00
528585,17191,2010-10-22 13:44:00
528586,17191,2010-10-22 13:59:00
528588,14080,2010-10-22 14:03:00
528592,13316,2010-10-22 14:06:00
528595,15067,2010-10-22 14:30:00
528596,13750,2010-10-22 14:34:00
528597,13155,2010-10-22 14:49:00
528598,15750,2010-10-22 14:53:00
528599,15606,2010-10-22 14:55:00
528600,12787,2010-10-22 14:57:00
528601,14870,2010-10-22 14:58:00
528605,15865,2010-10-22 15:24:00
528607,12748,2010-10-22 15:31:00
528608,15073,2010-10-22 15:37:00
528609,16491,2010-10-22 15:42:00
528610,14824,2010-10-22 15:44:00
528612,14728,2010-10-22 15:57:00
528614,13059,2010-10-22 16:11:00
528615,17231,2010-10-22 16:36:00
528616,15485,2010-10-22 17:01:00
528617,13165,2010-10-22 17:04:00
528618,13263,2010-10-22 17:07:00
528619,17139,2010-10-24 10:33:00
528620,17243,2010-10-24 10:33:00
528621,14800,2010-10-24 10:41:00
528622,17204,2010-10-24 10:50:00
528623,16010,2010-10-24 10:54:00
528624,17358,2010-10-24 10:56:00
528625,17843,2010-10-24 10:56:00
528627,16746,2010-10-24 11:14:00
528628,13241,2010-10-24 11:17:00
528629,13654,2010-10-24 11:18:00
528630,17389,2010-10-24 11:18:00
528631,13941,2010-10-24 11:19:00
528632,16351,2010-10-24 11:21:00
528633,13544,2010-10-24 11:25:00
528634,16814,2010-10-24 11:31:00
528635,17470,2010-10-24 11:31:00
528636,16693,2010-10-24 11:35:00
528637,16979,2010-10-24 11:39:00
528638,16024,2010-10-24 11:40:00
528639,16024,2010-10-24 11:42:00
528640,13555,2010-10-24 11:47:00
528641,12494,2010-10-24 11:49:00
528642,13295,2010-10-24 11:50:00
528643,17407,2010-10-24 11:57:00
528644,14553,2010-10-24 12:00:00
528645,15994,2010-10-24 12:14:00
528646,14532,2010-10-24 12:24:00
528647,14277,2010-10-24 12:36:00
528648,16445,2010-10-24 12:39:00
528649,13327,2010-10-24 12:40:00
528657,14277,2010-10-24 12:44:00
528659,15723,2010-10-24 12:44:00
528667,17871,2010-10-24 12:46:00
528673,15059,2010-10-24 12:51:00
528676,14211,2010-10-24 12:51:00
528683,14211,2010-10-24 12:54:00
528693,12748,2010-10-24 13:00:00
528694,15059,2010-10-24 13:01:00
528705,13137,2010-10-24 13:07:00
528706,18260,2010-10-24 13:08:00
528708,15248,2010-10-24 13:09:00
528711,16373,2010-10-24 13:10:00
528725,17377,2010-10-24 13:17:00
528726,17377,2010-10-24 13:20:00
528727,15640,2010-10-24 13:21:00
528728,17260,2010-10-24 13:21:00
528729,13333,2010-10-24 13:24:00
528730,13574,2010-10-24 13:28:00
528731,16983,2010-10-24 13:35:00
528732,13948,2010-10-24 13:46:00
528733,15640,2010-10-24 13:54:00
528734,17435,2010-10-24 13:55:00
528735,13240,2010-10-24 13:57:00
528736,13073,2010-10-24 14:06:00
528737,18065,2010-10-24 14:06:00
528738,16422,2010-10-24 14:07:00
528739,16920,2010-10-24 14:07:00
528740,13977,2010-10-24 14:08:00
528741,15665,2010-10-24 14:08:00
528742,13118,2010-10-24 14:11:00
528743,17858,2010-10-24 14:16:00
528744,18110,2010-10-24 14:21:00
528745,14551,2010-10-24 14:35:00
528746,14243,2010-10-24 14:37:00
528747,16770,2010-10-24 14:40:00
528748,14551,2010-10-24 14:42:00
528749,14551,2010-10-24 14:45:00
528750,14183,2010-10-24 14:45:00
528752,16677,2010-10-24 14:53:00
528753,16655,2010-10-24 14:59:00
528754,15796,2010-10-24 15:08:00
528755,16923,2010-10-24 15:16:00
528757,12720,2010-10-24 15:28:00
528758,18116,2010-10-24 15:29:00
528759,15337,2010-10-24 15:29:00
528760,14861,2010-10-24 15:41:00
528761,13898,2010-10-24 15:42:00
528762,13565,2010-10-24 15:51:00
528763,12926,2010-10-24 15:57:00
528764,16904,2010-10-24 16:03:00
528765,16726,2010-10-24 16:09:00
528766,13564,2010-10-24 16:13:00
528767,14911,2010-10-25 08:12:00
528768,14181,2010-10-25 08:27:00
528769,15260,2010-10-25 09:08:00
528770,15065,2010-10-25 09:13:00
528771,17325,2010-10-25 09:20:00
528772,15174,2010-10-25 09:40:00
528775,16133,2010-10-25 09:57:00
528782,13462,2010-10-25 10:00:00
528783,13769,2010-10-25 10:00:00
528789,14197,2010-10-25 10:01:00
528798,12841,2010-10-25 10:04:00
528824,14040,2010-10-25 10:14:00
528838,16193,2010-10-25 10:25:00
528851,17981,2010-10-25 10:40:00
528852,14766,2010-10-25 10:41:00
528853,12481,2010-10-25 10:41:00
528865,17393,2010-10-25 11:10:00
528866,15955,2010-10-25 11:16:00
528868,15976,2010-10-25 11:33:00
528869,17236,2010-10-25 11:43:00
528870,17364,2010-10-25 11:43:00
528871,15294,2010-10-25 11:45:00
528872,15311,2010-10-25 11:48:00
528874,16005,2010-10-25 11:54:00
528875,13102,2010-10-25 12:02:00
528876,15370,2010-10-25 12:08:00
528880,13733,2010-10-25 12:18:00
528881,14292,2010-10-25 12:18:00
528882,15039,2010-10-25 12:19:00
528883,14690,2010-10-25 12:20:00
528884,12449,2010-10-25 12:21:00
528888,13408,2010-10-25 12:34:00
528889,14249,2010-10-25 12:34:00
528890,16919,2010-10-25 12:34:00
528891,13408,2010-10-25 12:37:00
528892,13050,2010-10-25 12:42:00
528893,14606,2010-10-25 12:47:00
528895,12748,2010-10-25 13:03:00
528896,12790,2010-10-25 13:04:00
528897,15646,2010-10-25 13:06:00
528898,14718,2010-10-25 13:07:00
528901,14534,2010-10-25 13:14:00
528906,16143,2010-10-25 13:25:00
528908,13319,2010-10-25 13:30:00
528909,14515,2010-10-25 13:30:00
528910,13319,2010-10-25 13:31:00
528912,16241,2010-10-25 13:40:00
528913,17432,2010-10-25 13:43:00
528915,17432,2010-10-25 13:57:00
528916,16782,2010-10-25 14:01:00
528917,17432,2010-10-25 14:03:00
528918,18016,2010-10-25 14:24:00
528919,16259,2010-10-25 14:27:00
528920,12417,2010-10-25 14:27:00
528921,15064,2010-10-25 14:32:00
528922,15747,2010-10-25 14:35:00
528923,14413,2010-10-25 14:41:00
528924,14353,2010-10-25 14:46:00
528926,14065,2010-10-25 14:51:00
528927,12748,2010-10-25 15:02:00
528928,16748,2010-10-25 15:04:00
528940,17025,2010-10-25 15:30:00
528944,15142,2010-10-25 15:36:00
528945,17396,2010-10-25 15:42:00
528946,17867,2010-10-25 15:51:00
528948,17070,2010-10-25 15:57:00
528949,14911,2010-10-25 16:08:00
528950,17767,2010-10-25 16:22:00
528951,17450,2010-10-25 16:43:00
528954,14156,2010-10-26 08:11:00
528955,14156,2010-10-26 08:14:00
528956,17083,2010-10-26 08:41:00
528957,12475,2010-10-26 08:49:00
528959,12411,2010-10-26 09:25:00
528960,16186,2010-10-26 09:37:00
528961,14640,2010-10-26 09:45:00
528962,14740,2010-10-26 09:47:00
528963,15366,2010-10-26 09:52:00
528964,17327,2010-10-26 09:54:00
528965,16087,2010-10-26 09:59:00
528966,16863,2010-10-26 10:03:00
528967,14673,2010-10-26 10:14:00
528968,14298,2010-10-26 10:22:00
528969,14298,2010-10-26 10:23:00
528970,14298,2010-10-26 10:24:00
528971,17044,2010-10-26 10:26:00
528972,13027,2010-10-26 10:29:00
528973,14219,2010-10-26 10:34:00
528974,16785,2010-10-26 10:36:00
528985,13363,2010-10-26 11:07:00
528989,14897,2010-10-26 11:17:00
528990,14524,2010-10-26 11:21:00
528991,16168,2010-10-26 11:23:00
529000,15620,2010-10-26 11:32:00
529009,16962,2010-10-26 11:36:00
529010,17696,2010-10-26 11:36:00
529028,14324,2010-10-26 11:44:00
529031,15311,2010-10-26 11:45:00
529038,15311,2010-10-26 11:47:00
529039,16422,2010-10-26 11:47:00
529057,12431,2010-10-26 12:00:00
529063,14278,2010-10-26 12:07:00
529070,13067,2010-10-26 12:15:00
529071,14608,2010-10-26 12:18:00
529072,12577,2010-10-26 12:22:00
529073,12577,2010-10-26 12:28:00
529074,17122,2010-10-26 12:39:00
529075,12971,2010-10-26 12:42:00
529077,16372,2010-10-26 12:54:00
529078,13963,2010-10-26 12:55:00
529079,16034,2010-10-26 13:00:00
529080,13213,2010-10-26 13:07:00
529081,16531,2010-10-26 13:10:00
529082,14546,2010-10-26 13:11:00
529084,12524,2010-10-26 13:15:00
529091,12371,2010-10-26 13:37:00
529093,14911,2010-10-26 13:39:00
529094,13578,2010-10-26 13:44:00
529095,17829,2010-10-26 13:46:00
529096,13274,2010-10-26 13:48:00
529097,17135,2010-10-26 13:51:00
529099,17034,2010-10-26 14:00:00
529122,17623,2010-10-26 14:12:00
529127,12775,2010-10-26 14:24:00
529129,14963,2010-10-26 14:37:00
529130,16258,2010-10-26 14:38:00
529131,16258,2010-10-26 14:39:00
529132,13157,2010-10-26 14:42:00
529136,13906,2010-10-26 15:00:00
529137,17396,2010-10-26 15:00:00
529138,13590,2010-10-26 15:08:00
529139,16757,2010-10-26 15:09:00
529140,12843,2010-10-26 15:13:00
529141,13953,2010-10-26 15:16:00
529143,17975,2010-10-26 15:25:00
529144,15773,2010-10-26 15:27:00
529146,17404,2010-10-26 15:48:00
529148,18136,2010-10-26 15:57:00
529149,17346,2010-10-26 16:02:00
529150,16607,2010-10-26 16:03:00
529151,17961,2010-10-26 16:10:00
529152,14156,2010-10-26 16:22:00
529153,15536,2010-10-26 16:31:00
529154,14970,2010-10-26 16:35:00
529156,16549,2010-10-26 16:47:00
529157,13969,2010-10-26 16:49:00
529158,13969,2010-10-26 16:52:00
529159,13571,2010-10-26 17:00:00
529160,14271,2010-10-26 17:01:00
529161,15390,2010-10-26 17:23:00
529162,15093,2010-10-26 17:26:00
529163,15093,2010-10-26 17:27:00
529164,15093,2010-10-26 17:28:00
529165,16191,2010-10-26 17:34:00
529166,16191,2010-10-26 17:36:00
529167,15587,2010-10-26 17:52:00
529168,17593,2010-10-26 17:55:00
529169,13468,2010-10-26 18:07:00
529173,13093,2010-10-26 18:14:00
529175,13093,2010-10-26 18:16:00
529178,16639,2010-10-26 18:23:00
529179,17809,2010-10-26 18:26:00
529180,17809,2010-10-26 18:27:00
529186,12645,2010-10-26 18:44:00
529190,14201,2010-10-26 18:51:00
529191,15876,2010-10-26 18:58:00
529192,13081,2010-10-26 19:35:00
529193,12913,2010-10-27 08:07:00
529194,15030,2010-10-27 08:09:00
529195,16456,2010-10-27 08:17:00
529196,12537,2010-10-27 08:36:00
529197,12505,2010-10-27 09:18:00
529198,14475,2010-10-27 09:20:00
529199,17381,2010-10-27 09:31:00
529200,12676,2010-10-27 09:36:00
529201,12563,2010-10-27 09:52:00
529202,13692,2010-10-27 09:57:00
529203,14911,2010-10-27 09:59:00
529208,16208,2010-10-27 10:04:00
529209,15271,2010-10-27 10:20:00
529211,16692,2010-10-27 10:29:00
529212,16145,2010-10-27 10:32:00
529213,15198,2010-10-27 10:32:00
529215,12591,2010-10-27 10:42:00
529216,15329,2010-10-27 10:50:00
529217,17513,2010-10-27 11:13:00
529228,14530,2010-10-27 11:29:00
529265,17473,2010-10-27 11:45:00
529267,16188,2010-10-27 11:50:00
529270,14527,2010-10-27 11:50:00
529279,14105,2010-10-27 11:53:00
529286,12474,2010-10-27 12:01:00
529295,14051,2010-10-27 12:19:00
529296,15159,2010-10-27 12:20:00
529297,16433,2010-10-27 12:26:00
529298,16458,2010-10-27 12:26:00
529299,14051,2010-10-27 12:27:00
529300,18172,2010-10-27 12:30:00
529301,18172,2010-10-27 12:30:00
529302,18172,2010-10-27 12:31:00
529303,17841,2010-10-27 12:39:00
529304,12353,2010-10-27 12:44:00
529305,13466,2010-10-27 12:50:00
529306,13093,2010-10-27 12:52:00
529307,13880,2010-10-27 12:53:00
529308,16418,2010-10-27 12:55:00
529309,14496,2010-10-27 12:57:00
529310,17975,2010-10-27 13:00:00
529311,15807,2010-10-27 13:04:00
529313,15373,2010-10-27 13:18:00
529314,14744,2010-10-27 13:18:00
529315,14911,2010-10-27 13:29:00
529316,16430,2010-10-27 13:34:00
529317,17436,2010-10-27 13:43:00
529318,14639,2010-10-27 13:47:00
529319,18062,2010-10-27 13:55:00
529320,14400,2010-10-27 13:59:00
529321,13617,2010-10-27 14:00:00
529322,13246,2010-10-27 14:01:00
529323,16713,2010-10-27 14:05:00
529324,17894,2010-10-27 14:07:00
529326,13547,2010-10-27 14:14:00
529327,13089,2010-10-27 14:15:00
529328,17000,2010-10-27 14:16:00
529329,14159,2010-10-27 14:34:00
529330,14281,2010-10-27 14:45:00
529331,15981,2010-10-27 14:55:00
529332,17478,2010-10-27 15:01:00
529333,17690,2010-10-27 15:04:00
529335,17326,2010-10-27 15:38:00
529336,14904,2010-10-27 15:40:00
529337,16014,2010-10-27 16:04:00
529338,13713,2010-10-27 16:18:00
529339,16382,2010-10-27 16:23:00
529340,18225,2010-10-27 16:32:00
529341,17322,2010-10-27 16:38:00
529342,18060,2010-10-27 16:41:00
529344,12349,2010-10-28 08:23:00
529345,16628,2010-10-28 08:38:00
529346,15328,2010-10-28 09:05:00
529347,13648,2010-10-28 09:12:00
529348,15301,2010-10-28 09:20:00
529349,13362,2010-10-28 09:27:00
529350,17450,2010-10-28 09:29:00
529351,12766,2010-10-28 09:29:00
529355,16634,2010-10-28 09:43:00
529356,14156,2010-10-28 09:44:00
529357,14156,2010-10-28 09:45:00
529358,14847,2010-10-28 09:45:00
529360,15285,2010-10-28 09:46:00
529362,17994,2010-10-28 09:57:00
529364,14907,2010-10-28 09:59:00
529367,14907,2010-10-28 10:01:00
529502,15167,2010-10-28 14:11:00
529503,16343,2010-10-28 14:15:00
529505,15167,2010-10-28 14:19:00
529507,16129,2010-10-28 14:29:00
529508,16630,2010-10-28 14:30:00
529509,13126,2010-10-28 14:39:00
529510,14911,2010-10-28 14:40:00
529511,16183,2010-10-28 14:43:00
529512,14134,2010-10-28 14:50:00
529513,14134,2010-10-28 14:51:00
529514,13669,2010-10-28 15:05:00
529515,13019,2010-10-28 15:13:00
529516,13317,2010-10-28 15:17:00
529517,16265,2010-10-28 15:18:00
529518,17853,2010-10-28 15:29:00
529520,13031,2010-10-28 15:34:00
529522,14303,2010-10-28 15:37:00
529524,16638,2010-10-28 15:41:00
529526,17063,2010-10-28 15:59:00
529528,13093,2010-10-28 16:06:00
529529,14515,2010-10-28 16:18:00
529531,15571,2010-10-28 16:23:00
529532,14294,2010-10-28 16:25:00
529537,16907,2010-10-28 16:32:00
529544,14533,2010-10-28 16:42:00
529546,14101,2010-10-28 17:11:00
529547,14276,2010-10-28 17:13:00
529553,16839,2010-10-28 17:35:00
529554,14834,2010-10-28 17:37:00
529557,14714,2010-10-28 17:46:00
529559,13461,2010-10-28 17:53:00
529567,18229,2010-10-28 18:23:00
529569,16713,2010-10-28 18:41:00
529573,16242,2010-10-28 18:54:00
529582,14481,2010-10-28 19:20:00
529585,14911,2010-10-28 19:37:00
529586,16780,2010-10-28 19:41:00
529587,13780,2010-10-28 19:51:00
529588,16905,2010-10-28 19:52:00
529589,17323,2010-10-28 19:59:00
529590,17974,2010-10-28 20:03:00
529591,12921,2010-10-29 08:21:00
529592,12921,2010-10-29 08:22:00
529593,12921,2010-10-29 08:23:00
529594,13476,2010-10-29 08:24:00
529595,15887,2010-10-29 08:36:00
529596,13767,2010-10-29 08:40:00
529597,17675,2010-10-29 08:48:00
529598,13078,2010-10-29 09:36:00
529599,16635,2010-10-29 09:41:00
529600,14194,2010-10-29 09:43:00
529601,12651,2010-10-29 09:44:00
529602,14088,2010-10-29 09:57:00
529603,14035,2010-10-29 10:10:00
529604,15078,2010-10-29 10:17:00
529605,15078,2010-10-29 10:18:00
529607,16147,2010-10-29 10:28:00
529608,15221,2010-10-29 10:28:00
529609,14088,2010-10-29 10:31:00
529610,15170,2010-10-29 10:34:00
529611,17690,2010-10-29 10:39:00
529613,17949,2010-10-29 10:46:00
529614,17949,2010-10-29 10:49:00
529615,17949,2010-10-29 10:51:00
529616,14901,2010-10-29 11:00:00
529617,17929,2010-10-29 11:19:00
529618,13767,2010-10-29 11:32:00
529619,13013,2010-10-29 11:35:00
529620,18061,2010-10-29 11:36:00
529621,15570,2010-10-29 11:39:00
529622,13815,2010-10-29 11:42:00
529623,15544,2010-10-29 11:49:00
529624,17098,2010-10-29 11:51:00
529625,17741,2010-10-29 11:59:00
529626,15498,2010-10-29 12:06:00
529627,15498,2010-10-29 12:07:00
529628,16308,2010-10-29 12:09:00
529629,12422,2010-10-29 12:15:00
529630,17334,2010-10-29 12:16:00
529646,17934,2010-10-29 12:23:00
529656,16168,2010-10-29 12:27:00
529676,16858,2010-10-29 12:37:00
529690,12395,2010-10-29 12:44:00
529694,16836,2010-10-29 12:48:00
529709,15513,2010-10-29 13:03:00
529710,15513,2010-10-29 13:04:00
529712,17821,2010-10-29 13:20:00
529714,18025,2010-10-29 13:26:00
529715,16034,2010-10-29 13:35:00
529716,13418,2010-10-29 13:40:00
529719,13848,2010-10-29 13:48:00
529720,12705,2010-10-29 13:58:00
529721,13431,2010-10-29 14:09:00
529723,13282,2010-10-29 14:11:00
529728,13021,2010-10-29 14:12:00
529742,18231,2010-10-29 14:17:00
529762,14746,2010-10-29 14:44:00
529763,14081,2010-10-29 15:00:00
529764,13580,2010-10-29 15:01:00
529766,14490,2010-10-29 15:04:00
529768,13711,2010-10-29 15:05:00
529771,16558,2010-10-29 15:10:00
529774,14122,2010-10-29 15:11:00
529785,16565,2010-10-29 15:31:00
529787,13263,2010-10-29 15:34:00
529788,15906,2010-10-29 15:42:00
529789,12838,2010-10-29 15:48:00
529791,17109,2010-10-29 15:56:00
529793,16058,2010-10-29 16:48:00
529796,13421,2010-10-29 17:17:00
529797,17884,2010-10-29 17:26:00
529798,16231,2010-10-29 17:33:00
529799,16756,2010-10-31 10:03:00
529801,17243,2010-10-31 10:14:00
529802,17621,2010-10-31 10:14:00
529803,14213,2010-10-31 10:37:00
529804,15439,2010-10-31 10:38:00
529805,17376,2010-10-31 10:42:00
529806,12842,2010-10-31 10:45:00
529807,12608,2010-10-31 10:49:00
529808,16444,2010-10-31 10:53:00
529809,12601,2010-10-31 10:57:00
529810,16010,2010-10-31 11:01:00
529811,15569,2010-10-31 11:06:00
529812,14769,2010-10-31 11:08:00
529813,13888,2010-10-31 11:09:00
529814,15281,2010-10-31 11:11:00
529815,13561,2010-10-31 11:12:00
529816,15501,2010-10-31 11:15:00
529817,14878,2010-10-31 11:20:00
529818,14087,2010-10-31 11:22:00
529819,18149,2010-10-31 11:24:00
529820,13795,2010-10-31 11:28:00
529821,13677,2010-10-31 11:32:00
529823,17609,2010-10-31 11:39:00
529824,16724,2010-10-31 11:40:00
529826,15351,2010-10-31 11:43:00
529827,15194,2010-10-31 11:49:00
529828,17609,2010-10-31 12:00:00
529829,14437,2010-10-31 12:04:00
529830,18278,2010-10-31 12:13:00
529831,17950,2010-10-31 12:18:00
529832,14848,2010-10-31 12:22:00
529833,16791,2010-10-31 12:32:00
529834,17413,2010-10-31 12:33:00
529835,16008,2010-10-31 12:34:00
529836,14739,2010-10-31 12:34:00
529837,16784,2010-10-31 12:34:00
529838,13394,2010-10-31 12:36:00
529839,16003,2010-10-31 12:36:00
529840,16791,2010-10-31 12:37:00
529841,14918,2010-10-31 12:41:00
529842,15038,2010-10-31 12:52:00
529843,16065,2010-10-31 12:56:00
529844,16684,2010-10-31 13:05:00
529845,14040,2010-10-31 13:12:00
529846,13001,2010-10-31 13:14:00
529847,13050,2010-10-31 13:23:00
529848,14866,2010-10-31 13:25:00
529849,14114,2010-10-31 13:28:00
529850,16788,2010-10-31 13:35:00
529864,16606,2010-10-31 13:57:00
529868,14247,2010-10-31 13:58:00
529874,16928,2010-10-31 14:00:00
529888,16595,2010-10-31 14:06:00
529899,15535,2010-10-31 14:09:00
529904,13833,2010-10-31 14:11:00
529915,15675,2010-10-31 14:14:00
529924,12347,2010-10-31 14:20:00
529934,14415,2010-10-31 14:25:00
529935,17449,2010-10-31 14:40:00
529936,17085,2010-10-31 14:42:00
529937,16539,2010-10-31 14:43:00
529938,13267,2010-10-31 14:49:00
529939,14805,2010-10-31 14:50:00
529940,17142,2010-10-31 14:52:00
529941,17346,2010-10-31 14:54:00
529942,15867,2010-10-31 14:59:00
529952,12826,2010-10-31 15:07:00
529958,12708,2010-10-31 15:09:00
529970,17951,2010-10-31 15:15:00
529978,13760,2010-10-31 15:18:00
529981,16686,2010-10-31 15:31:00
529982,16652,2010-10-31 15:32:00
529983,16652,2010-10-31 15:33:00
529984,18154,2010-10-31 15:35:00
529985,14286,2010-10-31 15:39:00
529986,17728,2010-10-31 15:50:00
529987,18116,2010-10-31 15:54:00
529988,18226,2010-10-31 15:58:00
529989,12748,2010-10-31 16:01:00
529990,14505,2010-10-31 16:16:00
529991,15879,2010-10-31 16:21:00
529994,16984,2010-10-31 16:26:00
529995,16316,2010-11-01 08:56:00
529997,15312,2010-11-01 08:58:00
530007,16611,2010-11-01 09:33:00
530008,13050,2010-11-01 09:33:00
530010,16168,2010-11-01 09:42:00
530011,14961,2010-11-01 09:53:00
530012,14429,2010-11-01 10:08:00
530013,15110,2010-11-01 10:31:00
530014,17238,2010-11-01 10:37:00
530015,15365,2010-11-01 10:42:00
530016,15365,2010-11-01 10:44:00
530018,17612,2010-11-01 10:51:00
530020,17975,2010-11-01 10:52:00
530029,16422,2010-11-01 10:55:00
530059,16161,2010-11-01 11:32:00
530061,13115,2010-11-01 11:36:00
530062,17306,2010-11-01 11:38:00
530064,14911,2010-11-01 11:43:00
530066,17068,2010-11-01 11:48:00
530067,16960,2010-11-01 11:53:00
530068,14606,2010-11-01 11:56:00
530070,16876,2010-11-01 11:59:00
530071,15039,2010-11-01 12:08:00
530072,16103,2010-11-01 12:15:00
530073,15958,2010-11-01 12:22:00
530078,13293,2010-11-01 12:45:00
530079,18061,2010-11-01 12:47:00
530080,14777,2010-11-01 12:50:00
530081,14229,2010-11-01 13:03:00
530082,14229,2010-11-01 13:04:00
530083,13148,2010-11-01 13:04:00
530084,14075,2010-11-01 13:15:00
530085,17315,2010-11-01 13:26:00
530086,16013,2010-11-01 13:32:00
530087,16732,2010-11-01 13:33:00
530088,15311,2010-11-01 13:39:00
530089,16916,2010-11-01 13:41:00
530090,15729,2010-11-01 13:44:00
530091,13975,2010-11-01 13:46:00
530092,15253,2010-11-01 13:46:00
530093,16168,2010-11-01 13:48:00
530094,18127,2010-11-01 13:56:00
530103,17190,2010-11-01 14:11:00
530115,17190,2010-11-01 14:22:00
530120,13883,2010-11-01 14:45:00
530122,12492,2010-11-01 14:58:00
530123,13359,2010-11-01 15:05:00
530124,13174,2010-11-01 15:14:00
530130,14911,2010-11-01 15:28:00
530137,18075,2010-11-01 16:01:00
530139,14426,2010-11-01 16:24:00
530161,15456,2010-11-01 17:05:00
530162,13426,2010-11-02 08:00:00
530163,17739,2010-11-02 08:02:00
530164,16133,2010-11-02 08:47:00
530165,16612,2010-11-02 08:49:00
530166,17708,2010-11-02 08:57:00
530167,14794,2010-11-02 09:06:00
530168,13597,2010-11-02 09:30:00
530171,13767,2010-11-02 09:57:00
530173,17609,2010-11-02 10:00:00
530178,17949,2010-11-02 10:14:00
530180,12483,2010-11-02 10:27:00
530184,17377,2010-11-02 10:47:00
530206,12483,2010-11-02 11:17:00
530223,13090,2010-11-02 11:23:00
530234,16500,2010-11-02 11:27:00
530259,12476,2010-11-02 11:33:00
530263,16005,2010-11-02 11:33:00
530264,14206,2010-11-02 11:37:00
530265,12476,2010-11-02 11:38:00
530266,14617,2010-11-02 11:41:00
530268,17121,2010-11-02 11:47:00
530269,13607,2010-11-02 11:48:00
530271,13535,2010-11-02 11:49:00
530272,12389,2010-11-02 11:52:00
530273,12843,2010-11-02 11:52:00
530274,13983,2010-11-02 11:53:00
530280,16117,2010-11-02 12:02:00
530281,14527,2010-11-02 12:05:00
530288,14593,2010-11-02 12:16:00
530295,14480,2010-11-02 12:35:00
530296,13937,2010-11-02 12:37:00
530297,14966,2010-11-02 12:37:00
530298,14966,2010-11-02 12:46:00
530299,14449,2010-11-02 12:48:00
530300,15738,2010-11-02 12:54:00
530301,15245,2010-11-02 12:58:00
530302,17003,2010-11-02 13:07:00
530303,15950,2010-11-02 13:12:00
530304,17003,2010-11-02 13:15:00
530306,13102,2010-11-02 13:19:00
530307,13251,2010-11-02 13:20:00
530308,13453,2010-11-02 13:23:00
530310,12413,2010-11-02 13:26:00
530311,16374,2010-11-02 13:27:00
530312,16016,2010-11-02 13:27:00
530323,16255,2010-11-02 13:36:00
530325,15523,2010-11-02 13:36:00
530329,16670,2010-11-02 13:45:00
530330,16525,2010-11-02 13:54:00
530331,16033,2010-11-02 13:56:00
530333,13134,2010-11-02 13:58:00
530334,18170,2010-11-02 14:01:00
530335,17841,2010-11-02 14:02:00
530338,13798,2010-11-02 14:25:00
530339,13523,2010-11-02 14:55:00
530340,16709,2010-11-02 14:58:00
530342,18041,2010-11-02 15:34:00
530344,16225,2010-11-02 15:39:00
530346,14733,2010-11-02 15:42:00
530350,14506,2010-11-02 15:48:00
530367,14209,2010-11-02 16:06:00
530371,15727,2010-11-02 16:18:00
530372,17276,2010-11-02 16:20:00
530377,13921,2010-11-02 16:32:00
530379,13468,2010-11-02 16:40:00
530380,13468,2010-11-02 16:42:00
530381,13520,2010-11-02 16:52:00
530382,14363,2010-11-02 17:01:00
530383,12412,2010-11-02 17:02:00
530384,13310,2010-11-02 17:03:00
530390,17764,2010-11-02 17:12:00
530391,16705,2010-11-02 17:12:00
530392,16705,2010-11-02 17:16:00
530393,18178,2010-11-02 17:24:00
530394,12681,2010-11-02 17:24:00
530395,17363,2010-11-02 17:25:00
530396,17858,2010-11-02 17:29:00
530397,17363,2010-11-02 17:29:00
530409,16614,2010-11-02 18:08:00
530410,12855,2010-11-02 18:16:00
530411,15377,2010-11-02 18:25:00
530412,13215,2010-11-02 18:26:00
530413,13089,2010-11-02 18:45:00
530414,15854,2010-11-02 18:51:00
530416,16676,2010-11-02 19:19:00
530417,15458,2010-11-02 19:50:00
530418,13331,2010-11-03 08:04:00
530419,14912,2010-11-03 08:55:00
530420,17735,2010-11-03 09:16:00
530421,13579,2010-11-03 09:33:00
530423,14732,2010-11-03 09:36:00
530424,14912,2010-11-03 09:51:00
530425,15981,2010-11-03 09:51:00
530426,14911,2010-11-03 10:20:00
530427,17894,2010-11-03 10:28:00
530430,13748,2010-11-03 10:38:00
530431,15796,2010-11-03 10:41:00
530432,13562,2010-11-03 10:43:00
530433,12673,2010-11-03 10:46:00
530434,17511,2010-11-03 10:47:00
530435,14942,2010-11-03 10:51:00
530436,14498,2010-11-03 11:11:00
530437,15915,2010-11-03 11:13:00
530464,16865,2010-11-03 11:34:00
530470,18041,2010-11-03 11:35:00
530484,16353,2010-11-03 11:43:00
530487,18141,2010-11-03 11:44:00
530488,13756,2010-11-03 11:45:00
530504,13199,2010-11-03 11:49:00
530508,16623,2010-11-03 12:05:00
530509,16779,2010-11-03 12:07:00
530510,15281,2010-11-03 12:11:00
530511,16353,2010-11-03 12:11:00
530512,15281,2010-11-03 12:12:00
530513,14646,2010-11-03 12:20:00
530514,14646,2010-11-03 12:23:00
530515,14646,2010-11-03 12:24:00
530517,16996,2010-11-03 12:36:00
530518,17511,2010-11-03 12:36:00
530520,15336,2010-11-03 12:39:00
530529,16823,2010-11-03 12:45:00
530536,13045,2010-11-03 12:49:00
530537,12748,2010-11-03 12:49:00
530538,14606,2010-11-03 12:55:00
530540,12793,2010-11-03 13:05:00
530541,17420,2010-11-03 13:09:00
530542,17420,2010-11-03 13:09:00
530543,15005,2010-11-03 13:10:00
530544,14646,2010-11-03 13:13:00
530545,14494,2010-11-03 13:13:00
530546,16183,2010-11-03 13:14:00
530548,13500,2010-11-03 13:16:00
530550,14988,2010-11-03 13:18:00
530552,14312,2010-11-03 13:20:00
530553,14156,2010-11-03 13:29:00
530556,15233,2010-11-03 13:36:00
530557,15311,2010-11-03 13:38:00
530559,13686,2010-11-03 13:44:00
530560,15158,2010-11-03 13:46:00
530561,14398,2010-11-03 13:46:00
530562,16012,2010-11-03 13:47:00
530563,14450,2010-11-03 13:48:00
530564,14484,2010-11-03 13:50:00
530565,12877,2010-11-03 13:53:00
530567,17254,2010-11-03 14:00:00
530568,13554,2010-11-03 14:02:00
530569,13249,2010-11-03 14:05:00
530570,16725,2010-11-03 14:15:00
530571,15752,2010-11-03 14:22:00
530572,14667,2010-11-03 14:32:00
530574,13080,2010-11-03 14:34:00
530575,16033,2010-11-03 14:36:00
530576,15903,2010-11-03 14:36:00
530577,16422,2010-11-03 14:36:00
530584,17235,2010-11-03 14:39:00
530585,16542,2010-11-03 14:44:00
530586,16178,2010-11-03 14:46:00
530587,15611,2010-11-03 14:49:00
530588,15481,2010-11-03 14:52:00
530589,17126,2010-11-03 14:55:00
530590,13319,2010-11-03 14:57:00
530608,13034,2010-11-03 15:22:00
530610,14156,2010-11-03 15:38:00
530611,13049,2010-11-03 15:39:00
530612,16712,2010-11-03 15:45:00
530613,15628,2010-11-03 15:46:00
530615,16712,2010-11-03 15:54:00
530616,16050,2010-11-03 15:55:00
530631,16775,2010-11-03 16:05:00
530640,15288,2010-11-03 16:26:00
530641,15288,2010-11-03 16:28:00
530642,17949,2010-11-03 16:34:00
530646,15270,2010-11-04 08:37:00
530647,15270,2010-11-04 08:39:00
530648,14062,2010-11-04 08:41:00
530649,12839,2010-11-04 08:46:00
530650,12540,2010-11-04 09:05:00
530651,16590,2010-11-04 09:06:00
530655,13987,2010-11-04 09:54:00
530656,15888,2010-11-04 09:59:00
530657,12933,2010-11-04 10:13:00
530658,15724,2010-11-04 10:22:00
530659,15073,2010-11-04 10:26:00
530660,14952,2010-11-04 10:27:00
530661,14911,2010-11-04 10:37:00
530662,15255,2010-11-04 10:42:00
530663,15255,2010-11-04 10:43:00
530665,14047,2010-11-04 10:48:00
530666,14047,2010-11-04 10:49:00
530669,12415,2010-11-04 10:57:00
530708,14737,2010-11-04 11:29:00
530709,16887,2010-11-04 11:29:00
530714,16754,2010-11-04 11:35:00
530715,15838,2010-11-04 11:36:00
530716,17987,2010-11-04 11:37:00
530717,16029,2010-11-04 11:37:00
530718,16029,2010-11-04 11:38:00
530719,18087,2010-11-04 11:39:00
530720,16029,2010-11-04 11:39:00
530721,16029,2010-11-04 11:40:00
530731,15270,2010-11-04 11:48:00
530733,15489,2010-11-04 11:48:00
530742,14136,2010-11-04 11:53:00
530750,16782,2010-11-04 11:55:00
530753,12949,2010-11-04 11:56:00
530763,15379,2010-11-04 11:59:00
530778,17935,2010-11-04 12:06:00
530780,12949,2010-11-04 12:06:00
530785,17702,2010-11-04 12:09:00
530788,16060,2010-11-04 12:10:00
530792,15332,2010-11-04 12:17:00
530793,15910,2010-11-04 12:18:00
530795,15160,2010-11-04 12:24:00
530796,16391,2010-11-04 12:27:00
530797,12914,2010-11-04 12:28:00
530799,12497,2010-11-04 12:31:00
530800,16515,2010-11-04 12:34:00
530801,17287,2010-11-04 12:39:00
530802,17362,2010-11-04 12:39:00
530803,16888,2010-11-04 12:39:00
530804,13258,2010-11-04 12:45:00
530808,18172,2010-11-04 13:01:00
530809,13772,2010-11-04 13:02:00
530810,16327,2010-11-04 13:03:00
530811,13137,2010-11-04 13:04:00
530812,15860,2010-11-04 13:05:00
530813,13881,2010-11-04 13:09:00
530814,13881,2010-11-04 13:10:00
530818,13772,2010-11-04 13:14:00
530826,18109,2010-11-04 13:17:00
530828,15601,2010-11-04 13:30:00
530829,14447,2010-11-04 13:32:00
530830,15580,2010-11-04 13:32:00
530833,17286,2010-11-04 13:43:00
530834,16546,2010-11-04 13:46:00
530835,16546,2010-11-04 13:47:00
530836,14198,2010-11-04 13:50:00
530837,17286,2010-11-04 13:52:00
530838,13395,2010-11-04 14:00:00
530840,16563,2010-11-04 14:11:00
530841,15298,2010-11-04 14:11:00
530843,14895,2010-11-04 14:21:00
530844,16350,2010-11-04 14:21:00
530845,14895,2010-11-04 14:25:00
530846,17977,2010-11-04 14:26:00
530847,16707,2010-11-04 14:39:00
530848,16705,2010-11-04 14:46:00
530849,13648,2010-11-04 14:46:00
530854,13597,2010-11-04 14:54:00
530855,13303,2010-11-04 14:55:00
530859,16147,2010-11-04 14:56:00
530875,15347,2010-11-04 15:03:00
530885,14085,2010-11-04 15:07:00
530894,13172,2010-11-04 15:10:00
530902,14099,2010-11-04 15:13:00
530903,13999,2010-11-04 15:23:00
530904,15027,2010-11-04 15:24:00
530905,17091,2010-11-04 15:30:00
530906,17965,2010-11-04 15:40:00
530908,12917,2010-11-04 15:51:00
530909,17049,2010-11-04 15:55:00
530911,12917,2010-11-04 15:56:00
530912,17049,2010-11-04 15:58:00
530913,17757,2010-11-04 16:03:00
530914,15729,2010-11-04 16:07:00
530915,13660,2010-11-04 16:10:00
530916,12958,2010-11-04 16:16:00
530917,15023,2010-11-04 16:28:00
530921,18259,2010-11-04 16:36:00
530922,14676,2010-11-04 16:37:00
530923,13993,2010-11-04 16:46:00
530924,13993,2010-11-04 16:48:00
530925,16861,2010-11-04 16:50:00
530926,13206,2010-11-04 16:50:00
530927,18181,2010-11-04 16:51:00
530928,17576,2010-11-04 16:58:00
530932,18087,2010-11-04 17:10:00
530936,14911,2010-11-04 17:18:00
530937,15093,2010-11-04 17:33:00
530938,17469,2010-11-04 17:36:00
530939,17469,2010-11-04 17:37:00
530940,17469,2010-11-04 17:38:00
530941,13903,2010-11-04 17:44:00
530947,15856,2010-11-04 18:00:00
530950,15425,2010-11-04 18:13:00
530951,15521,2010-11-04 18:34:00
530952,15521,2010-11-04 18:40:00
530953,18168,2010-11-04 18:42:00
530955,16128,2010-11-04 18:48:00
530956,12843,2010-11-04 18:53:00
530957,17340,2010-11-04 18:53:00
530958,16228,2010-11-04 18:54:00
530959,14687,2010-11-04 18:56:00
530960,16228,2010-11-04 18:57:00
530961,14060,2010-11-04 19:03:00
530962,17913,2010-11-04 19:12:00
530963,15389,2010-11-04 19:23:00
530964,13969,2010-11-04 19:39:00
530965,15792,2010-11-05 08:21:00
530966,12433,2010-11-05 08:27:00
530967,12817,2010-11-05 08:28:00
530969,13448,2010-11-05 09:07:00
530970,12477,2010-11-05 09:35:00
530972,13846,2010-11-05 09:47:00
530973,14129,2010-11-05 09:59:00
530974,14882,2010-11-05 10:15:00
530975,14001,2010-11-05 10:23:00
530976,16570,2010-11-05 10:24:00
530977,16570,2010-11-05 10:25:00
530978,13037,2010-11-05 10:39:00
530980,17677,2010-11-05 10:52:00
530981,17876,2010-11-05 10:52:00
530982,17677,2010-11-05 10:53:00
530998,15034,2010-11-05 11:17:00
530999,14911,2010-11-05 11:25:00
531000,16455,2010-11-05 11:30:00
531002,14527,2010-11-05 11:32:00
531003,15584,2010-11-05 11:34:00
531004,16133,2010-11-05 11:36:00
531006,16048,2010-11-05 11:37:00
531010,12406,2010-11-05 11:42:00
531014,13278,2010-11-05 11:42:00
531016,17790,2010-11-05 11:43:00
531027,13118,2010-11-05 11:49:00
531028,12712,2010-11-05 11:49:00
531043,13646,2010-11-05 12:00:00
531055,12841,2010-11-05 12:06:00
531064,16265,2010-11-05 12:09:00
531069,17949,2010-11-05 12:10:00
531080,13646,2010-11-05 12:13:00
531112,12588,2010-11-05 12:38:00
531113,13113,2010-11-05 12:39:00
531114,15513,2010-11-05 12:42:00
531115,12748,2010-11-05 12:43:00
531119,14606,2010-11-05 12:51:00
531121,12588,2010-11-05 12:53:00
531122,16607,2010-11-05 12:57:00
531123,14911,2010-11-05 13:03:00
531124,16814,2010-11-05 13:13:00
531125,17691,2010-11-05 13:18:00
531126,15311,2010-11-05 13:20:00
531128,14047,2010-11-05 13:30:00
531129,13836,2010-11-05 13:31:00
531130,13615,2010-11-05 13:42:00
531131,12749,2010-11-05 13:55:00
531132,12749,2010-11-05 13:56:00
531135,16919,2010-11-05 14:09:00
531138,13089,2010-11-05 14:09:00
531141,13089,2010-11-05 14:11:00
531162,17841,2010-11-05 14:21:00
531176,13488,2010-11-05 14:40:00
531189,13996,2010-11-05 15:07:00
531190,12480,2010-11-05 15:08:00
531202,17389,2010-11-05 15:21:00
531204,17389,2010-11-05 15:25:00
531205,12621,2010-11-05 15:32:00
531206,18018,2010-11-05 15:52:00
531207,13154,2010-11-05 16:00:00
531210,13263,2010-11-05 16:07:00
531214,13798,2010-11-05 16:24:00
531221,12450,2010-11-05 16:27:00
531227,14825,2010-11-05 16:42:00
531229,13959,2010-11-05 16:52:00
531235,15560,2010-11-07 10:14:00
531236,15560,2010-11-07 10:15:00
531237,15465,2010-11-07 10:22:00
531239,13008,2010-11-07 10:34:00
531240,16746,2010-11-07 10:43:00
531241,14534,2010-11-07 10:44:00
531243,16889,2010-11-07 10:46:00
531244,16640,2010-11-07 10:48:00
531245,13259,2010-11-07 10:53:00
531246,13259,2010-11-07 10:56:00
531247,16923,2010-11-07 10:57:00
531248,16444,2010-11-07 10:59:00
531249,12841,2010-11-07 10:59:00
531250,16787,2010-11-07 11:01:00
531251,14882,2010-11-07 11:06:00
531252,16206,2010-11-07 11:11:00
531253,16923,2010-11-07 11:12:00
531254,18077,2010-11-07 11:13:00
531255,12873,2010-11-07 11:15:00
531256,18245,2010-11-07 11:20:00
531257,18245,2010-11-07 11:20:00
531258,16115,2010-11-07 11:27:00
531259,14127,2010-11-07 11:37:00
531260,18083,2010-11-07 11:44:00
531261,12951,2010-11-07 11:45:00
531262,17068,2010-11-07 11:45:00
531271,16401,2010-11-07 11:52:00
531279,17525,2010-11-07 11:54:00
531281,17062,2010-11-07 11:55:00
531302,16904,2010-11-07 12:03:00
531306,16560,2010-11-07 12:04:00
531328,13849,2010-11-07 12:13:00
531330,13634,2010-11-07 12:21:00
531332,17372,2010-11-07 12:28:00
531333,17774,2010-11-07 12:31:00
531334,16416,2010-11-07 12:35:00
531335,17931,2010-11-07 12:36:00
531336,17160,2010-11-07 12:37:00
531337,17006,2010-11-07 12:38:00
531338,16928,2010-11-07 12:47:00
531340,14593,2010-11-07 12:51:00
531341,17033,2010-11-07 12:55:00
531342,17041,2010-11-07 12:56:00
531343,15044,2010-11-07 13:08:00
531344,17218,2010-11-07 13:10:00
531345,12599,2010-11-07 13:14:00
531346,16430,2010-11-07 13:15:00
531347,17871,2010-11-07 13:21:00
531348,16931,2010-11-07 13:24:00
531349,15581,2010-11-07 13:30:00
531350,12748,2010-11-07 13:31:00
531351,14203,2010-11-07 13:35:00
531352,13137,2010-11-07 13:45:00
531353,15571,2010-11-07 13:47:00
531354,17107,2010-11-07 13:50:00
531356,16559,2010-11-07 13:52:00
531357,12437,2010-11-07 14:04:00
531358,14911,2010-11-07 14:12:00
531359,13276,2010-11-07 14:17:00
531361,12820,2010-11-07 14:26:00
531362,13561,2010-11-07 14:28:00
531363,16298,2010-11-07 14:32:00
531364,14053,2010-11-07 14:50:00
531365,17550,2010-11-07 14:51:00
531366,14038,2010-11-07 14:52:00
531367,13211,2010-11-07 14:56:00
531368,16899,2010-11-07 15:00:00
531369,13963,2010-11-07 15:01:00
531370,16511,2010-11-07 15:30:00
531371,12867,2010-11-07 15:31:00
531372,12476,2010-11-07 15:34:00
531373,15996,2010-11-07 15:49:00
531374,13178,2010-11-07 15:50:00
531375,18277,2010-11-07 15:52:00
531376,16553,2010-11-07 15:56:00
531377,16553,2010-11-07 15:57:00
531378,13564,2010-11-07 15:58:00
531379,13649,2010-11-07 16:03:00
531380,13884,2010-11-07 16:19:00
531381,13884,2010-11-07 16:21:00
531382,16549,2010-11-07 16:29:00
531385,15392,2010-11-08 08:58:00
531388,12476,2010-11-08 09:35:00
531389,14758,2010-11-08 09:42:00
531390,12892,2010-11-08 09:51:00
531391,18260,2010-11-08 09:56:00
531395,12435,2010-11-08 10:07:00
531418,14180,2010-11-08 10:21:00
531419,17377,2010-11-08 10:24:00
531420,15921,2010-11-08 10:24:00
531421,15039,2010-11-08 10:44:00
531422,17716,2010-11-08 10:44:00
531423,17716,2010-11-08 10:45:00
531425,14420,2010-11-08 10:49:00
531426,12778,2010-11-08 10:51:00
531427,15870,2010-11-08 10:57:00
531431,13138,2010-11-08 11:45:00
531432,13773,2010-11-08 11:49:00
531433,13317,2010-11-08 11:54:00
531435,14688,2010-11-08 12:06:00
531436,16205,2010-11-08 12:17:00
531437,13377,2010-11-08 12:20:00
531438,14952,2010-11-08 12:21:00
531439,12748,2010-11-08 12:22:00
531440,16470,2010-11-08 12:28:00
531441,14927,2010-11-08 12:30:00
531442,14193,2010-11-08 12:31:00
531444,12748,2010-11-08 12:35:00
531445,17470,2010-11-08 12:36:00
531447,17258,2010-11-08 12:37:00
531450,14344,2010-11-08 12:56:00
531452,14530,2010-11-08 13:05:00
531453,13984,2010-11-08 13:16:00
531457,13967,2010-11-08 13:24:00
531458,17429,2010-11-08 13:28:00
531459,15227,2010-11-08 13:31:00
531460,17000,2010-11-08 13:35:00
531462,17692,2010-11-08 13:39:00
531463,16600,2010-11-08 13:50:00
531464,16553,2010-11-08 13:53:00
531466,16553,2010-11-08 13:55:00
531467,16553,2010-11-08 13:57:00
531468,14821,2010-11-08 13:58:00
531469,16553,2010-11-08 14:00:00
531470,15641,2010-11-08 14:05:00
531471,14821,2010-11-08 14:06:00
531472,16553,2010-11-08 14:13:00
531474,16553,2010-11-08 14:14:00
531476,15311,2010-11-08 14:19:00
531477,13538,2010-11-08 14:19:00
531478,17084,2010-11-08 14:20:00
531479,13485,2010-11-08 14:24:00
531480,13485,2010-11-08 14:25:00
531481,17975,2010-11-08 14:29:00
531482,15777,2010-11-08 14:37:00
531484,16383,2010-11-08 14:48:00
531485,15992,2010-11-08 14:51:00
531486,17043,2010-11-08 14:53:00
531487,12693,2010-11-08 14:57:00
531488,14460,2010-11-08 15:00:00
531490,15005,2010-11-08 15:09:00
531491,15694,2010-11-08 15:11:00
531492,15255,2010-11-08 15:12:00
531493,17984,2010-11-08 15:12:00
531494,16420,2010-11-08 15:15:00
531495,15390,2010-11-08 15:19:00
531496,13738,2010-11-08 15:23:00
531506,12472,2010-11-08 15:34:00
531507,16018,2010-11-08 15:36:00
531508,14016,2010-11-08 15:42:00
531509,17588,2010-11-08 15:45:00
531510,15441,2010-11-08 15:50:00
531511,15617,2010-11-08 16:07:00
531512,17548,2010-11-08 16:19:00
531513,18098,2010-11-08 16:31:00
531515,18102,2010-11-08 16:44:00
531543,13691,2010-11-08 17:34:00
531544,17381,2010-11-09 07:56:00
531545,14275,2010-11-09 08:24:00
531547,15635,2010-11-09 08:58:00
531548,16387,2010-11-09 09:02:00
531549,14275,2010-11-09 09:06:00
531550,14114,2010-11-09 09:13:00
531551,15602,2010-11-09 09:16:00
531552,14626,2010-11-09 09:23:00
531553,16503,2010-11-09 09:34:00
531554,16381,2010-11-09 09:56:00
531556,13408,2010-11-09 10:01:00
531558,14258,2010-11-09 10:07:00
531559,14258,2010-11-09 10:08:00
531560,12748,2010-11-09 10:08:00
531561,12454,2010-11-09 10:09:00
531562,16170,2010-11-09 10:13:00
531564,17476,2010-11-09 10:21:00
531566,14902,2010-11-09 10:29:00
531567,14867,2010-11-09 10:31:00
531568,12681,2010-11-09 10:31:00
531570,12841,2010-11-09 10:35:00
531571,14496,2010-11-09 10:38:00
531572,16013,2010-11-09 10:42:00
531573,16684,2010-11-09 10:42:00
531574,12913,2010-11-09 10:44:00
531575,16013,2010-11-09 10:46:00
531577,16013,2010-11-09 10:48:00
531578,16013,2010-11-09 10:50:00
531579,14610,2010-11-09 10:58:00
531580,17811,2010-11-09 10:59:00
531581,14482,2010-11-09 11:06:00
531582,15011,2010-11-09 11:10:00
531584,14482,2010-11-09 11:10:00
531586,15159,2010-11-09 11:11:00
531641,17044,2010-11-09 11:31:00
531672,14467,2010-11-09 11:41:00
531724,16393,2010-11-09 12:04:00
531726,17274,2010-11-09 12:06:00
531727,16477,2010-11-09 12:07:00
531728,16223,2010-11-09 12:07:00
531729,12907,2010-11-09 12:08:00
531730,12849,2010-11-09 12:10:00
531731,14817,2010-11-09 12:15:00
531732,15394,2010-11-09 12:26:00
531733,17428,2010-11-09 12:27:00
531734,15719,2010-11-09 12:27:00
531735,17428,2010-11-09 12:28:00
531736,14243,2010-11-09 12:29:00
531737,15044,2010-11-09 12:36:00
531738,16960,2010-11-09 12:39:00
531739,17081,2010-11-09 12:44:00
531740,15984,2010-11-09 12:47:00
531741,12682,2010-11-09 12:48:00
531742,17208,2010-11-09 12:50:00
531744,17467,2010-11-09 12:58:00
531745,16684,2010-11-09 12:58:00
531746,14527,2010-11-09 13:00:00
531747,16458,2010-11-09 13:02:00
531748,14156,2010-11-09 13:03:00
531750,15325,2010-11-09 13:06:00
531753,15325,2010-11-09 13:14:00
531754,16977,2010-11-09 13:17:00
531756,17983,2010-11-09 13:23:00
531759,16740,2010-11-09 13:34:00
531760,13327,2010-11-09 13:36:00
531761,17726,2010-11-09 13:37:00
531762,17307,2010-11-09 13:40:00
531763,17878,2010-11-09 13:50:00
531764,17878,2010-11-09 13:52:00
531766,16365,2010-11-09 13:59:00
531767,17841,2010-11-09 14:04:00
531768,14170,2010-11-09 14:06:00
531769,16400,2010-11-09 14:11:00
531770,14452,2010-11-09 14:13:00
531771,17738,2010-11-09 14:24:00
531772,17797,2010-11-09 14:33:00
531773,15678,2010-11-09 14:38:00
531774,13715,2010-11-09 14:41:00
531776,14911,2010-11-09 14:42:00
531777,14062,2010-11-09 14:43:00
531778,12437,2010-11-09 14:45:00
531779,12437,2010-11-09 14:46:00
531782,16021,2010-11-09 14:48:00
531785,17560,2010-11-09 14:49:00
531789,15570,2010-11-09 15:07:00
531791,14841,2010-11-09 15:11:00
531792,14899,2010-11-09 15:20:00
531799,13093,2010-11-09 15:39:00
531800,15281,2010-11-09 15:45:00
531802,12748,2010-11-09 15:49:00
531803,14077,2010-11-09 16:01:00
531804,14535,2010-11-09 16:03:00
531805,16011,2010-11-09 16:08:00
531806,17757,2010-11-09 16:10:00
531808,17807,2010-11-09 16:21:00
531809,13851,2010-11-09 16:27:00
531812,16218,2010-11-09 16:39:00
531814,14344,2010-11-09 16:48:00
531815,14217,2010-11-09 16:51:00
531816,15027,2010-11-09 16:53:00
531818,13069,2010-11-09 17:05:00
531819,17363,2010-11-09 17:11:00
531820,17374,2010-11-09 17:14:00
531824,12782,2010-11-09 17:37:00
531825,16571,2010-11-09 17:41:00
531826,13721,2010-11-09 17:59:00
531827,13599,2010-11-09 18:03:00
531829,13599,2010-11-09 18:06:00
531831,17017,2010-11-09 18:29:00
531832,17017,2010-11-09 18:29:00
531833,12971,2010-11-09 18:30:00
531834,13506,2010-11-09 18:58:00
531835,14515,2010-11-09 19:21:00
531836,12982,2010-11-10 08:50:00
531837,13777,2010-11-10 08:56:00
531838,13777,2010-11-10 08:57:00
531839,13777,2010-11-10 08:58:00
531840,13777,2010-11-10 08:59:00
531842,17082,2010-11-10 09:19:00
531844,13809,2010-11-10 09:35:00
531849,16190,2010-11-10 09:43:00
531851,14365,2010-11-10 09:52:00
531852,13945,2010-11-10 10:00:00
531853,12927,2010-11-10 10:02:00
531854,17894,2010-11-10 10:13:00
531855,17101,2010-11-10 10:15:00
531856,17894,2010-11-10 10:17:00
531857,17644,2010-11-10 10:18:00
531861,17511,2010-11-10 10:45:00
531863,13671,2010-11-10 10:50:00
531864,16183,2010-11-10 11:12:00
531865,14585,2010-11-10 11:25:00
531866,18102,2010-11-10 11:28:00
531867,18102,2010-11-10 11:30:00
531868,16034,2010-11-10 11:32:00
531869,16358,2010-11-10 11:36:00
531870,12931,2010-11-10 11:37:00
531872,12931,2010-11-10 11:38:00
531875,14725,2010-11-10 11:47:00
531881,15197,2010-11-10 11:55:00
531894,13767,2010-11-10 12:01:00
531897,13767,2010-11-10 12:02:00
531900,15031,2010-11-10 12:03:00
531903,13632,2010-11-10 12:03:00
531910,13078,2010-11-10 12:06:00
531915,15131,2010-11-10 12:07:00
531918,15527,2010-11-10 12:08:00
531922,17974,2010-11-10 12:09:00
531935,15527,2010-11-10 12:13:00
531945,12997,2010-11-10 12:16:00
531947,14390,2010-11-10 12:16:00
531950,12823,2010-11-10 12:19:00
531951,14577,2010-11-10 12:19:00
531957,12823,2010-11-10 12:20:00
531960,12876,2010-11-10 12:21:00
531963,12823,2010-11-10 12:22:00
531971,13464,2010-11-10 12:24:00
531972,15691,2010-11-10 12:26:00
531976,14191,2010-11-10 12:27:00
531985,14676,2010-11-10 12:32:00
532004,14177,2010-11-10 12:38:00
532010,17321,2010-11-10 12:42:00
532011,15890,2010-11-10 12:44:00
532012,15890,2010-11-10 12:45:00
532013,15890,2010-11-10 12:46:00
532016,17756,2010-11-10 12:54:00
532017,17321,2010-11-10 12:56:00
532018,16008,2010-11-10 13:03:00
532019,12662,2010-11-10 13:08:00
532020,15311,2010-11-10 13:08:00
532021,16208,2010-11-10 13:09:00
532022,16679,2010-11-10 13:11:00
532023,14963,2010-11-10 13:13:00
532024,15953,2010-11-10 13:17:00
532025,16868,2010-11-10 13:17:00
532026,12422,2010-11-10 13:19:00
532028,17511,2010-11-10 13:21:00
532029,17511,2010-11-10 13:23:00
532030,14399,2010-11-10 13:23:00
532032,13941,2010-11-10 13:25:00
532033,15031,2010-11-10 13:28:00
532034,15001,2010-11-10 13:31:00
532035,17511,2010-11-10 13:31:00
532036,14615,2010-11-10 13:36:00
532037,16119,2010-11-10 13:40:00
532038,17515,2010-11-10 13:47:00
532039,13183,2010-11-10 13:49:00
532040,15001,2010-11-10 13:51:00
532042,15551,2010-11-10 14:03:00
532043,15551,2010-11-10 14:04:00
532044,14606,2010-11-10 14:05:00
532045,16827,2010-11-10 14:05:00
532046,15971,2010-11-10 14:06:00
532047,13096,2010-11-10 14:08:00
532048,16422,2010-11-10 14:11:00
532049,16422,2010-11-10 14:12:00
532050,14911,2010-11-10 14:14:00
532051,14911,2010-11-10 14:16:00
532052,14422,2010-11-10 14:20:00
532053,18220,2010-11-10 14:22:00
532054,12931,2010-11-10 14:24:00
532055,15529,2010-11-10 14:26:00
532056,12739,2010-11-10 14:27:00
532057,15028,2010-11-10 14:32:00
532058,14205,2010-11-10 14:34:00
532059,15646,2010-11-10 14:37:00
532060,14205,2010-11-10 14:37:00
532061,17695,2010-11-10 14:44:00
532062,17288,2010-11-10 14:44:00
532068,12855,2010-11-10 14:54:00
532074,12855,2010-11-10 14:58:00
532076,17338,2010-11-10 15:00:00
532081,15960,2010-11-10 15:09:00
532082,17961,2010-11-10 15:13:00
532083,13735,2010-11-10 15:16:00
532084,13915,2010-11-10 15:17:00
532085,14031,2010-11-10 15:20:00
532087,13735,2010-11-10 15:32:00
532088,12583,2010-11-10 15:34:00
532089,16221,2010-11-10 15:38:00
532090,17903,2010-11-10 15:39:00
532091,17218,2010-11-10 15:41:00
532092,18280,2010-11-10 15:51:00
532093,15368,2010-11-10 15:52:00
532094,13252,2010-11-10 16:00:00
532095,14651,2010-11-10 16:05:00
532096,15276,2010-11-10 16:06:00
532097,15276,2010-11-10 16:07:00
532099,15031,2010-11-10 16:14:00
532100,13750,2010-11-10 16:15:00
532101,17350,2010-11-10 16:15:00
532103,13418,2010-11-10 16:21:00
532104,13202,2010-11-10 16:24:00
532105,17521,2010-11-10 16:25:00
532106,16094,2010-11-10 16:26:00
532107,17293,2010-11-10 16:31:00
532108,12748,2010-11-10 16:38:00
532109,12666,2010-11-10 16:40:00
532113,16662,2010-11-10 16:56:00
532114,14030,2010-11-10 17:39:00
532115,16786,2010-11-11 08:25:00
532116,14440,2010-11-11 08:26:00
532117,14440,2010-11-11 08:27:00
532118,17930,2010-11-11 08:29:00
532119,13199,2010-11-11 09:02:00
532120,15138,2010-11-11 09:16:00
532121,17572,2010-11-11 09:32:00
532122,13590,2010-11-11 09:41:00
532123,15944,2010-11-11 09:55:00
532124,14882,2010-11-11 10:02:00
532125,15623,2010-11-11 10:19:00
532126,18226,2010-11-11 10:21:00
532127,14796,2010-11-11 10:25:00
532128,17688,2010-11-11 10:41:00
532129,13418,2010-11-11 10:41:00
532131,15215,2010-11-11 10:50:00
532137,14922,2010-11-11 11:14:00
532140,15838,2010-11-11 11:31:00
532141,15838,2010-11-11 11:32:00
532143,16782,2010-11-11 11:44:00
532145,16412,2010-11-11 11:52:00
532146,15039,2010-11-11 11:55:00
532147,14988,2010-11-11 12:01:00
532148,15290,2010-11-11 12:03:00
532149,15290,2010-11-11 12:04:00
532150,16395,2010-11-11 12:06:00
532151,14051,2010-11-11 12:11:00
532152,16395,2010-11-11 12:13:00
532153,16945,2010-11-11 12:14:00
532158,16395,2010-11-11 12:18:00
532159,16945,2010-11-11 12:18:00
532162,16945,2010-11-11 12:19:00
532163,16210,2010-11-11 12:19:00
532169,13614,2010-11-11 12:20:00
532171,16824,2010-11-11 12:21:00
532180,13199,2010-11-11 12:23:00
532188,17423,2010-11-11 12:26:00
532229,14868,2010-11-11 12:38:00
532233,13719,2010-11-11 12:40:00
532239,13857,2010-11-11 12:41:00
532247,17306,2010-11-11 12:44:00
532252,17416,2010-11-11 12:45:00
532253,17416,2010-11-11 12:47:00
532254,17416,2010-11-11 12:47:00
532263,13246,2010-11-11 12:54:00
532265,13857,2010-11-11 12:54:00
532279,18109,2010-11-11 13:07:00
532282,14680,2010-11-11 13:08:00
532284,14560,2010-11-11 13:13:00
532285,17308,2010-11-11 13:19:00
532286,14004,2010-11-11 13:19:00
532287,15100,2010-11-11 13:23:00
532288,13821,2010-11-11 13:24:00
532289,14004,2010-11-11 13:26:00
532290,17675,2010-11-11 13:26:00
532291,16284,2010-11-11 13:27:00
532292,18262,2010-11-11 13:30:00
532293,16203,2010-11-11 13:33:00
532295,13226,2010-11-11 13:46:00
532296,13694,2010-11-11 13:48:00
532297,13979,2010-11-11 13:50:00
532298,17314,2010-11-11 13:52:00
532299,17954,2010-11-11 13:53:00
532300,18087,2010-11-11 13:57:00
532301,16827,2010-11-11 14:04:00
532302,15842,2010-11-11 14:08:00
532303,13979,2010-11-11 14:10:00
532305,12356,2010-11-11 14:23:00
532306,12637,2010-11-11 14:29:00
532307,15916,2010-11-11 14:30:00
532308,13267,2010-11-11 14:31:00
532309,13267,2010-11-11 14:32:00
532310,13267,2010-11-11 14:32:00
532311,17558,2010-11-11 14:36:00
532312,17815,2010-11-11 14:39:00
532315,17980,2010-11-11 14:42:00
532316,14667,2010-11-11 14:54:00
532317,12803,2010-11-11 14:57:00
532318,17581,2010-11-11 15:07:00
532319,17759,2010-11-11 15:09:00
532324,12924,2010-11-11 15:21:00
532325,16735,2010-11-11 15:25:00
532328,15750,2010-11-11 15:29:00
532330,13305,2010-11-11 15:37:00
532336,16471,2010-11-11 15:47:00
532337,13263,2010-11-11 15:49:00
532338,18050,2010-11-11 15:51:00
532339,16401,2010-11-11 15:55:00
532340,14600,2010-11-11 15:56:00
532342,14680,2010-11-11 16:07:00
532344,14680,2010-11-11 16:08:00
532346,13798,2010-11-11 16:13:00
532347,16690,2010-11-11 16:15:00
532348,13975,2010-11-11 16:18:00
532349,15016,2010-11-11 16:23:00
532350,15998,2010-11-11 16:27:00
532351,14379,2010-11-11 16:29:00
532352,15016,2010-11-11 16:30:00
532354,13316,2010-11-11 16:40:00
532355,13468,2010-11-11 16:40:00
532356,13410,2010-11-11 16:45:00
532357,18057,2010-11-11 16:55:00
532358,12931,2010-11-11 17:05:00
532360,16670,2010-11-11 17:07:00
532361,17861,2010-11-11 17:21:00
532363,12971,2010-11-11 17:28:00
532364,14713,2010-11-11 17:28:00
532365,12748,2010-11-11 17:28:00
532366,18085,2010-11-11 17:41:00
532369,17862,2010-11-11 17:55:00
532370,15814,2010-11-11 17:55:00
532371,15358,2010-11-11 17:55:00
532373,15358,2010-11-11 17:56:00
532377,15240,2010-11-11 18:06:00
532382,16081,2010-11-11 18:24:00
532384,12748,2010-11-11 18:34:00
532386,13213,2010-11-11 18:58:00
532391,16797,2010-11-11 19:14:00
532408,17961,2010-11-11 19:43:00
532416,18054,2010-11-12 08:18:00
532418,14911,2010-11-12 09:10:00
532420,16019,2010-11-12 09:30:00
532421,15468,2010-11-12 09:39:00
532422,16133,2010-11-12 09:44:00
532423,12402,2010-11-12 09:50:00
532424,12868,2010-11-12 10:05:00
532425,13065,2010-11-12 10:08:00
532427,18276,2010-11-12 10:11:00
532428,12600,2010-11-12 10:13:00
532429,13316,2010-11-12 10:14:00
532430,12352,2010-11-12 10:20:00
532431,12931,2010-11-12 10:24:00
532432,14911,2010-11-12 10:28:00
532433,18135,2010-11-12 10:34:00
532434,16531,2010-11-12 10:36:00
532435,17076,2010-11-12 10:51:00
532436,12791,2010-11-12 10:53:00
532437,18007,2010-11-12 11:08:00
532438,18022,2010-11-12 11:21:00
532440,14994,2010-11-12 11:30:00
532443,12360,2010-11-12 11:31:00
532445,17772,2010-11-12 11:31:00
532449,15476,2010-11-12 11:33:00
532452,15476,2010-11-12 11:34:00
532470,12647,2010-11-12 11:41:00
532475,15681,2010-11-12 11:42:00
532478,15681,2010-11-12 11:43:00
532482,15681,2010-11-12 11:44:00
532486,12474,2010-11-12 11:45:00
532494,14082,2010-11-12 11:47:00
532512,12971,2010-11-12 11:57:00
532541,15587,2010-11-12 12:07:00
532542,14735,2010-11-12 12:08:00
532543,14735,2010-11-12 12:10:00
532544,13309,2010-11-12 12:10:00
532545,15566,2010-11-12 12:11:00
532546,13931,2010-11-12 12:11:00
532547,13931,2010-11-12 12:12:00
532548,17210,2010-11-12 12:15:00
532549,14527,2010-11-12 12:17:00
532550,14194,2010-11-12 12:24:00
532551,14194,2010-11-12 12:26:00
532553,15385,2010-11-12 12:28:00
532554,15983,2010-11-12 12:32:00
532555,17311,2010-11-12 12:38:00
532556,12576,2010-11-12 12:44:00
532557,13032,2010-11-12 12:49:00
532558,13693,2010-11-12 12:51:00
532559,16199,2010-11-12 12:55:00
532560,16013,2010-11-12 12:56:00
532562,15021,2010-11-12 13:05:00
532563,14820,2010-11-12 13:13:00
532564,17685,2010-11-12 13:15:00
532565,17004,2010-11-12 13:17:00
532566,14911,2010-11-12 13:18:00
532567,15965,2010-11-12 13:23:00
532568,12734,2010-11-12 13:26:00
532569,13293,2010-11-12 13:28:00
532570,16241,2010-11-12 13:34:00
532571,17006,2010-11-12 13:43:00
532572,18116,2010-11-12 13:49:00
532573,16186,2010-11-12 13:51:00
532574,17803,2010-11-12 13:53:00
532575,16186,2010-11-12 13:55:00
532577,16727,2010-11-12 14:05:00
532578,17984,2010-11-12 14:13:00
532579,14450,2010-11-12 14:13:00
532580,15311,2010-11-12 14:18:00
532581,15061,2010-11-12 14:21:00
532582,15061,2010-11-12 14:24:00
532584,15061,2010-11-12 14:26:00
532585,15061,2010-11-12 14:28:00
532587,15024,2010-11-12 14:28:00
532588,15061,2010-11-12 14:30:00
532589,15061,2010-11-12 14:32:00
532590,15061,2010-11-12 14:34:00
532591,16019,2010-11-12 14:37:00
532592,15061,2010-11-12 14:39:00
532593,13961,2010-11-12 14:40:00
532594,15498,2010-11-12 14:50:00
532595,14690,2010-11-12 14:51:00
532598,14597,2010-11-12 14:55:00
532599,13576,2010-11-12 14:55:00
532606,16010,2010-11-12 15:03:00
532607,16303,2010-11-12 15:05:00
532609,18075,2010-11-12 15:07:00
532610,14915,2010-11-12 15:16:00
532612,13601,2010-11-12 15:20:00
532626,12779,2010-11-12 15:33:00
532629,15179,2010-11-12 15:35:00
532634,14597,2010-11-12 15:40:00
532635,15856,2010-11-12 15:40:00
532636,12635,2010-11-12 15:46:00
532637,13174,2010-11-12 16:18:00
532638,18025,2010-11-12 16:24:00
532639,14732,2010-11-12 16:42:00
532641,13723,2010-11-12 16:59:00
532643,13090,2010-11-12 17:01:00
532646,16444,2010-11-14 10:10:00
532647,17243,2010-11-14 10:11:00
532648,14609,2010-11-14 10:14:00
532649,16444,2010-11-14 10:21:00
532650,13854,2010-11-14 10:39:00
532651,15569,2010-11-14 10:46:00
532652,18063,2010-11-14 10:46:00
532653,14024,2010-11-14 10:51:00
532654,17300,2010-11-14 10:56:00
532655,15708,2010-11-14 11:01:00
532657,14562,2010-11-14 11:10:00
532658,14987,2010-11-14 11:12:00
532659,16121,2010-11-14 11:18:00
532660,17377,2010-11-14 11:19:00
532661,13545,2010-11-14 11:27:00
532662,16601,2010-11-14 11:30:00
532663,14936,2010-11-14 11:32:00
532664,13684,2010-11-14 11:34:00
532665,14052,2010-11-14 11:37:00
532666,15356,2010-11-14 11:39:00
532667,16121,2010-11-14 11:41:00
532668,12841,2010-11-14 11:45:00
532670,16687,2010-11-14 11:46:00
532671,16923,2010-11-14 11:50:00
532672,17495,2010-11-14 11:50:00
532673,15038,2010-11-14 11:51:00
532677,15615,2010-11-14 12:07:00
532678,15203,2010-11-14 12:14:00
532679,16960,2010-11-14 12:17:00
532680,15547,2010-11-14 12:31:00
532681,17561,2010-11-14 12:36:00
532682,15512,2010-11-14 12:39:00
532692,14807,2010-11-14 12:47:00
532699,16950,2010-11-14 12:50:00
532711,17504,2010-11-14 12:55:00
532719,15269,2010-11-14 12:58:00
532723,13167,2010-11-14 12:58:00
532725,16983,2010-11-14 12:59:00
532738,13668,2010-11-14 13:03:00
532741,14882,2010-11-14 13:04:00
532745,16593,2010-11-14 13:11:00
532746,13384,2010-11-14 13:13:00
532747,12923,2010-11-14 13:16:00
532748,16074,2010-11-14 13:19:00
532749,13081,2010-11-14 13:24:00
532750,16416,2010-11-14 13:24:00
532751,13081,2010-11-14 13:25:00
532752,15058,2010-11-14 13:27:00
532753,17420,2010-11-14 13:28:00
532754,17288,2010-11-14 13:33:00
532755,17288,2010-11-14 13:38:00
532756,14769,2010-11-14 13:39:00
532757,17288,2010-11-14 13:42:00
532758,13758,2010-11-14 13:42:00
532759,15856,2010-11-14 13:48:00
532760,14224,2010-11-14 13:53:00
532761,16861,2010-11-14 13:54:00
532762,17858,2010-11-14 13:55:00
532763,12748,2010-11-14 14:00:00
532764,14684,2010-11-14 14:07:00
532794,17497,2010-11-14 14:17:00
532795,12591,2010-11-14 14:32:00
532796,14854,2010-11-14 14:37:00
532798,17544,2010-11-14 14:47:00
532799,14599,2010-11-14 14:49:00
532800,15283,2010-11-14 14:54:00
532801,17802,2010-11-14 14:54:00
532802,17255,2010-11-14 14:56:00
532803,17544,2010-11-14 14:57:00
532804,16719,2010-11-14 15:05:00
532805,17544,2010-11-14 15:08:00
532806,15452,2010-11-14 15:14:00
532807,17841,2010-11-14 15:17:00
532808,15532,2010-11-14 15:19:00
532809,12748,2010-11-14 15:22:00
532810,17545,2010-11-14 15:23:00
532811,15606,2010-11-14 15:27:00
532812,17545,2010-11-14 15:30:00
532813,18221,2010-11-14 15:46:00
532814,15189,2010-11-14 15:57:00
532815,14559,2010-11-14 16:05:00
532816,15726,2010-11-14 16:12:00
532817,14493,2010-11-14 16:16:00
532818,12748,2010-11-14 16:18:00
532819,13230,2010-11-14 16:19:00
532821,14382,2010-11-14 16:32:00
532822,18102,2010-11-15 08:34:00
532823,16126,2010-11-15 09:02:00
532824,16620,2010-11-15 09:14:00
532825,12971,2010-11-15 09:16:00
532827,18044,2010-11-15 09:34:00
532828,14784,2010-11-15 09:49:00
532829,15769,2010-11-15 09:54:00
532844,14585,2010-11-15 10:12:00
532846,15311,2010-11-15 10:32:00
532849,14944,2010-11-15 10:46:00
532850,17811,2010-11-15 10:46:00
532851,17696,2010-11-15 10:47:00
532853,12939,2010-11-15 10:51:00
532856,14467,2010-11-15 11:01:00
532871,16033,2010-11-15 11:16:00
532892,15601,2010-11-15 11:34:00
532896,13582,2010-11-15 11:34:00
532901,15218,2010-11-15 11:39:00
532905,17811,2010-11-15 11:49:00
532935,16314,2010-11-15 12:06:00
532950,16700,2010-11-15 12:14:00
532951,16700,2010-11-15 12:15:00
532952,12376,2010-11-15 12:15:00
532954,17139,2010-11-15 12:18:00
532955,17139,2010-11-15 12:19:00
532956,17389,2010-11-15 12:19:00
532957,13262,2010-11-15 12:20:00
532959,13141,2010-11-15 12:21:00
532960,17389,2010-11-15 12:30:00
532961,12471,2010-11-15 12:31:00
532962,12471,2010-11-15 12:34:00
532963,16710,2010-11-15 12:35:00
532964,15493,2010-11-15 12:43:00
532965,15466,2010-11-15 12:50:00
532966,14606,2010-11-15 12:52:00
532968,16350,2010-11-15 12:55:00
532969,17992,2010-11-15 13:04:00
532971,16935,2010-11-15 13:06:00
532972,17757,2010-11-15 13:07:00
532973,14104,2010-11-15 13:13:00
532974,17138,2010-11-15 13:15:00
532975,12471,2010-11-15 13:24:00
532976,16919,2010-11-15 13:24:00
532977,16385,2010-11-15 13:27:00
532978,14526,2010-11-15 13:32:00
532979,17346,2010-11-15 13:39:00
532980,13862,2010-11-15 13:43:00
532981,12991,2010-11-15 13:43:00
532982,18225,2010-11-15 13:49:00
532983,14911,2010-11-15 13:54:00
532984,14911,2010-11-15 13:55:00
532985,12733,2010-11-15 13:56:00
532986,17799,2010-11-15 13:58:00
532988,16350,2010-11-15 14:07:00
532989,14451,2010-11-15 14:09:00
532990,17106,2010-11-15 14:11:00
532991,13094,2010-11-15 14:15:00
532992,13491,2010-11-15 14:22:00
532993,14156,2010-11-15 14:26:00
532994,16933,2010-11-15 14:30:00
532995,14395,2010-11-15 14:36:00
532996,16933,2010-11-15 14:36:00
532997,16686,2010-11-15 14:41:00
532998,13049,2010-11-15 14:44:00
532999,13900,2010-11-15 14:48:00
533000,16686,2010-11-15 14:49:00
533001,17633,2010-11-15 14:55:00
533003,16399,2010-11-15 15:03:00
533004,17231,2010-11-15 15:03:00
533005,16725,2010-11-15 15:08:00
533006,14157,2010-11-15 15:10:00
533007,16725,2010-11-15 15:11:00
533008,17968,2010-11-15 15:18:00
533009,16191,2010-11-15 15:30:00
533010,13985,2010-11-15 15:30:00
533012,18219,2010-11-15 15:44:00
533013,14358,2010-11-15 15:51:00
533022,12970,2010-11-15 15:54:00
533025,15596,2010-11-15 15:55:00
533026,15311,2010-11-15 16:00:00
533029,17706,2010-11-15 16:05:00
533038,14065,2010-11-15 16:13:00
533041,12748,2010-11-15 16:15:00
533047,16191,2010-11-15 16:20:00
533053,12836,2010-11-15 16:22:00
533057,17170,2010-11-15 16:23:00
533058,17740,2010-11-15 16:33:00
533059,16103,2010-11-15 16:44:00
533060,16087,2010-11-15 16:44:00
533063,16407,2010-11-15 16:56:00
533064,17364,2010-11-15 17:01:00
533066,15164,2010-11-15 17:11:00
533067,17284,2010-11-15 17:14:00
533069,16161,2010-11-15 17:37:00
533070,13148,2010-11-15 17:37:00
533071,13148,2010-11-15 17:41:00
533072,13148,2010-11-15 17:43:00
533073,17889,2010-11-15 17:44:00
533074,14298,2010-11-16 07:52:00
533075,18084,2010-11-16 08:09:00
533076,14147,2010-11-16 08:10:00
533077,14147,2010-11-16 08:11:00
533078,12524,2010-11-16 09:08:00
533079,16602,2010-11-16 09:13:00
533080,14189,2010-11-16 09:28:00
533082,17894,2010-11-16 09:49:00
533083,13097,2010-11-16 09:50:00
533084,17080,2010-11-16 09:51:00
533085,17994,2010-11-16 09:56:00
533086,15960,2010-11-16 10:00:00
533087,18065,2010-11-16 10:04:00
533088,12357,2010-11-16 10:05:00
533089,18065,2010-11-16 10:05:00
533091,14907,2010-11-16 10:24:00
533092,13963,2010-11-16 10:35:00
533093,16817,2010-11-16 10:35:00
533094,14984,2010-11-16 10:36:00
533095,12748,2010-11-16 10:42:00
533096,14911,2010-11-16 10:56:00
533097,16008,2010-11-16 11:02:00
533098,16839,2010-11-16 11:14:00
533101,12843,2010-11-16 11:31:00
533102,17897,2010-11-16 11:35:00
533103,17968,2010-11-16 11:36:00
533104,12616,2010-11-16 11:38:00
533105,16186,2010-11-16 11:53:00
533106,16083,2010-11-16 11:53:00
533110,15093,2010-11-16 12:00:00
533112,15311,2010-11-16 12:14:00
533113,17852,2010-11-16 12:19:00
533114,14675,2010-11-16 12:22:00
533115,14655,2010-11-16 12:28:00
533120,14156,2010-11-16 12:32:00
533123,18154,2010-11-16 12:40:00
533127,13611,2010-11-16 12:46:00
533128,18236,2010-11-16 12:48:00
533130,15235,2010-11-16 12:48:00
533131,15235,2010-11-16 12:49:00
533132,15235,2010-11-16 12:49:00
533133,15850,2010-11-16 12:50:00
533134,16717,2010-11-16 12:51:00
533135,16717,2010-11-16 12:52:00
533136,17203,2010-11-16 12:52:00
533137,17203,2010-11-16 12:58:00
533138,12748,2010-11-16 13:01:00
533139,17203,2010-11-16 13:03:00
533140,15968,2010-11-16 13:04:00
533141,17203,2010-11-16 13:07:00
533142,17689,2010-11-16 13:22:00
533143,12766,2010-11-16 13:28:00
533144,12567,2010-11-16 13:33:00
533146,18087,2010-11-16 13:36:00
533147,14735,2010-11-16 13:39:00
533148,13624,2010-11-16 13:43:00
533149,13571,2010-11-16 13:43:00
533152,15005,2010-11-16 13:57:00
533154,13458,2010-11-16 14:01:00
533156,15434,2010-11-16 14:02:00
533158,14550,2010-11-16 14:05:00
533160,14869,2010-11-16 14:09:00
533161,16347,2010-11-16 14:15:00
533162,12357,2010-11-16 14:29:00
533186,17122,2010-11-16 14:38:00
533187,16782,2010-11-16 14:45:00
533188,17629,2010-11-16 14:46:00
533206,12971,2010-11-16 14:53:00
533211,14101,2010-11-16 14:54:00
533254,15299,2010-11-16 15:11:00
533262,14306,2010-11-16 15:13:00
533266,12775,2010-11-16 15:14:00
533278,13439,2010-11-16 15:24:00
533280,15523,2010-11-16 15:27:00
533281,13789,2010-11-16 15:31:00
533288,13564,2010-11-16 15:34:00
533289,13643,2010-11-16 15:44:00
533290,14911,2010-11-16 15:46:00
533291,12747,2010-11-16 15:55:00
533292,14744,2010-11-16 15:57:00
533293,16145,2010-11-16 15:58:00
533294,13081,2010-11-16 16:01:00
533295,15161,2010-11-16 16:08:00
533299,16961,2010-11-16 16:37:00
533300,16722,2010-11-16 16:38:00
533301,15811,2010-11-16 16:46:00
533302,14913,2010-11-16 16:50:00
533311,16904,2010-11-16 17:03:00
533313,13300,2010-11-16 17:10:00
533314,13158,2010-11-16 17:12:00
533315,12613,2010-11-16 17:17:00
533316,14113,2010-11-16 17:21:00
533318,14828,2010-11-16 17:23:00
533320,13795,2010-11-16 17:25:00
533325,13798,2010-11-16 17:40:00
533326,14192,2010-11-16 17:44:00
533328,17572,2010-11-16 17:52:00
533330,13078,2010-11-16 17:58:00
533333,16748,2010-11-16 18:07:00
533336,12714,2010-11-16 18:10:00
533337,16829,2010-11-16 18:11:00
533339,14206,2010-11-16 18:20:00
533340,18061,2010-11-16 18:30:00
533341,14947,2010-11-16 18:30:00
533342,17490,2010-11-16 18:47:00
533343,15194,2010-11-16 19:29:00
533345,17615,2010-11-17 08:42:00
533346,18256,2010-11-17 08:53:00
533349,14560,2010-11-17 09:36:00
533350,14282,2010-11-17 09:41:00
533351,14776,2010-11-17 09:53:00
533352,14646,2010-11-17 10:01:00
533353,13767,2010-11-17 10:02:00
533354,13767,2010-11-17 10:03:00
533355,14646,2010-11-17 10:03:00
533356,16168,2010-11-17 10:04:00
533357,16206,2010-11-17 10:06:00
533358,13237,2010-11-17 10:07:00
533359,12755,2010-11-17 10:08:00
533361,12755,2010-11-17 10:09:00
533362,16422,2010-11-17 10:10:00
533365,17365,2010-11-17 10:23:00
533366,13004,2010-11-17 10:26:00
533368,15874,2010-11-17 10:30:00
533369,16835,2010-11-17 10:31:00
533370,15874,2010-11-17 10:31:00
533372,15874,2010-11-17 10:32:00
533373,12921,2010-11-17 10:34:00
533374,14049,2010-11-17 10:34:00
533375,14049,2010-11-17 10:39:00
533376,15640,2010-11-17 10:39:00
533379,14049,2010-11-17 10:44:00
533380,17965,2010-11-17 10:54:00
533381,14417,2010-11-17 10:55:00
533396,13013,2010-11-17 11:10:00
533405,16668,2010-11-17 11:12:00
533409,13013,2010-11-17 11:14:00
533423,16386,2010-11-17 11:19:00
533444,12423,2010-11-17 11:33:00
533446,13403,2010-11-17 11:38:00
533447,17287,2010-11-17 11:40:00
533448,18260,2010-11-17 11:41:00
533449,14312,2010-11-17 11:45:00
533452,16258,2010-11-17 11:48:00
533457,17929,2010-11-17 12:01:00
533458,16006,2010-11-17 12:03:00
533459,15144,2010-11-17 12:04:00
533460,15039,2010-11-17 12:11:00
533461,14515,2010-11-17 12:14:00
533462,17349,2010-11-17 12:15:00
533463,13549,2010-11-17 12:17:00
533466,18223,2010-11-17 12:20:00
533468,14515,2010-11-17 12:24:00
533469,16016,2010-11-17 12:36:00
533471,15184,2010-11-17 12:41:00
533472,12847,2010-11-17 12:44:00
533473,18172,2010-11-17 12:47:00
533474,12838,2010-11-17 12:49:00
533475,18109,2010-11-17 12:50:00
533476,16770,2010-11-17 12:53:00
533477,18101,2010-11-17 12:57:00
533478,15402,2010-11-17 12:58:00
533479,17200,2010-11-17 13:01:00
533480,17200,2010-11-17 13:04:00
533481,14829,2010-11-17 13:05:00
533482,14829,2010-11-17 13:06:00
533483,15498,2010-11-17 13:06:00
533484,14299,2010-11-17 13:09:00
533485,14811,2010-11-17 13:09:00
533486,16059,2010-11-17 13:10:00
533487,13593,2010-11-17 13:11:00
533488,13875,2010-11-17 13:12:00
533489,14966,2010-11-17 13:14:00
533490,16224,2010-11-17 13:14:00
533491,15581,2010-11-17 13:16:00
533492,18044,2010-11-17 13:25:00
533495,15515,2010-11-17 13:39:00
533496,17768,2010-11-17 13:42:00
533498,17418,2010-11-17 13:42:00
533499,15428,2010-11-17 13:46:00
533500,15727,2010-11-17 13:49:00
533501,15862,2010-11-17 13:50:00
533502,13728,2010-11-17 13:50:00
533503,17449,2010-11-17 13:50:00
533504,13964,2010-11-17 13:53:00
533505,12890,2010-11-17 14:05:00
533506,14152,2010-11-17 14:20:00
533507,14152,2010-11-17 14:20:00
533508,17018,2010-11-17 14:23:00
533509,13198,2010-11-17 14:25:00
533510,17987,2010-11-17 14:31:00
533511,15882,2010-11-17 14:31:00
533516,16684,2010-11-17 14:53:00
533521,13512,2010-11-17 14:55:00
533525,18195,2010-11-17 15:03:00
533528,15750,2010-11-17 15:08:00
533529,15652,2010-11-17 15:14:00
533530,16634,2010-11-17 15:20:00
533531,16992,2010-11-17 15:21:00
533532,18172,2010-11-17 15:24:00
533533,18172,2010-11-17 15:24:00
533534,17239,2010-11-17 15:28:00
533535,13610,2010-11-17 15:31:00
533538,14681,2010-11-17 15:42:00
533539,16558,2010-11-17 15:43:00
533540,13870,2010-11-17 15:47:00
533541,15100,2010-11-17 15:54:00
533542,17310,2010-11-17 16:00:00
533543,17639,2010-11-17 16:01:00
533544,17639,2010-11-17 16:11:00
533545,15649,2010-11-17 16:22:00
533546,16823,2010-11-17 16:46:00
533547,16409,2010-11-17 16:48:00
533548,12726,2010-11-17 16:59:00
533549,14606,2010-11-17 16:59:00
533550,17995,2010-11-17 17:01:00
533551,17576,2010-11-17 17:08:00
533553,15581,2010-11-17 17:14:00
533554,13605,2010-11-17 17:16:00
533555,12709,2010-11-18 07:59:00
533556,17675,2010-11-18 08:28:00
533557,16915,2010-11-18 08:31:00
533558,17732,2010-11-18 09:22:00
533560,18062,2010-11-18 10:05:00
533561,16265,2010-11-18 10:06:00
533562,18066,2010-11-18 10:08:00
533563,13203,2010-11-18 10:08:00
533565,17365,2010-11-18 10:19:00
533568,14032,2010-11-18 10:32:00
533569,14796,2010-11-18 10:33:00
533570,14631,2010-11-18 10:37:00
533571,16250,2010-11-18 10:43:00
533572,15810,2010-11-18 10:44:00
533573,15757,2010-11-18 10:45:00
533574,15659,2010-11-18 10:51:00
533575,17430,2010-11-18 11:00:00
533576,15482,2010-11-18 11:02:00
533577,17377,2010-11-18 11:08:00
533578,16905,2010-11-18 11:09:00
533579,18229,2010-11-18 11:23:00
533580,17238,2010-11-18 11:28:00
533581,16445,2010-11-18 11:29:00
533582,16445,2010-11-18 11:37:00
533583,14405,2010-11-18 11:40:00
533584,13102,2010-11-18 11:44:00
533585,14527,2010-11-18 11:48:00
533586,13117,2010-11-18 11:49:00
533588,13089,2010-11-18 11:55:00
533589,17411,2010-11-18 11:55:00
533591,16554,2010-11-18 11:59:00
533592,14446,2010-11-18 12:08:00
533593,12951,2010-11-18 12:11:00
533594,17776,2010-11-18 12:14:00
533595,14911,2010-11-18 12:14:00
533596,14646,2010-11-18 12:19:00
533597,15353,2010-11-18 12:21:00
533598,17811,2010-11-18 12:22:00
533599,18055,2010-11-18 12:25:00
533624,12709,2010-11-18 12:50:00
533625,13864,2010-11-18 12:50:00
533644,15024,2010-11-18 13:00:00
533647,14040,2010-11-18 13:01:00
533658,14614,2010-11-18 13:04:00
533661,13665,2010-11-18 13:06:00
533670,17235,2010-11-18 13:10:00
533679,13319,2010-11-18 13:14:00
533691,17355,2010-11-18 13:18:00
533700,13970,2010-11-18 13:21:00
533711,13408,2010-11-18 13:25:00
533717,13137,2010-11-18 13:27:00
533730,17884,2010-11-18 13:30:00
533731,15071,2010-11-18 13:30:00
533733,16218,2010-11-18 13:33:00
533734,17428,2010-11-18 13:34:00
533735,15953,2010-11-18 13:49:00
533736,16089,2010-11-18 13:51:00
533738,16973,2010-11-18 13:56:00
533739,13090,2010-11-18 14:04:00
533741,15034,2010-11-18 14:07:00
533750,15571,2010-11-18 14:17:00
533754,17659,2010-11-18 14:20:00
533755,15571,2010-11-18 14:25:00
533756,14051,2010-11-18 14:28:00
533757,12980,2010-11-18 14:31:00
533759,14911,2010-11-18 14:45:00
533760,17460,2010-11-18 14:49:00
533761,17841,2010-11-18 14:52:00
533763,12621,2010-11-18 14:55:00
533764,12921,2010-11-18 14:57:00
533765,15434,2010-11-18 15:17:00
533766,15061,2010-11-18 15:19:00
533767,18225,2010-11-18 15:29:00
533769,17089,2010-11-18 15:33:00
533771,17315,2010-11-18 15:34:00
533776,15107,2010-11-18 16:10:00
533779,17419,2010-11-18 16:22:00
533781,13996,2010-11-18 16:27:00
533782,14388,2010-11-18 16:28:00
533783,18160,2010-11-18 16:33:00
533784,13984,2010-11-18 16:52:00
533785,17421,2010-11-18 16:57:00
533786,17193,2010-11-18 16:57:00
533788,13305,2010-11-18 17:10:00
533790,13329,2010-11-18 17:35:00
533791,15422,2010-11-18 17:50:00
533792,16588,2010-11-18 17:56:00
533793,15841,2010-11-18 18:14:00
533794,16907,2010-11-18 18:16:00
533795,17735,2010-11-18 18:23:00
533796,17868,2010-11-18 18:55:00
533797,13329,2010-11-18 19:06:00
533798,13004,2010-11-18 19:08:00
533799,12759,2010-11-18 19:14:00
533800,16261,2010-11-18 19:22:00
533803,13969,2010-11-18 19:55:00
533805,17532,2010-11-19 08:13:00
533806,16080,2010-11-19 08:18:00
533815,12399,2010-11-19 08:53:00
533816,14932,2010-11-19 09:16:00
533818,12629,2010-11-19 09:18:00
533819,17001,2010-11-19 09:23:00
533820,13093,2010-11-19 09:34:00
533821,12562,2010-11-19 09:35:00
533822,12647,2010-11-19 09:40:00
533824,12739,2010-11-19 09:42:00
533825,12605,2010-11-19 10:00:00
533826,12419,2010-11-19 10:04:00
533827,12670,2010-11-19 10:05:00
533828,13317,2010-11-19 10:06:00
533829,17683,2010-11-19 10:11:00
533830,15182,2010-11-19 10:30:00
533831,15182,2010-11-19 10:31:00
533832,15182,2010-11-19 10:31:00
533835,15971,2010-11-19 10:43:00
533836,13141,2010-11-19 10:51:00
533837,18097,2010-11-19 10:55:00
533838,13662,2010-11-19 10:57:00
533839,13662,2010-11-19 10:58:00
533841,17269,2010-11-19 11:12:00
533842,14723,2010-11-19 11:21:00
533849,15805,2010-11-19 11:27:00
533860,14813,2010-11-19 11:32:00
533862,15838,2010-11-19 11:32:00
533877,16161,2010-11-19 11:37:00
533879,12748,2010-11-19 11:37:00
533880,18259,2010-11-19 11:40:00
533885,12748,2010-11-19 11:42:00
533896,16279,2010-11-19 11:48:00
533898,15129,2010-11-19 11:48:00
533904,16936,2010-11-19 11:54:00
533906,17360,2010-11-19 11:55:00
533915,16393,2010-11-19 11:58:00
533920,17360,2010-11-19 12:00:00
533934,17864,2010-11-19 12:04:00
533947,17862,2010-11-19 12:09:00
533948,17346,2010-11-19 12:09:00
533949,12553,2010-11-19 12:18:00
533950,14217,2010-11-19 12:35:00
533951,16814,2010-11-19 12:42:00
533952,12643,2010-11-19 12:42:00
533953,13756,2010-11-19 12:43:00
533954,16599,2010-11-19 12:45:00
533955,17756,2010-11-19 12:45:00
533956,12682,2010-11-19 12:50:00
533957,16885,2010-11-19 12:51:00
533959,12921,2010-11-19 12:56:00
533960,17241,2010-11-19 13:01:00
533961,16010,2010-11-19 13:01:00
533962,16535,2010-11-19 13:01:00
533963,16010,2010-11-19 13:04:00
533967,13156,2010-11-19 13:09:00
533968,13884,2010-11-19 13:14:00
533969,18022,2010-11-19 13:16:00
533971,12755,2010-11-19 13:19:00
533972,12408,2010-11-19 13:21:00
533973,15421,2010-11-19 13:21:00
533974,15483,2010-11-19 13:24:00
533975,15465,2010-11-19 13:24:00
533977,15311,2010-11-19 13:31:00
533978,12583,2010-11-19 13:35:00
533979,17433,2010-11-19 13:37:00
533980,17386,2010-11-19 13:40:00
533981,18035,2010-11-19 13:42:00
533982,17861,2010-11-19 13:43:00
533983,18035,2010-11-19 13:46:00
533984,13297,2010-11-19 13:49:00
533986,18036,2010-11-19 13:52:00
533987,14911,2010-11-19 13:54:00
533988,18036,2010-11-19 13:56:00
533989,13408,2010-11-19 13:58:00
533990,14209,2010-11-19 13:58:00
533991,13408,2010-11-19 14:00:00
533996,17865,2010-11-19 14:14:00
533999,16228,2010-11-19 14:20:00
534002,17735,2010-11-19 14:26:00
534003,17589,2010-11-19 14:27:00
534008,12978,2010-11-19 14:29:00
534011,17873,2010-11-19 14:30:00
534020,15846,2010-11-19 14:40:00
534021,17412,2010-11-19 14:54:00
534028,13434,2010-11-19 15:09:00
534030,12721,2010-11-19 15:13:00
534033,12874,2010-11-19 15:23:00
534034,16422,2010-11-19 15:41:00
534035,13124,2010-11-19 15:50:00
534036,13027,2010-11-19 15:51:00
534037,16346,2010-11-19 15:55:00
534039,14616,2010-11-19 16:33:00
534040,17659,2010-11-19 16:38:00
534041,17648,2010-11-19 16:41:00
534044,12748,2010-11-19 16:52:00
534046,17493,2010-11-19 16:57:00
534047,17432,2010-11-19 17:01:00
534048,13089,2010-11-19 17:18:00
534049,12578,2010-11-19 17:21:00
534050,17243,2010-11-21 10:08:00
534051,17335,2010-11-21 10:17:00
534052,12748,2010-11-21 10:27:00
534053,16010,2010-11-21 10:35:00
534054,16746,2010-11-21 10:38:00
534055,14961,2010-11-21 10:40:00
534056,15561,2010-11-21 10:40:00
534057,17548,2010-11-21 10:42:00
534058,14911,2010-11-21 10:47:00
534059,17796,2010-11-21 10:49:00
534060,14180,2010-11-21 10:51:00
534061,12967,2010-11-21 11:03:00
534062,16326,2010-11-21 11:03:00
534064,16768,2010-11-21 11:06:00
534065,12887,2010-11-21 11:18:00
534066,17920,2010-11-21 11:28:00
534067,16466,2010-11-21 11:30:00
534068,12728,2010-11-21 11:34:00
534069,15611,2010-11-21 11:35:00
534070,17540,2010-11-21 11:37:00
534071,16934,2010-11-21 11:39:00
534072,15885,2010-11-21 11:40:00
534073,13873,2010-11-21 11:47:00
534083,13668,2010-11-21 11:52:00
534091,14499,2010-11-21 11:58:00
534108,13275,2010-11-21 12:09:00
534109,14293,2010-11-21 12:09:00
534111,14293,2010-11-21 12:10:00
534112,16792,2010-11-21 12:11:00
534114,17769,2010-11-21 12:11:00
534141,16791,2010-11-21 12:21:00
534143,14911,2010-11-21 12:21:00
534154,16007,2010-11-21 12:29:00
534155,17618,2010-11-21 12:31:00
534156,14156,2010-11-21 12:38:00
534157,15860,2010-11-21 12:39:00
534158,13988,2010-11-21 12:40:00
534160,12858,2010-11-21 12:55:00
534161,17096,2010-11-21 12:59:00
534162,15155,2010-11-21 12:59:00
534163,14512,2010-11-21 13:00:00
534164,16241,2010-11-21 13:13:00
534165,16411,2010-11-21 13:13:00
534166,17702,2010-11-21 13:15:00
534167,16979,2010-11-21 13:23:00
534168,16367,2010-11-21 13:23:00
534169,12724,2010-11-21 13:26:00
534170,17275,2010-11-21 13:26:00
534171,13786,2010-11-21 13:29:00
534172,14800,2010-11-21 13:30:00
534173,17680,2010-11-21 13:31:00
534174,12573,2010-11-21 13:35:00
534175,17322,2010-11-21 13:36:00
534176,17244,2010-11-21 13:42:00
534177,12872,2010-11-21 13:46:00
534178,17244,2010-11-21 13:46:00
534179,13484,2010-11-21 13:48:00
534180,14895,2010-11-21 13:51:00
534181,17244,2010-11-21 13:53:00
534182,17706,2010-11-21 13:57:00
534183,12705,2010-11-21 13:58:00
534184,12705,2010-11-21 13:59:00
534185,16726,2010-11-21 14:04:00
534186,16946,2010-11-21 14:06:00
534187,16501,2010-11-21 14:10:00
534188,17085,2010-11-21 14:13:00
534189,12748,2010-11-21 14:19:00
534190,12807,2010-11-21 14:21:00
534191,17036,2010-11-21 14:26:00
534192,13213,2010-11-21 14:34:00
534193,15519,2010-11-21 14:35:00
534194,13069,2010-11-21 14:36:00
534195,17696,2010-11-21 14:49:00
534196,17921,2010-11-21 14:52:00
534197,16050,2010-11-21 14:52:00
534198,15312,2010-11-21 15:10:00
534200,15350,2010-11-21 15:14:00
534201,13550,2010-11-21 15:24:00
534202,14282,2010-11-21 15:27:00
534203,14583,2010-11-21 15:28:00
534204,15634,2010-11-21 15:30:00
534205,15579,2010-11-21 15:38:00
534208,18084,2010-11-21 15:47:00
534209,14146,2010-11-21 15:55:00
534210,18069,2010-11-21 15:56:00
534211,13050,2010-11-21 15:56:00
534212,13069,2010-11-21 15:58:00
534213,16710,2010-11-21 15:58:00
534214,16619,2010-11-21 16:02:00
534215,16600,2010-11-21 16:04:00
534216,14606,2010-11-21 16:08:00
534217,13658,2010-11-21 16:10:00
534218,17402,2010-11-21 16:11:00
534219,13230,2010-11-21 16:13:00
534220,15114,2010-11-21 16:14:00
534221,16049,2010-11-21 16:15:00
534222,14134,2010-11-22 08:09:00
534223,13577,2010-11-22 08:11:00
534224,15377,2010-11-22 08:54:00
534225,15377,2010-11-22 08:55:00
534227,14756,2010-11-22 09:22:00
534228,18210,2010-11-22 09:39:00
534229,17696,2010-11-22 09:55:00
534230,16156,2010-11-22 09:57:00
534232,17782,2010-11-22 10:03:00
534233,14911,2010-11-22 10:06:00
534234,16905,2010-11-22 10:22:00
534235,13086,2010-11-22 10:28:00
534236,13936,2010-11-22 10:34:00
534237,13748,2010-11-22 10:38:00
534238,17730,2010-11-22 10:41:00
534239,17251,2010-11-22 10:42:00
534240,17491,2010-11-22 10:42:00
534242,17029,2010-11-22 10:46:00
534244,16972,2010-11-22 10:59:00
534257,14419,2010-11-22 11:09:00
534270,17782,2010-11-22 11:15:00
534279,13426,2010-11-22 11:22:00
534285,16424,2010-11-22 11:24:00
534305,17491,2010-11-22 11:32:00
534321,15039,2010-11-22 11:37:00
534327,16005,2010-11-22 11:39:00
534346,18287,2010-11-22 11:51:00
534347,15024,2010-11-22 11:52:00
534361,16252,2010-11-22 11:57:00
534362,16200,2010-11-22 11:57:00
534364,12681,2010-11-22 11:58:00
534366,16043,2010-11-22 11:59:00
534368,12841,2010-11-22 11:59:00
534371,15525,2010-11-22 12:10:00
534374,17730,2010-11-22 12:26:00
534375,14134,2010-11-22 12:26:00
534376,16430,2010-11-22 12:27:00
534377,16725,2010-11-22 12:31:00
534378,14461,2010-11-22 12:33:00
534379,14646,2010-11-22 12:36:00
534380,17238,2010-11-22 12:38:00
534381,14646,2010-11-22 12:39:00
534382,14585,2010-11-22 12:44:00
534383,14527,2010-11-22 12:53:00
534384,18145,2010-11-22 12:55:00
534385,16083,2010-11-22 12:55:00
534387,12649,2010-11-22 12:57:00
534388,14994,2010-11-22 12:59:00
534391,15169,2010-11-22 13:04:00
534392,12633,2010-11-22 13:09:00
534393,16013,2010-11-22 13:09:00
534394,13571,2010-11-22 13:09:00
534395,16013,2010-11-22 13:12:00
534396,15497,2010-11-22 13:15:00
534397,16008,2010-11-22 13:22:00
534398,13889,2010-11-22 13:25:00
534399,15570,2010-11-22 13:30:00
534400,12843,2010-11-22 13:31:00
534401,16765,2010-11-22 13:42:00
534402,14825,2010-11-22 13:48:00
534403,14649,2010-11-22 13:59:00
534404,14048,2010-11-22 14:08:00
534405,17690,2010-11-22 14:17:00
534406,14048,2010-11-22 14:21:00
534407,16011,2010-11-22 14:27:00
534409,16996,2010-11-22 14:33:00
534410,16812,2010-11-22 14:36:00
534411,16209,2010-11-22 14:39:00
534412,17757,2010-11-22 14:44:00
534413,18144,2010-11-22 14:47:00
534414,15590,2010-11-22 14:49:00
534432,18283,2010-11-22 15:01:00
534438,17894,2010-11-22 15:08:00
534439,16221,2010-11-22 15:11:00
534440,15133,2010-11-22 15:16:00
534441,13643,2010-11-22 15:19:00
534443,14327,2010-11-22 15:24:00
534444,14478,2010-11-22 15:29:00
534445,18283,2010-11-22 15:30:00
534446,15602,2010-11-22 15:38:00
534447,12949,2010-11-22 15:45:00
534448,16373,2010-11-22 15:50:00
534449,17179,2010-11-22 15:52:00
534450,12393,2010-11-22 16:10:00
534451,16239,2010-11-22 16:27:00
534452,17995,2010-11-22 16:34:00
534453,17713,2010-11-22 16:50:00
534454,17655,2010-11-22 17:11:00
534455,13546,2010-11-22 17:33:00
534456,14282,2010-11-23 07:12:00
534457,14926,2010-11-23 07:13:00
534458,14057,2010-11-23 08:38:00
534460,15261,2010-11-23 09:13:00
534461,16935,2010-11-23 09:16:00
534462,13651,2010-11-23 09:44:00
534464,15986,2010-11-23 10:02:00
534465,16821,2010-11-23 10:04:00
534466,13269,2010-11-23 10:05:00
534467,13269,2010-11-23 10:06:00
534468,17044,2010-11-23 10:15:00
534469,17044,2010-11-23 10:15:00
534470,18006,2010-11-23 10:22:00
534471,17422,2010-11-23 10:24:00
534472,17126,2010-11-23 10:27:00
534473,15730,2010-11-23 10:41:00
534474,13199,2010-11-23 10:44:00
534489,12880,2010-11-23 10:50:00
534497,17811,2010-11-23 11:00:00
534499,17372,2010-11-23 11:12:00
534500,17290,2010-11-23 11:13:00
534501,18055,2010-11-23 11:26:00
534504,14555,2010-11-23 11:35:00
534505,17870,2010-11-23 11:39:00
534506,12849,2010-11-23 11:41:00
534507,17841,2010-11-23 11:43:00
534508,17458,2010-11-23 11:43:00
534509,18055,2010-11-23 11:44:00
534510,17237,2010-11-23 11:45:00
534511,17071,2010-11-23 11:47:00
534512,14679,2010-11-23 11:51:00
534513,17975,2010-11-23 11:52:00
534515,17570,2010-11-23 11:56:00
534516,15235,2010-11-23 12:00:00
534517,16229,2010-11-23 12:01:00
534518,16155,2010-11-23 12:01:00
534521,17872,2010-11-23 12:02:00
534524,16155,2010-11-23 12:03:00
534526,15384,2010-11-23 12:04:00
534531,17227,2010-11-23 12:05:00
534539,17098,2010-11-23 12:13:00
534543,13602,2010-11-23 12:14:00
534555,17508,2010-11-23 12:22:00
534563,18203,2010-11-23 12:25:00
534569,12805,2010-11-23 12:27:00
534579,14606,2010-11-23 12:32:00
534583,15291,2010-11-23 12:33:00
534605,15311,2010-11-23 12:42:00
534623,15506,2010-11-23 12:48:00
534630,13569,2010-11-23 12:54:00
534631,18047,2010-11-23 12:57:00
534633,12573,2010-11-23 13:01:00
534635,16938,2010-11-23 13:01:00
534637,14987,2010-11-23 13:01:00
534640,13089,2010-11-23 13:02:00
534643,13089,2010-11-23 13:04:00
534644,13089,2010-11-23 13:04:00
534645,15719,2010-11-23 13:07:00
534646,18047,2010-11-23 13:11:00
534648,16019,2010-11-23 13:14:00
534649,16775,2010-11-23 13:15:00
534650,14176,2010-11-23 13:21:00
534651,17974,2010-11-23 13:24:00
534652,14170,2010-11-23 13:26:00
534653,12897,2010-11-23 13:29:00
534655,17165,2010-11-23 13:35:00
534656,13869,2010-11-23 13:36:00
534657,14252,2010-11-23 13:36:00
534658,18118,2010-11-23 13:36:00
534659,12434,2010-11-23 13:38:00
534660,14849,2010-11-23 13:46:00
534661,17309,2010-11-23 13:47:00
534662,14898,2010-11-23 13:47:00
534664,14849,2010-11-23 13:49:00
534665,14051,2010-11-23 13:52:00
534667,14911,2010-11-23 13:57:00
534668,14911,2010-11-23 13:59:00
534669,12577,2010-11-23 13:59:00
534670,12577,2010-11-23 14:06:00
534671,17766,2010-11-23 14:17:00
534672,14177,2010-11-23 14:23:00
534673,12748,2010-11-23 14:28:00
534674,17766,2010-11-23 14:29:00
534676,12748,2010-11-23 14:36:00
534679,14755,2010-11-23 14:42:00
534680,17442,2010-11-23 14:46:00
534681,13451,2010-11-23 14:50:00
534683,16430,2010-11-23 14:53:00
534684,15134,2010-11-23 14:59:00
534685,15864,2010-11-23 15:02:00
534686,13181,2010-11-23 15:05:00
534687,13077,2010-11-23 15:07:00
534690,13211,2010-11-23 15:17:00
534691,12971,2010-11-23 15:18:00
534692,12971,2010-11-23 15:18:00
534693,14332,2010-11-23 15:24:00
534694,16531,2010-11-23 15:33:00
534696,12599,2010-11-23 15:49:00
534697,17700,2010-11-23 15:55:00
534699,14798,2010-11-23 15:59:00
534700,12889,2010-11-23 16:08:00
534701,15808,2010-11-23 16:08:00
534702,14972,2010-11-23 16:17:00
534703,12662,2010-11-23 16:18:00
534704,16003,2010-11-23 16:30:00
534705,16242,2010-11-23 16:40:00
534706,16242,2010-11-23 16:41:00
534707,13089,2010-11-23 16:41:00
534708,13078,2010-11-23 16:49:00
534710,16437,2010-11-23 16:59:00
534711,16001,2010-11-23 17:10:00
534712,14202,2010-11-23 17:13:00
534713,17576,2010-11-23 17:21:00
534714,15965,2010-11-23 17:31:00
534715,17598,2010-11-23 17:43:00
534716,16684,2010-11-23 17:43:00
534718,13843,2010-11-23 17:48:00
534719,14154,2010-11-23 17:51:00
534720,14154,2010-11-23 17:53:00
534721,15660,2010-11-23 18:11:00
534722,13468,2010-11-23 18:12:00
534723,17675,2010-11-23 18:14:00
534724,15951,2010-11-23 18:20:00
534726,14156,2010-11-23 18:41:00
534728,15189,2010-11-23 18:47:00
534730,16357,2010-11-23 18:52:00
534737,15061,2010-11-23 19:20:00
534738,12377,2010-11-23 19:24:00
534739,16316,2010-11-24 08:35:00
534740,13310,2010-11-24 09:14:00
534741,12908,2010-11-24 09:29:00
534742,17744,2010-11-24 09:34:00
534743,17894,2010-11-24 09:37:00
534744,14291,2010-11-24 09:46:00
534745,14291,2010-11-24 09:47:00
534746,17504,2010-11-24 09:49:00
534749,14861,2010-11-24 09:51:00
534753,17990,2010-11-24 09:57:00
534758,12931,2010-11-24 10:07:00
534759,17675,2010-11-24 10:09:00
534760,12931,2010-11-24 10:09:00
534761,17377,2010-11-24 10:10:00
534762,14543,2010-11-24 10:20:00
534763,17511,2010-11-24 10:21:00
534764,15173,2010-11-24 10:21:00
534765,15555,2010-11-24 10:25:00
534766,12868,2010-11-24 10:27:00
534767,16125,2010-11-24 10:30:00
534768,13767,2010-11-24 10:31:00
534769,15358,2010-11-24 10:34:00
534770,15358,2010-11-24 10:35:00
534772,16717,2010-11-24 10:50:00
534773,16717,2010-11-24 10:51:00
534774,15838,2010-11-24 11:03:00
534775,17633,2010-11-24 11:06:00
534776,13750,2010-11-24 11:07:00
534777,15100,2010-11-24 11:08:00
534779,12970,2010-11-24 11:13:00
534780,12970,2010-11-24 11:15:00
534783,14861,2010-11-24 11:18:00
534786,15854,2010-11-24 11:21:00
534788,16782,2010-11-24 11:25:00
534793,13694,2010-11-24 11:42:00
534794,15984,2010-11-24 11:47:00
534797,16016,2010-11-24 11:51:00
534799,14350,2010-11-24 12:01:00
534800,17019,2010-11-24 12:04:00
534801,14673,2010-11-24 12:06:00
534802,12939,2010-11-24 12:13:00
534804,12356,2010-11-24 12:24:00
534805,18193,2010-11-24 12:25:00
534807,14667,2010-11-24 12:32:00
534808,14552,2010-11-24 12:36:00
534809,14692,2010-11-24 12:40:00
534810,14045,2010-11-24 12:40:00
534811,16931,2010-11-24 12:42:00
534812,14458,2010-11-24 12:43:00
534813,17069,2010-11-24 12:44:00
534814,16794,2010-11-24 12:45:00
534816,16839,2010-11-24 12:49:00
534818,18116,2010-11-24 12:52:00
534820,14988,2010-11-24 12:53:00
534821,17069,2010-11-24 12:53:00
534822,12970,2010-11-24 12:54:00
534830,17315,2010-11-24 13:01:00
534832,15279,2010-11-24 13:03:00
534835,12970,2010-11-24 13:08:00
534836,15984,2010-11-24 13:08:00
534839,15889,2010-11-24 13:13:00
534840,18109,2010-11-24 13:15:00
534841,15572,2010-11-24 13:16:00
534842,15262,2010-11-24 13:21:00
534843,16292,2010-11-24 13:21:00
534844,16409,2010-11-24 13:25:00
534846,13823,2010-11-24 13:32:00
534847,14646,2010-11-24 13:34:00
534848,13623,2010-11-24 13:36:00
534851,14409,2010-11-24 13:41:00
534854,16065,2010-11-24 13:49:00
534856,14868,2010-11-24 13:53:00
534857,13663,2010-11-24 13:55:00
534858,16065,2010-11-24 13:55:00
534860,15271,2010-11-24 13:57:00
534861,18076,2010-11-24 14:02:00
534862,15194,2010-11-24 14:08:00
534864,13495,2010-11-24 14:13:00
534865,15356,2010-11-24 14:14:00
534866,16085,2010-11-24 14:21:00
534869,13952,2010-11-24 14:29:00
534870,17601,2010-11-24 14:29:00
534873,14060,2010-11-24 14:35:00
534875,14060,2010-11-24 14:36:00
534876,16699,2010-11-24 14:38:00
534877,15471,2010-11-24 14:39:00
534879,16489,2010-11-24 14:40:00
534882,13686,2010-11-24 14:44:00
534884,16422,2010-11-24 14:47:00
534885,15509,2010-11-24 14:48:00
534887,16903,2010-11-24 14:55:00
534888,13854,2010-11-24 14:56:00
534889,15030,2010-11-24 14:57:00
534890,16204,2010-11-24 15:03:00
534894,13554,2010-11-24 15:05:00
534900,17402,2010-11-24 15:08:00
534902,17349,2010-11-24 15:09:00
534914,15476,2010-11-24 15:17:00
534934,12913,2010-11-24 15:23:00
534935,17920,2010-11-24 15:23:00
534943,16128,2010-11-24 15:26:00
534944,14623,2010-11-24 15:26:00
534946,17998,2010-11-24 15:31:00
534948,15269,2010-11-24 15:31:00
534956,13277,2010-11-24 15:34:00
534959,13162,2010-11-24 15:35:00
534980,13992,2010-11-24 15:42:00
535014,14257,2010-11-24 16:00:00
535016,14013,2010-11-24 16:16:00
535017,13102,2010-11-24 16:16:00
535018,17017,2010-11-24 16:16:00
535019,17017,2010-11-24 16:18:00
535037,13654,2010-11-24 16:41:00
535040,14127,2010-11-24 16:56:00
535041,15902,2010-11-24 16:57:00
535066,12933,2010-11-24 17:11:00
535077,14820,2010-11-24 17:15:00
535078,16401,2010-11-25 08:20:00
535079,15661,2010-11-25 08:21:00
535080,13767,2010-11-25 08:32:00
535081,16233,2010-11-25 09:19:00
535082,16988,2010-11-25 09:22:00
535083,14961,2010-11-25 09:46:00
535084,14796,2010-11-25 09:46:00
535085,12839,2010-11-25 09:48:00
535086,14560,2010-11-25 09:50:00
535088,17167,2010-11-25 10:05:00
535089,13089,2010-11-25 10:08:00
535090,13958,2010-11-25 10:11:00
535091,14304,2010-11-25 10:20:00
535092,13987,2010-11-25 10:20:00
535094,16086,2010-11-25 10:27:00
535095,15287,2010-11-25 10:29:00
535096,15728,2010-11-25 10:39:00
535097,16293,2010-11-25 10:41:00
535100,14540,2010-11-25 10:51:00
535101,13258,2010-11-25 10:54:00
535102,17996,2010-11-25 11:00:00
535103,13993,2010-11-25 11:03:00
535104,16684,2010-11-25 11:04:00
535105,12360,2010-11-25 11:04:00
535106,17342,2010-11-25 11:07:00
535107,14680,2010-11-25 11:17:00
535108,14963,2010-11-25 11:19:00
535113,14709,2010-11-25 11:28:00
535114,17633,2010-11-25 11:28:00
535124,13851,2010-11-25 11:34:00
535131,14733,2010-11-25 11:38:00
535139,15271,2010-11-25 11:40:00
535173,13113,2010-11-25 11:55:00
535181,15084,2010-11-25 11:58:00
535182,14450,2010-11-25 11:58:00
535187,18087,2010-11-25 12:00:00
535192,13767,2010-11-25 12:02:00
535195,14907,2010-11-25 12:03:00
535196,14907,2010-11-25 12:04:00
535204,12971,2010-11-25 12:13:00
535215,16354,2010-11-25 12:18:00
535221,12748,2010-11-25 12:21:00
535227,15291,2010-11-25 12:23:00
535228,16013,2010-11-25 12:24:00
535229,14625,2010-11-25 12:25:00
535231,12910,2010-11-25 12:27:00
535235,16709,2010-11-25 12:28:00
535240,18025,2010-11-25 12:33:00
535241,16515,2010-11-25 12:34:00
535242,15311,2010-11-25 12:35:00
535243,13089,2010-11-25 12:36:00
535244,18025,2010-11-25 12:37:00
535245,14527,2010-11-25 12:39:00
535247,14824,2010-11-25 12:40:00
535248,13319,2010-11-25 12:46:00
535249,13319,2010-11-25 12:47:00
535250,15987,2010-11-25 12:56:00
535251,16570,2010-11-25 13:03:00
535252,17457,2010-11-25 13:05:00
535253,16874,2010-11-25 13:08:00
535254,14721,2010-11-25 13:08:00
535255,17720,2010-11-25 13:10:00
535257,15044,2010-11-25 13:13:00
535258,16612,2010-11-25 13:14:00
535259,17068,2010-11-25 13:18:00
535260,15021,2010-11-25 13:20:00
535261,13798,2010-11-25 13:21:00
535262,13798,2010-11-25 13:25:00
535263,14710,2010-11-25 13:29:00
535264,15020,2010-11-25 13:29:00
535265,13381,2010-11-25 13:30:00
535266,14159,2010-11-25 13:32:00
535267,14487,2010-11-25 13:36:00
535268,12841,2010-11-25 13:38:00
535269,14597,2010-11-25 13:38:00
535270,16126,2010-11-25 13:41:00
535271,15967,2010-11-25 13:42:00
535272,15495,2010-11-25 13:46:00
535273,17989,2010-11-25 13:49:00
535274,14415,2010-11-25 13:51:00
535275,16711,2010-11-25 13:53:00
535277,14680,2010-11-25 14:02:00
535278,14431,2010-11-25 14:03:00
535282,14099,2010-11-25 14:17:00
535283,14443,2010-11-25 14:18:00
535285,15755,2010-11-25 14:25:00
535288,17640,2010-11-25 14:27:00
535297,17882,2010-11-25 14:35:00
535306,17882,2010-11-25 14:40:00
535308,13102,2010-11-25 14:44:00
535310,17920,2010-11-25 14:47:00
535311,12939,2010-11-25 14:50:00
535312,13280,2010-11-25 14:51:00
535313,15514,2010-11-25 14:53:00
535314,13573,2010-11-25 14:54:00
535315,13019,2010-11-25 14:56:00
535316,16954,2010-11-25 14:57:00
535317,16231,2010-11-25 15:00:00
535318,13573,2010-11-25 15:01:00
535319,13458,2010-11-25 15:02:00
535320,15681,2010-11-25 15:07:00
535321,12385,2010-11-25 15:14:00
535324,14482,2010-11-25 15:26:00
535325,16558,2010-11-25 15:36:00
535326,16043,2010-11-25 15:40:00
535328,17888,2010-11-25 15:52:00
535329,14608,2010-11-25 15:52:00
535330,13534,2010-11-25 15:54:00
535331,14496,2010-11-25 15:55:00
535332,18161,2010-11-25 15:55:00
535334,15961,2010-11-25 15:59:00
535336,13626,2010-11-25 16:12:00
535338,13911,2010-11-25 16:16:00
535341,13995,2010-11-25 16:31:00
535342,14627,2010-11-25 16:32:00
535343,16812,2010-11-25 16:33:00
535344,15266,2010-11-25 16:36:00
535345,15936,2010-11-25 16:39:00
535346,12961,2010-11-25 16:44:00
535348,15051,2010-11-25 16:46:00
535349,18245,2010-11-25 16:52:00
535350,18245,2010-11-25 16:52:00
535351,15785,2010-11-25 16:54:00
535353,15785,2010-11-25 16:55:00
535354,17556,2010-11-25 17:00:00
535355,15422,2010-11-25 17:00:00
535365,13824,2010-11-25 17:33:00
535366,14264,2010-11-25 17:42:00
535367,12863,2010-11-25 17:47:00
535368,17080,2010-11-25 17:55:00
535369,15712,2010-11-25 18:04:00
535370,13394,2010-11-25 18:08:00
535371,16042,2010-11-25 18:14:00
535372,16042,2010-11-25 18:16:00
535374,14766,2010-11-25 18:21:00
535375,13090,2010-11-25 18:24:00
535376,13115,2010-11-25 18:49:00
535377,15144,2010-11-25 18:49:00
535378,15144,2010-11-25 18:50:00
535379,15796,2010-11-25 18:56:00
535380,16062,2010-11-25 19:06:00
535381,14713,2010-11-25 19:16:00
535382,17921,2010-11-25 19:24:00
535384,14702,2010-11-25 19:32:00
535385,15518,2010-11-25 19:36:00
535386,17612,2010-11-25 19:41:00
535387,15210,2010-11-26 09:09:00
535388,12811,2010-11-26 09:49:00
535389,12681,2010-11-26 09:51:00
535391,14156,2010-11-26 10:14:00
535392,17790,2010-11-26 10:19:00
535393,16812,2010-11-26 10:24:00
535394,15347,2010-11-26 10:25:00
535395,15793,2010-11-26 10:36:00
535396,12540,2010-11-26 10:43:00
535397,14306,2010-11-26 10:44:00
535398,18031,2010-11-26 11:00:00
535399,15550,2010-11-26 11:01:00
535400,15550,2010-11-26 11:08:00
535402,15550,2010-11-26 11:14:00
535408,14934,2010-11-26 11:24:00
535409,14507,2010-11-26 11:24:00
535412,16899,2010-11-26 11:28:00
535414,18118,2010-11-26 11:36:00
535415,16779,2010-11-26 11:36:00
535416,14312,2010-11-26 11:40:00
535417,14821,2010-11-26 11:45:00
535418,17377,2010-11-26 11:47:00
535419,12668,2010-11-26 11:48:00
535421,13555,2010-11-26 11:50:00
535422,15638,2010-11-26 11:52:00
535423,17283,2010-11-26 11:53:00
535424,12651,2010-11-26 11:58:00
535425,17796,2010-11-26 12:00:00
535426,15024,2010-11-26 12:03:00
535427,15872,2010-11-26 12:05:00
535429,16138,2010-11-26 12:13:00
535430,12594,2010-11-26 12:17:00
535431,12474,2010-11-26 12:19:00
535433,12483,2010-11-26 12:35:00
535434,14911,2010-11-26 12:41:00
535437,15903,2010-11-26 12:44:00
535449,17516,2010-11-26 12:50:00
535457,15028,2010-11-26 12:56:00
535463,12538,2010-11-26 13:02:00
535464,17999,2010-11-26 13:16:00
535465,16254,2010-11-26 13:22:00
535466,16262,2010-11-26 13:22:00
535467,15081,2010-11-26 13:26:00
535468,16226,2010-11-26 13:36:00
535470,12971,2010-11-26 13:49:00
535471,17952,2010-11-26 13:49:00
535472,12637,2010-11-26 13:50:00
535473,17952,2010-11-26 13:54:00
535474,16928,2010-11-26 13:56:00
535475,17817,2010-11-26 14:09:00
535476,12490,2010-11-26 14:16:00
535477,17888,2010-11-26 14:16:00
535478,17757,2010-11-26 14:22:00
535488,12976,2010-11-26 14:51:00
535490,15301,2010-11-26 14:53:00
535493,15301,2010-11-26 14:54:00
535531,17841,2010-11-26 15:16:00
535534,17031,2010-11-26 15:17:00
535536,17548,2010-11-26 15:19:00
535565,18230,2010-11-26 15:33:00
535571,16904,2010-11-26 15:36:00
535573,16168,2010-11-26 15:36:00
535576,12865,2010-11-26 15:37:00
535582,16904,2010-11-26 15:43:00
535583,16010,2010-11-26 15:47:00
535584,14135,2010-11-26 15:49:00
535585,18226,2010-11-26 15:51:00
535586,12928,2010-11-26 15:53:00
535587,13891,2010-11-26 15:57:00
535588,15914,2010-11-26 16:09:00
535589,15914,2010-11-26 16:10:00
535590,17218,2010-11-26 16:20:00
535591,16825,2010-11-26 16:22:00
535592,15281,2010-11-26 16:31:00
535593,13362,2010-11-26 16:38:00
535594,17858,2010-11-26 16:44:00
535615,15856,2010-11-26 17:00:00
535633,14031,2010-11-26 17:25:00
535639,17243,2010-11-28 10:18:00
535641,15465,2010-11-28 10:23:00
535642,14618,2010-11-28 10:24:00
535644,17343,2010-11-28 10:33:00
535645,15860,2010-11-28 10:41:00
535646,15854,2010-11-28 10:42:00
535647,15058,2010-11-28 10:42:00
535648,15212,2010-11-28 10:45:00
535650,15580,2010-11-28 11:00:00
535652,13485,2010-11-28 11:02:00
535653,13485,2010-11-28 11:04:00
535654,17580,2010-11-28 11:08:00
535655,15059,2010-11-28 11:14:00
535656,16010,2010-11-28 11:19:00
535657,14527,2010-11-28 11:20:00
535658,13542,2010-11-28 11:24:00
535659,16422,2010-11-28 11:26:00
535660,17150,2010-11-28 11:27:00
535661,13069,2010-11-28 11:33:00
535662,16782,2010-11-28 11:37:00
535664,13884,2010-11-28 11:45:00
535665,17085,2010-11-28 11:49:00
535666,12621,2010-11-28 11:52:00
535667,16784,2010-11-28 11:57:00
535668,15446,2010-11-28 11:59:00
535669,13758,2010-11-28 12:03:00
535670,15834,2010-11-28 12:03:00
535672,15834,2010-11-28 12:05:00
535673,16133,2010-11-28 12:07:00
535674,16133,2010-11-28 12:08:00
535675,16985,2010-11-28 12:12:00
535676,15037,2010-11-28 12:14:00
535677,14546,2010-11-28 12:15:00
535679,15625,2010-11-28 12:23:00
535680,17001,2010-11-28 12:25:00
535681,15850,2010-11-28 12:32:00
535682,16848,2010-11-28 12:37:00
535683,16848,2010-11-28 12:38:00
535684,16359,2010-11-28 12:49:00
535685,16983,2010-11-28 12:54:00
535704,15037,2010-11-28 13:05:00
535717,17045,2010-11-28 13:09:00
535722,17607,2010-11-28 13:11:00
535748,14508,2010-11-28 13:21:00
535749,17358,2010-11-28 13:21:00
535760,14454,2010-11-28 13:26:00
535774,16421,2010-11-28 13:31:00
535775,16033,2010-11-28 13:40:00
535776,17289,2010-11-28 13:40:00
535777,13735,2010-11-28 13:43:00
535780,13435,2010-11-28 13:51:00
535782,13118,2010-11-28 13:53:00
535783,15547,2010-11-28 13:56:00
535784,17804,2010-11-28 14:01:00
535785,16455,2010-11-28 14:08:00
535786,14878,2010-11-28 14:13:00
535787,13295,2010-11-28 14:14:00
535788,16595,2010-11-28 14:15:00
535789,12605,2010-11-28 14:18:00
535790,17368,2010-11-28 14:28:00
535791,13230,2010-11-28 14:28:00
535794,12481,2010-11-28 14:33:00
535795,13634,2010-11-28 14:40:00
535796,17322,2010-11-28 14:41:00
535797,16287,2010-11-28 14:43:00
535798,17841,2010-11-28 14:49:00
535799,16720,2010-11-28 14:49:00
535801,14014,2010-11-28 14:56:00
535802,14030,2010-11-28 14:57:00
535803,14410,2010-11-28 14:57:00
535805,15583,2010-11-28 15:04:00
535806,18260,2010-11-28 15:06:00
535807,18003,2010-11-28 15:09:00
535809,17368,2010-11-28 15:12:00
535810,16893,2010-11-28 15:14:00
535811,15532,2010-11-28 15:18:00
535812,14217,2010-11-28 15:18:00
535813,14030,2010-11-28 15:19:00
535814,16987,2010-11-28 15:24:00
535815,16356,2010-11-28 15:25:00
535816,14986,2010-11-28 15:25:00
535817,18116,2010-11-28 15:31:00
535818,13254,2010-11-28 15:42:00
535819,18061,2010-11-28 15:45:00
535820,17364,2010-11-28 15:47:00
535821,17707,2010-11-28 15:52:00
535822,17987,2010-11-28 16:04:00
535823,16928,2010-11-28 16:08:00
535824,17802,2010-11-28 16:09:00
535825,13946,2010-11-28 16:21:00
535826,14915,2010-11-29 08:23:00
535827,16235,2010-11-29 09:22:00
535828,12996,2010-11-29 09:27:00
535831,12767,2010-11-29 09:38:00
535832,17547,2010-11-29 09:41:00
535834,17722,2010-11-29 09:44:00
535836,12678,2010-11-29 09:55:00
535837,12600,2010-11-29 10:02:00
535838,12352,2010-11-29 10:07:00
535839,13408,2010-11-29 10:11:00
535842,14344,2010-11-29 10:19:00
535844,14119,2010-11-29 10:33:00
535845,17723,2010-11-29 10:35:00
535847,17865,2010-11-29 10:37:00
535851,16545,2010-11-29 10:39:00
535875,15747,2010-11-29 10:50:00
535879,12358,2010-11-29 10:56:00
535880,18002,2010-11-29 10:57:00
535881,15404,2010-11-29 11:03:00
535883,15540,2010-11-29 11:10:00
535902,17389,2010-11-29 11:24:00
535907,17389,2010-11-29 11:26:00
535912,16191,2010-11-29 11:26:00
535932,13590,2010-11-29 11:40:00
535937,16191,2010-11-29 11:45:00
535940,16005,2010-11-29 11:48:00
535944,17237,2010-11-29 11:51:00
535945,17671,2010-11-29 11:53:00
535946,17345,2010-11-29 11:54:00
535949,13113,2010-11-29 12:02:00
535950,15989,2010-11-29 12:03:00
535953,15039,2010-11-29 12:13:00
535954,17526,2010-11-29 12:17:00
535956,17756,2010-11-29 12:20:00
535957,13510,2010-11-29 12:26:00
535958,16161,2010-11-29 12:33:00
535959,15498,2010-11-29 12:35:00
535960,12523,2010-11-29 12:35:00
535961,18034,2010-11-29 12:36:00
535962,15498,2010-11-29 12:36:00
535963,12748,2010-11-29 12:36:00
535964,13136,2010-11-29 12:42:00
535965,16458,2010-11-29 12:42:00
535966,13136,2010-11-29 12:43:00
535967,14510,2010-11-29 12:46:00
535974,16413,2010-11-29 12:49:00
535978,17049,2010-11-29 13:00:00
535979,14099,2010-11-29 13:03:00
535980,14243,2010-11-29 13:09:00
535981,18109,2010-11-29 13:09:00
535982,14170,2010-11-29 13:10:00
535984,16131,2010-11-29 13:17:00
535985,16131,2010-11-29 13:18:00
535987,16131,2010-11-29 13:20:00
535988,14646,2010-11-29 13:21:00
535989,14646,2010-11-29 13:25:00
535990,14646,2010-11-29 13:27:00
535991,16194,2010-11-29 13:28:00
535992,14298,2010-11-29 13:35:00
535993,12870,2010-11-29 13:42:00
535994,15311,2010-11-29 13:44:00
535995,15026,2010-11-29 13:50:00
535996,17912,2010-11-29 13:53:00
535997,12935,2010-11-29 13:55:00
535998,16923,2010-11-29 13:59:00
536000,14606,2010-11-29 14:13:00
536001,17814,2010-11-29 14:21:00
536002,16355,2010-11-29 14:21:00
536003,16049,2010-11-29 14:36:00
536006,17019,2010-11-29 14:38:00
536008,17043,2010-11-29 15:06:00
536009,12415,2010-11-29 15:07:00
536010,16592,2010-11-29 15:18:00
536011,16592,2010-11-29 15:19:00
536012,12351,2010-11-29 15:23:00
536013,17673,2010-11-29 15:26:00
536014,13798,2010-11-29 15:26:00
536016,17315,2010-11-29 15:36:00
536017,15005,2010-11-29 15:39:00
536018,17368,2010-11-29 15:48:00
536019,14911,2010-11-29 15:49:00
536020,14113,2010-11-29 15:53:00
536021,14329,2010-11-29 15:53:00
536022,16094,2010-11-29 15:54:00
536024,17338,2010-11-29 16:13:00
536025,13881,2010-11-29 16:24:00
536026,16556,2010-11-29 16:25:00
536027,17090,2010-11-29 16:31:00
536028,15555,2010-11-29 16:32:00
536029,15649,2010-11-29 16:34:00
536030,15828,2010-11-29 16:41:00
536035,14733,2010-11-29 16:56:00
536036,15950,2010-11-29 17:00:00
536038,14130,2010-11-29 17:11:00
536039,17223,2010-11-29 17:19:00
536040,17050,2010-11-29 17:20:00
536041,17468,2010-11-29 17:25:00
536042,13955,2010-11-29 17:35:00
536044,13655,2010-11-30 08:24:00
536045,16525,2010-11-30 08:57:00
536046,13985,2010-11-30 08:58:00
536047,13029,2010-11-30 08:59:00
536049,15382,2010-11-30 09:44:00
536050,16500,2010-11-30 09:46:00
536051,15382,2010-11-30 09:46:00
536052,13999,2010-11-30 09:46:00
536053,15392,2010-11-30 09:50:00
536054,17739,2010-11-30 09:52:00
536055,17631,2010-11-30 10:02:00
536057,16817,2010-11-30 10:10:00
536058,14414,2010-11-30 10:12:00
536059,13767,2010-11-30 10:22:00
536060,16122,2010-11-30 10:25:00
536061,13481,2010-11-30 10:32:00
536063,15796,2010-11-30 10:40:00
536064,14422,2010-11-30 10:43:00
536066,12586,2010-11-30 10:47:00
536067,17044,2010-11-30 10:48:00
536068,17090,2010-11-30 10:49:00
536072,17811,2010-11-30 10:56:00
536073,15199,2010-11-30 10:56:00
536074,14062,2010-11-30 11:00:00
536075,12734,2010-11-30 11:05:00
536076,14905,2010-11-30 11:07:00
536081,15329,2010-11-30 11:24:00
536088,16782,2010-11-30 11:30:00
536091,17754,2010-11-30 11:31:00
536112,12782,2010-11-30 11:37:00
536152,16223,2010-11-30 11:50:00
536157,15240,2010-11-30 11:51:00
536158,13634,2010-11-30 11:57:00
536161,18118,2010-11-30 12:05:00
536162,15939,2010-11-30 12:07:00
536166,18075,2010-11-30 12:09:00
536174,17428,2010-11-30 12:14:00
536177,17428,2010-11-30 12:15:00
536178,16499,2010-11-30 12:19:00
536179,16393,2010-11-30 12:21:00
536180,17389,2010-11-30 12:21:00
536182,18260,2010-11-30 12:25:00
536183,13802,2010-11-30 12:28:00
536184,17889,2010-11-30 12:28:00
536185,17889,2010-11-30 12:29:00
536186,12523,2010-11-30 12:31:00
536187,16350,2010-11-30 12:31:00
536188,14625,2010-11-30 12:33:00
536189,17889,2010-11-30 12:33:00
536190,14527,2010-11-30 12:43:00
536191,13890,2010-11-30 12:46:00
536193,13090,2010-11-30 12:48:00
536196,14841,2010-11-30 13:01:00
536197,13444,2010-11-30 13:02:00
536199,18039,2010-11-30 13:07:00
536200,13050,2010-11-30 13:09:00
536204,15750,2010-11-30 13:16:00
536205,13078,2010-11-30 13:18:00
536206,13450,2010-11-30 13:20:00
536207,17826,2010-11-30 13:23:00
536208,14865,2010-11-30 13:24:00
536209,15906,2010-11-30 13:26:00
536211,13021,2010-11-30 13:31:00
536213,18170,2010-11-30 13:33:00
536214,16600,2010-11-30 13:34:00
536216,14390,2010-11-30 13:41:00
536217,14390,2010-11-30 13:42:00
536218,15769,2010-11-30 13:46:00
536219,15769,2010-11-30 13:49:00
536223,13650,2010-11-30 13:55:00
536226,14605,2010-11-30 14:07:00
536233,15570,2010-11-30 14:15:00
536235,18101,2010-11-30 14:21:00
536238,14499,2010-11-30 14:28:00
536239,12471,2010-11-30 14:30:00
536240,12471,2010-11-30 14:33:00
536241,12471,2010-11-30 14:35:00
536243,15358,2010-11-30 14:42:00
536245,15358,2010-11-30 14:44:00
536246,15358,2010-11-30 14:44:00
536247,13199,2010-11-30 14:45:00
536248,12609,2010-11-30 14:48:00
536249,14092,2010-11-30 14:48:00
536251,15856,2010-11-30 14:49:00
536255,13267,2010-11-30 15:02:00
536257,13010,2010-11-30 15:09:00
536259,14021,2010-11-30 15:14:00
536260,13901,2010-11-30 15:21:00
536261,16353,2010-11-30 15:32:00
536262,14085,2010-11-30 15:33:00
536263,15160,2010-11-30 15:41:00
536264,15434,2010-11-30 15:46:00
536266,17170,2010-11-30 15:55:00
536267,15960,2010-11-30 15:57:00
536272,15867,2010-11-30 16:01:00
536281,12971,2010-11-30 16:06:00
536282,12971,2010-11-30 16:07:00
536307,17888,2010-11-30 16:17:00
536324,14646,2010-11-30 16:25:00
536325,13611,2010-11-30 16:26:00
536326,14646,2010-11-30 16:27:00
536329,14646,2010-11-30 16:28:00
536333,16473,2010-11-30 16:29:00
536345,13767,2010-11-30 16:37:00
536346,17812,2010-11-30 16:37:00
536353,17160,2010-11-30 17:43:00
536354,17820,2010-11-30 17:43:00
536355,14790,2010-11-30 17:45:00
536356,17298,2010-11-30 17:55:00
536357,17204,2010-11-30 17:56:00
536358,17204,2010-11-30 17:58:00
536359,17281,2010-11-30 18:05:00
536360,13693,2010-11-30 18:21:00
536361,17378,2010-11-30 18:46:00
536363,13093,2010-11-30 19:27:00
536364,14441,2010-11-30 19:35:00
536365,17850,2010-12-01 08:26:00
536366,17850,2010-12-01 08:28:00
536367,13047,2010-12-01 08:34:00
536368,13047,2010-12-01 08:34:00
536369,13047,2010-12-01 08:35:00
536370,12583,2010-12-01 08:45:00
536371,13748,2010-12-01 09:00:00
536372,17850,2010-12-01 09:01:00
536373,17850,2010-12-01 09:02:00
536374,15100,2010-12-01 09:09:00
536375,17850,2010-12-01 09:32:00
536376,15291,2010-12-01 09:32:00
536377,17850,2010-12-01 09:34:00
536378,14688,2010-12-01 09:37:00
536380,17809,2010-12-01 09:41:00
536381,15311,2010-12-01 09:41:00
536382,16098,2010-12-01 09:45:00
536384,18074,2010-12-01 09:53:00
536385,17420,2010-12-01 09:56:00
536386,16029,2010-12-01 09:57:00
536387,16029,2010-12-01 09:58:00
536388,16250,2010-12-01 09:59:00
536389,12431,2010-12-01 10:03:00
536390,17511,2010-12-01 10:19:00
536392,13705,2010-12-01 10:29:00
536393,13747,2010-12-01 10:37:00
536394,13408,2010-12-01 10:39:00
536395,13767,2010-12-01 10:47:00
536396,17850,2010-12-01 10:51:00
536397,17924,2010-12-01 10:51:00
536398,13448,2010-12-01 10:52:00
536399,17850,2010-12-01 10:52:00
536400,13448,2010-12-01 10:53:00
536401,15862,2010-12-01 11:21:00
536402,15513,2010-12-01 11:22:00
536403,12791,2010-12-01 11:27:00
536404,16218,2010-12-01 11:29:00
536405,14045,2010-12-01 11:32:00
536406,17850,2010-12-01 11:33:00
536407,17850,2010-12-01 11:34:00
536408,14307,2010-12-01 11:41:00
536409,17908,2010-12-01 11:45:00
536412,17920,2010-12-01 11:49:00
536415,12838,2010-12-01 11:57:00
536416,13255,2010-12-01 11:58:00
536420,16583,2010-12-01 12:03:00
536423,18085,2010-12-01 12:08:00
536425,13758,2010-12-01 12:08:00
536437,13694,2010-12-01 12:12:00
536446,15983,2010-12-01 12:15:00
536460,14849,2010-12-01 12:22:00
536463,14849,2010-12-01 12:22:00
536464,17968,2010-12-01 12:23:00
536466,14849,2010-12-01 12:23:00
536477,16210,2010-12-01 12:27:00
536488,17897,2010-12-01 12:31:00
536500,17377,2010-12-01 12:35:00
536502,16552,2010-12-01 12:36:00
536508,17181,2010-12-01 12:38:00
536514,17951,2010-12-01 12:40:00
536520,14729,2010-12-01 12:43:00
536521,12748,2010-12-01 12:48:00
536522,15012,2010-12-01 12:49:00
536523,12868,2010-12-01 12:50:00
536524,17572,2010-12-01 12:51:00
536525,14078,2010-12-01 12:54:00
536526,14001,2010-12-01 12:58:00
536527,12662,2010-12-01 13:04:00
536528,15525,2010-12-01 13:17:00
536529,14237,2010-12-01 13:20:00
536530,17905,2010-12-01 13:21:00
536531,15485,2010-12-01 13:23:00
536532,12433,2010-12-01 13:24:00
536533,16955,2010-12-01 13:31:00
536534,15350,2010-12-01 13:33:00
536535,15605,2010-12-01 13:38:00
536536,18144,2010-12-01 13:45:00
536537,15922,2010-12-01 13:51:00
536538,14594,2010-12-01 13:54:00
536539,15165,2010-12-01 14:03:00
536540,14911,2010-12-01 14:05:00
536541,14911,2010-12-01 14:05:00
536542,16456,2010-12-01 14:11:00
536551,17346,2010-12-01 14:34:00
536556,17643,2010-12-01 14:38:00
536557,17841,2010-12-01 14:41:00
536559,17873,2010-12-01 14:54:00
536560,13093,2010-12-01 15:00:00
536561,12921,2010-12-01 15:06:00
536562,13468,2010-12-01 15:08:00
536563,17760,2010-12-01 15:08:00
536564,13468,2010-12-01 15:08:00
536566,16928,2010-12-01 15:21:00
536567,16048,2010-12-01 15:27:00
536568,16048,2010-12-01 15:28:00
536569,16274,2010-12-01 15:35:00
536570,14496,2010-12-01 15:35:00
536571,14696,2010-12-01 15:37:00
536572,16539,2010-12-01 15:40:00
536573,17025,2010-12-01 15:45:00
536574,17025,2010-12-01 15:46:00
536575,13777,2010-12-01 16:01:00
536576,13777,2010-12-01 16:11:00
536577,13777,2010-12-01 16:13:00
536578,17690,2010-12-01 16:15:00
536579,13777,2010-12-01 16:16:00
536580,17690,2010-12-01 16:17:00
536581,13777,2010-12-01 16:19:00
536582,12947,2010-12-01 16:21:00
536583,13777,2010-12-01 16:21:00
536584,13777,2010-12-01 16:22:00
536585,17460,2010-12-01 16:24:00
536586,18229,2010-12-01 16:25:00
536587,14142,2010-12-01 16:33:00
536588,17069,2010-12-01 16:49:00
536590,13065,2010-12-01 16:52:00
536591,14606,2010-12-01 16:57:00
536593,16835,2010-12-01 17:15:00
536594,15235,2010-12-01 17:22:00
536595,13576,2010-12-01 17:24:00
536597,18011,2010-12-01 17:35:00
536598,13090,2010-12-02 07:48:00
536599,15694,2010-12-02 07:49:00
536600,17850,2010-12-02 08:32:00
536601,17850,2010-12-02 08:33:00
536602,17850,2010-12-02 08:34:00
536603,17850,2010-12-02 08:40:00
536604,14741,2010-12-02 08:43:00
536605,13715,2010-12-02 08:52:00
536607,17732,2010-12-02 09:29:00
536608,12855,2010-12-02 09:37:00
536609,17850,2010-12-02 09:41:00
536610,17850,2010-12-02 09:42:00
536611,15752,2010-12-02 09:43:00
536612,17850,2010-12-02 09:44:00
536613,17855,2010-12-02 09:44:00
536614,17850,2010-12-02 09:44:00
536615,14047,2010-12-02 10:09:00
536616,17925,2010-12-02 10:10:00
536617,13941,2010-12-02 10:17:00
536618,17017,2010-12-02 10:17:00
536619,17017,2010-12-02 10:18:00
536620,14135,2010-12-02 10:27:00
536621,13108,2010-12-02 10:35:00
536623,15601,2010-12-02 10:39:00
536624,13418,2010-12-02 10:45:00
536626,13418,2010-12-02 10:46:00
536627,15658,2010-12-02 10:53:00
536628,17850,2010-12-02 10:54:00
536629,17850,2010-12-02 10:55:00
536630,17850,2010-12-02 10:56:00
536631,17850,2010-12-02 10:58:00
536632,14388,2010-12-02 11:02:00
536633,14901,2010-12-02 11:20:00
536634,18041,2010-12-02 11:21:00
536635,15955,2010-12-02 11:22:00
536636,15070,2010-12-02 11:23:00
536637,18041,2010-12-02 11:35:00
536638,16244,2010-12-02 11:41:00
536639,15111,2010-12-02 11:45:00
536641,12748,2010-12-02 11:46:00
536643,14390,2010-12-02 11:57:00
536663,16546,2010-12-02 12:07:00
536667,15260,2010-12-02 12:09:00
536670,15260,2010-12-02 12:09:00
536671,13305,2010-12-02 12:10:00
536672,14491,2010-12-02 12:10:00
536673,14060,2010-12-02 12:11:00
536674,15923,2010-12-02 12:16:00
536676,16752,2010-12-02 12:18:00
536681,17287,2010-12-02 12:22:00
536685,17850,2010-12-02 12:23:00
536688,17850,2010-12-02 12:24:00
536690,17850,2010-12-02 12:25:00
536693,17850,2010-12-02 12:26:00
536698,15363,2010-12-02 12:28:00
536707,12915,2010-12-02 12:33:00
536732,15544,2010-12-02 12:47:00
536733,15738,2010-12-02 12:50:00
536735,17381,2010-12-02 12:58:00
536736,17381,2010-12-02 12:59:00
536738,15827,2010-12-02 13:06:00
536739,14180,2010-12-02 13:08:00
536740,15827,2010-12-02 13:08:00
536741,13117,2010-12-02 13:11:00
536742,16916,2010-12-02 13:14:00
536743,17964,2010-12-02 13:32:00
536744,14466,2010-12-02 13:36:00
536745,17235,2010-12-02 13:38:00
536746,16510,2010-12-02 13:39:00
536747,17802,2010-12-02 13:44:00
536748,15107,2010-12-02 13:45:00
536749,17976,2010-12-02 13:49:00
536750,17850,2010-12-02 14:04:00
536751,17850,2010-12-02 14:05:00
536752,17850,2010-12-02 14:06:00
536753,17850,2010-12-02 14:07:00
536754,14449,2010-12-02 14:09:00
536759,16781,2010-12-02 14:26:00
536761,13491,2010-12-02 14:30:00
536762,16186,2010-12-02 14:40:00
536763,17685,2010-12-02 14:42:00
536769,17581,2010-12-02 14:47:00
536771,17581,2010-12-02 14:49:00
536777,15732,2010-12-02 15:00:00
536778,13138,2010-12-02 15:03:00
536779,15823,2010-12-02 15:08:00
536781,17460,2010-12-02 15:14:00
536782,17567,2010-12-02 15:18:00
536783,15061,2010-12-02 15:19:00
536784,15061,2010-12-02 15:20:00
536785,15061,2010-12-02 15:22:00
536786,15061,2010-12-02 15:23:00
536787,17850,2010-12-02 15:24:00
536788,15061,2010-12-02 15:25:00
536789,17850,2010-12-02 15:25:00
536790,17850,2010-12-02 15:26:00
536791,17850,2010-12-02 15:27:00
536792,15061,2010-12-02 15:28:00
536793,16203,2010-12-02 15:39:00
536794,13767,2010-12-02 15:40:00
536795,15640,2010-12-02 15:40:00
536796,15574,2010-12-02 15:46:00
536797,16770,2010-12-02 15:49:00
536798,17838,2010-12-02 15:55:00
536799,17228,2010-12-02 16:00:00
536800,14829,2010-12-02 16:12:00
536802,17412,2010-12-02 16:29:00
536803,14911,2010-12-02 16:33:00
536804,14031,2010-12-02 16:34:00
536805,14775,2010-12-02 16:38:00
536806,12971,2010-12-02 16:42:00
536808,17659,2010-12-02 16:46:00
536809,15299,2010-12-02 16:48:00
536810,15299,2010-12-02 16:50:00
536811,15299,2010-12-02 16:51:00
536813,15646,2010-12-02 16:59:00
536819,13402,2010-12-02 17:12:00
536821,17757,2010-12-02 17:17:00
536823,13011,2010-12-02 17:22:00
536824,13798,2010-12-02 17:24:00
536830,16754,2010-12-02 17:38:00
536831,16029,2010-12-02 17:40:00
536832,16634,2010-12-02 17:41:00
536833,18239,2010-12-02 17:48:00
536834,14576,2010-12-02 17:51:00
536835,13145,2010-12-02 18:06:00
536836,18168,2010-12-02 18:08:00
536837,14395,2010-12-02 18:15:00
536838,14865,2010-12-02 18:23:00
536839,15093,2010-12-02 18:25:00
536840,12738,2010-12-02 18:27:00
536841,16150,2010-12-02 18:27:00
536842,17552,2010-12-02 18:45:00
536843,17552,2010-12-02 18:46:00
536844,14236,2010-12-02 18:49:00
536845,17961,2010-12-02 19:18:00
536846,14573,2010-12-02 19:59:00
536847,17135,2010-12-03 09:31:00
536848,13408,2010-12-03 09:39:00
536849,17396,2010-12-03 09:45:00
536851,12967,2010-12-03 09:49:00
536852,12686,2010-12-03 09:51:00
536856,13370,2010-12-03 10:26:00
536857,16883,2010-12-03 10:33:00
536858,13520,2010-12-03 10:36:00
536859,12841,2010-12-03 10:43:00
536860,16905,2010-12-03 10:43:00
536861,12427,2010-12-03 10:44:00
536863,17967,2010-12-03 11:19:00
536874,16891,2010-12-03 11:35:00
536884,14589,2010-12-03 11:42:00
536890,14156,2010-12-03 11:48:00
536938,14680,2010-12-03 12:05:00
536943,17884,2010-12-03 12:11:00
536944,12557,2010-12-03 12:20:00
536945,14083,2010-12-03 12:24:00
536946,13013,2010-12-03 12:28:00
536947,13013,2010-12-03 12:29:00
536954,17809,2010-12-03 12:41:00
536956,14210,2010-12-03 12:43:00
536957,17809,2010-12-03 12:43:00
536960,16477,2010-12-03 12:48:00
536967,12600,2010-12-03 12:57:00
536968,16013,2010-12-03 13:09:00
536969,16013,2010-12-03 13:10:00
536970,17949,2010-12-03 13:12:00
536971,12779,2010-12-03 13:40:00
536972,16926,2010-12-03 13:42:00
536973,17787,2010-12-03 13:43:00
536974,12682,2010-12-03 13:59:00
536975,14911,2010-12-03 14:04:00
536976,14723,2010-12-03 14:18:00
536977,17954,2010-12-03 14:18:00
536980,17819,2010-12-03 14:26:00
536981,14723,2010-12-03 14:26:00
536983,12712,2010-12-03 14:30:00
536984,17841,2010-12-03 14:35:00
536985,15373,2010-12-03 14:40:00
536986,16140,2010-12-03 14:40:00
536987,17198,2010-12-03 14:54:00
536988,17238,2010-12-03 15:05:00
536989,17238,2010-12-03 15:10:00
536990,12793,2010-12-03 15:14:00
536992,15769,2010-12-03 15:16:00
536993,14396,2010-12-03 15:19:00
536994,14898,2010-12-03 15:25:00
537022,12725,2010-12-03 15:45:00
537023,16725,2010-12-03 16:02:00
537026,12395,2010-12-03 16:35:00
537030,16455,2010-12-03 16:44:00
537031,16455,2010-12-03 16:45:00
537034,13081,2010-12-03 17:20:00
537035,13081,2010-12-03 17:21:00
537036,15545,2010-12-03 17:28:00
537037,17243,2010-12-05 10:03:00
537038,15465,2010-12-05 10:12:00
537040,13089,2010-12-05 10:27:00
537041,16033,2010-12-05 10:36:00
537042,13838,2010-12-05 10:45:00
537044,18055,2010-12-05 10:52:00
537045,15038,2010-12-05 10:54:00
537046,18109,2010-12-05 10:58:00
537047,13069,2010-12-05 11:02:00
537048,13069,2010-12-05 11:03:00
537049,16241,2010-12-05 11:04:00
537050,14800,2010-12-05 11:10:00
537051,15708,2010-12-05 11:12:00
537052,16839,2010-12-05 11:15:00
537053,16168,2010-12-05 11:38:00
537054,16931,2010-12-05 11:40:00
537055,16814,2010-12-05 11:45:00
537057,15351,2010-12-05 11:49:00
537058,13269,2010-12-05 11:51:00
537059,14813,2010-12-05 11:54:00
537065,12567,2010-12-05 11:57:00
537067,14813,2010-12-05 11:57:00
537077,17062,2010-12-05 11:59:00
537081,15332,2010-12-05 12:00:00
537086,15332,2010-12-05 12:01:00
537090,15332,2010-12-05 12:02:00
537111,14810,2010-12-05 12:08:00
537117,16353,2010-12-05 12:09:00
537126,18118,2010-12-05 12:13:00
537127,13831,2010-12-05 12:13:00
537128,12841,2010-12-05 12:15:00
537129,13506,2010-12-05 12:15:00
537130,17796,2010-12-05 12:23:00
537131,15716,2010-12-05 12:26:00
537133,18156,2010-12-05 12:29:00
537134,16983,2010-12-05 12:34:00
537135,17059,2010-12-05 12:35:00
537136,12748,2010-12-05 12:42:00
537137,16327,2010-12-05 12:43:00
537138,17211,2010-12-05 12:44:00
537139,17026,2010-12-05 12:47:00
537140,12748,2010-12-05 12:53:00
537141,15570,2010-12-05 12:57:00
537142,12748,2010-12-05 12:57:00
537144,15880,2010-12-05 13:00:00
537153,16718,2010-12-05 13:03:00
537154,15808,2010-12-05 13:05:00
537155,12748,2010-12-05 13:05:00
537156,17858,2010-12-05 13:08:00
537158,16393,2010-12-05 13:10:00
537159,14527,2010-12-05 13:17:00
537160,14161,2010-12-05 13:18:00
537163,17863,2010-12-05 13:21:00
537176,16411,2010-12-05 13:26:00
537179,13767,2010-12-05 13:29:00
537192,16402,2010-12-05 13:42:00
537193,15023,2010-12-05 13:49:00
537194,17402,2010-12-05 13:53:00
537195,15311,2010-12-05 13:55:00
537196,15426,2010-12-05 13:55:00
537197,12647,2010-12-05 14:02:00
537198,12647,2010-12-05 14:03:00
537199,15894,2010-12-05 14:06:00
537200,15867,2010-12-05 14:17:00
537201,12472,2010-12-05 14:19:00
537202,14506,2010-12-05 14:25:00
537204,15555,2010-12-05 14:45:00
537205,13034,2010-12-05 14:52:00
537206,15235,2010-12-05 15:02:00
537207,17402,2010-12-05 15:06:00
537208,15889,2010-12-05 15:12:00
537209,14606,2010-12-05 15:12:00
537210,15953,2010-12-05 15:15:00
537211,16143,2010-12-05 15:18:00
537212,12720,2010-12-05 15:21:00
537213,12748,2010-12-05 15:26:00
537214,16422,2010-12-05 15:35:00
537215,12747,2010-12-05 15:38:00
537216,15502,2010-12-05 15:40:00
537217,15502,2010-12-05 15:40:00
537218,12763,2010-12-05 15:46:00
537219,14081,2010-12-05 15:47:00
537221,17965,2010-12-05 15:54:00
537222,14404,2010-12-05 16:00:00
537223,13579,2010-12-05 16:10:00
537224,13174,2010-12-05 16:24:00
537225,12748,2010-12-05 16:41:00
537226,15987,2010-12-06 08:34:00
537227,17677,2010-12-06 08:42:00
537228,17677,2010-12-06 08:43:00
537229,17677,2010-12-06 08:44:00
537231,13652,2010-12-06 09:21:00
537233,17428,2010-12-06 09:37:00
537235,17381,2010-12-06 09:45:00
537236,16858,2010-12-06 09:52:00
537238,16161,2010-12-06 10:03:00
537239,18219,2010-12-06 10:05:00
537241,14293,2010-12-06 10:18:00
537242,14748,2010-12-06 10:19:00
537243,16638,2010-12-06 10:19:00
537244,17674,2010-12-06 10:20:00
537245,14748,2010-12-06 10:24:00
537246,12808,2010-12-06 10:27:00
537247,13094,2010-12-06 10:34:00
537248,15899,2010-12-06 10:36:00
537249,16955,2010-12-06 10:38:00
537250,12708,2010-12-06 10:43:00
537254,15898,2010-12-06 11:01:00
537255,14443,2010-12-06 11:03:00
537256,16210,2010-12-06 11:06:00
537257,17691,2010-12-06 11:10:00
537258,17227,2010-12-06 11:16:00
537262,15039,2010-12-06 11:26:00
537265,15919,2010-12-06 11:26:00
537298,13497,2010-12-06 11:37:00
537301,15860,2010-12-06 11:38:00
537312,14189,2010-12-06 11:42:00
537313,15304,2010-12-06 11:42:00
537332,14344,2010-12-06 11:58:00
537334,16719,2010-12-06 12:06:00
537335,15048,2010-12-06 12:15:00
537346,15301,2010-12-06 12:21:00
537350,14708,2010-12-06 12:23:00
537351,16898,2010-12-06 12:23:00
537354,12748,2010-12-06 12:23:00
537359,14825,2010-12-06 12:30:00
537360,18113,2010-12-06 12:31:00
537362,17596,2010-12-06 12:34:00
537365,15078,2010-12-06 12:38:00
537366,14085,2010-12-06 12:39:00
537367,15078,2010-12-06 12:39:00
537368,14911,2010-12-06 12:40:00
537369,17860,2010-12-06 12:41:00
537370,13155,2010-12-06 12:44:00
537371,15028,2010-12-06 12:47:00
537372,16919,2010-12-06 12:52:00
537374,17259,2010-12-06 12:55:00
537375,17019,2010-12-06 12:55:00
537376,16722,2010-12-06 12:59:00
537377,15882,2010-12-06 13:01:00
537378,14911,2010-12-06 13:06:00
537380,15882,2010-12-06 13:12:00
537381,14667,2010-12-06 13:13:00
537382,16710,2010-12-06 13:13:00
537384,15984,2010-12-06 13:21:00
537385,14487,2010-12-06 13:22:00
537386,14911,2010-12-06 13:32:00
537387,13468,2010-12-06 13:34:00
537388,17682,2010-12-06 13:35:00
537389,17757,2010-12-06 13:41:00
537390,16658,2010-12-06 13:47:00
537391,16550,2010-12-06 13:53:00
537392,17068,2010-12-06 13:58:00
537393,13089,2010-12-06 13:59:00
537394,13089,2010-12-06 14:00:00
537395,15356,2010-12-06 14:05:00
537396,17223,2010-12-06 14:08:00
537397,16817,2010-12-06 14:19:00
537399,13030,2010-12-06 14:31:00
537400,17191,2010-12-06 14:36:00
537403,17191,2010-12-06 14:43:00
537404,17191,2010-12-06 14:46:00
537405,17841,2010-12-06 14:51:00
537407,15502,2010-12-06 14:55:00
537409,15194,2010-12-06 15:00:00
537410,14409,2010-12-06 15:03:00
537412,14409,2010-12-06 15:06:00
537415,16654,2010-12-06 15:09:00
537418,17884,2010-12-06 15:13:00
537419,13495,2010-12-06 15:14:00
537420,17519,2010-12-06 15:18:00
537421,17218,2010-12-06 15:25:00
537422,17812,2010-12-06 15:27:00
537423,14215,2010-12-06 15:34:00
537424,15602,2010-12-06 15:35:00
537428,17320,2010-12-06 15:38:00
537429,12748,2010-12-06 15:54:00
537433,12913,2010-12-06 16:36:00
537435,17920,2010-12-06 16:58:00
537440,17869,2010-12-06 17:16:00
537441,13564,2010-12-06 17:26:00
537446,18055,2010-12-07 09:13:00
537447,13963,2010-12-07 09:21:00
537448,17450,2010-12-07 09:23:00
537456,17450,2010-12-07 09:43:00
537457,17511,2010-12-07 09:51:00
537458,17091,2010-12-07 09:55:00
537459,17470,2010-12-07 09:57:00
537460,17616,2010-12-07 10:04:00
537461,15649,2010-12-07 10:06:00
537462,17228,2010-12-07 10:06:00
537463,12681,2010-12-07 10:08:00
537464,14907,2010-12-07 10:14:00
537465,17735,2010-12-07 10:32:00
537467,16059,2010-12-07 10:36:00
537468,12567,2010-12-07 10:36:00
537469,17720,2010-12-07 10:43:00
537470,15018,2010-12-07 10:47:00
537471,14344,2010-12-07 10:51:00
537472,12971,2010-12-07 11:11:00
537476,15838,2010-12-07 11:26:00
537484,14733,2010-12-07 11:30:00
537489,17017,2010-12-07 11:33:00
537509,13756,2010-12-07 11:41:00
537523,14176,2010-12-07 11:45:00
537538,15353,2010-12-07 11:49:00
537567,18119,2010-12-07 11:59:00
537592,17491,2010-12-07 12:18:00
537593,14282,2010-12-07 12:21:00
537594,12647,2010-12-07 12:28:00
537595,13569,2010-12-07 12:29:00
537598,14135,2010-12-07 12:37:00
537599,17954,2010-12-07 12:37:00
537601,17287,2010-12-07 12:43:00
537603,14673,2010-12-07 12:49:00
537604,13488,2010-12-07 13:01:00
537605,16221,2010-12-07 13:13:00
537606,15002,2010-12-07 13:16:00
537607,15965,2010-12-07 13:18:00
537608,15024,2010-12-07 13:20:00
537609,17675,2010-12-07 13:22:00
537612,13769,2010-12-07 13:28:00
537614,16904,2010-12-07 13:29:00
537615,15898,2010-12-07 13:30:00
537616,16904,2010-12-07 13:30:00
537617,16086,2010-12-07 13:45:00
537618,15061,2010-12-07 13:50:00
537619,13786,2010-12-07 13:53:00
537620,13880,2010-12-07 14:00:00
537622,13173,2010-12-07 14:30:00
537623,15858,2010-12-07 14:31:00
537624,12748,2010-12-07 14:41:00
537625,15180,2010-12-07 14:57:00
537626,12347,2010-12-07 14:57:00
537627,14739,2010-12-07 14:58:00
537628,16293,2010-12-07 15:02:00
537629,17419,2010-12-07 15:03:00
537631,17419,2010-12-07 15:04:00
537634,16775,2010-12-07 15:15:00
537635,16306,2010-12-07 15:18:00
537636,16950,2010-12-07 15:20:00
537646,17591,2010-12-07 15:39:00
537648,12839,2010-12-07 15:48:00
537649,13807,2010-12-07 15:48:00
537650,16125,2010-12-07 15:48:00
537653,17897,2010-12-07 15:54:00
537655,15081,2010-12-07 16:20:00
537657,18102,2010-12-07 16:42:00
537658,18102,2010-12-07 16:43:00
537659,18102,2010-12-07 16:43:00
537664,15024,2010-12-07 17:05:00
537665,16365,2010-12-07 17:19:00
537667,17870,2010-12-08 08:12:00
537668,14821,2010-12-08 08:43:00
537669,16863,2010-12-08 08:58:00
537670,13078,2010-12-08 09:07:00
537671,13267,2010-12-08 09:20:00
537672,13050,2010-12-08 09:30:00
537673,12709,2010-12-08 09:49:00
537674,15628,2010-12-08 09:51:00
537676,12386,2010-12-08 09:53:00
537678,16779,2010-12-08 09:56:00
537680,13599,2010-12-08 10:11:00
537681,13329,2010-12-08 10:11:00
537682,13599,2010-12-08 10:13:00
537683,12921,2010-12-08 10:14:00
537685,18077,2010-12-08 10:21:00
537686,14744,2010-12-08 10:21:00
537688,17406,2010-12-08 10:35:00
537689,15750,2010-12-08 10:36:00
537690,13983,2010-12-08 10:38:00
537691,13842,2010-12-08 10:39:00
537692,14796,2010-12-08 10:40:00
537693,12441,2010-12-08 10:45:00
537694,14901,2010-12-08 10:46:00
537698,13199,2010-12-08 10:51:00
537700,18229,2010-12-08 10:51:00
537707,14032,2010-12-08 10:53:00
537738,17706,2010-12-08 11:02:00
537743,17706,2010-12-08 11:02:00
537751,17706,2010-12-08 11:04:00
537754,16081,2010-12-08 11:16:00
537755,16525,2010-12-08 11:31:00
537757,17975,2010-12-08 11:38:00
537758,16122,2010-12-08 11:41:00
537759,13126,2010-12-08 11:42:00
537760,15973,2010-12-08 11:42:00
537761,13126,2010-12-08 11:43:00
537762,16558,2010-12-08 12:01:00
537764,16893,2010-12-08 12:06:00
537765,14606,2010-12-08 12:08:00
537766,17677,2010-12-08 12:08:00
537767,15100,2010-12-08 12:09:00
537768,15750,2010-12-08 12:11:00
537769,15021,2010-12-08 12:17:00
537770,15529,2010-12-08 12:24:00
537771,15498,2010-12-08 12:29:00
537772,18043,2010-12-08 12:35:00
537773,16016,2010-12-08 12:36:00
537774,14060,2010-12-08 12:40:00
537775,17722,2010-12-08 12:41:00
537780,17324,2010-12-08 12:45:00
537781,17341,2010-12-08 12:46:00
537789,14051,2010-12-08 12:49:00
537791,16233,2010-12-08 12:51:00
537792,16385,2010-12-08 12:56:00
537793,15032,2010-12-08 12:57:00
537794,16713,2010-12-08 13:01:00
537795,17213,2010-12-08 13:03:00
537796,18061,2010-12-08 13:03:00
537799,15916,2010-12-08 13:07:00
537800,12748,2010-12-08 13:08:00
537801,15221,2010-12-08 13:08:00
537802,13455,2010-12-08 13:11:00
537803,15916,2010-12-08 13:14:00
537804,12748,2010-12-08 13:17:00
537806,13113,2010-12-08 13:21:00
537808,15311,2010-12-08 13:23:00
537809,14217,2010-12-08 13:28:00
537810,15032,2010-12-08 13:30:00
537811,17262,2010-12-08 13:30:00
537813,18259,2010-12-08 13:38:00
537815,17676,2010-12-08 13:49:00
537816,16679,2010-12-08 13:51:00
537817,18269,2010-12-08 13:53:00
537818,12766,2010-12-08 13:53:00
537819,15298,2010-12-08 13:55:00
537822,13523,2010-12-08 14:22:00
537825,15005,2010-12-08 14:36:00
537826,15581,2010-12-08 14:38:00
537827,15332,2010-12-08 14:43:00
537828,15680,2010-12-08 14:43:00
537829,15498,2010-12-08 14:46:00
537830,13649,2010-12-08 14:46:00
537831,17894,2010-12-08 14:50:00
537833,13270,2010-12-08 14:53:00
537836,14866,2010-12-08 14:58:00
537837,13077,2010-12-08 14:59:00
537840,13531,2010-12-08 15:03:00
537841,13848,2010-12-08 15:10:00
537842,13140,2010-12-08 15:12:00
537843,15713,2010-12-08 15:16:00
537844,17999,2010-12-08 15:17:00
537845,17690,2010-12-08 15:23:00
537846,15347,2010-12-08 15:25:00
537847,14766,2010-12-08 15:33:00
537848,13777,2010-12-08 15:35:00
537849,13777,2010-12-08 15:35:00
537850,16722,2010-12-08 15:38:00
537851,13758,2010-12-08 15:39:00
537852,17340,2010-12-08 15:56:00
537854,13984,2010-12-08 15:58:00
537855,15996,2010-12-08 15:59:00
537859,14030,2010-12-08 16:11:00
537861,16596,2010-12-08 16:18:00
537862,12971,2010-12-08 16:21:00
537863,14030,2010-12-08 16:29:00
537864,16700,2010-12-08 16:34:00
537865,16011,2010-12-08 16:34:00
537866,17655,2010-12-08 16:45:00
537867,16717,2010-12-08 16:48:00
537868,12433,2010-12-08 16:49:00
537871,12748,2010-12-08 17:20:00
537879,14243,2010-12-09 08:34:00
537880,12963,2010-12-09 09:14:00
537881,15513,2010-12-09 09:23:00
537882,15079,2010-12-09 09:25:00
537883,14437,2010-12-09 09:27:00
537884,15694,2010-12-09 09:30:00
537885,12942,2010-12-09 09:34:00
537886,15660,2010-12-09 09:49:00
537887,18092,2010-12-09 10:00:00
537888,15358,2010-12-09 10:04:00
537889,13319,2010-12-09 10:04:00
537890,15358,2010-12-09 10:04:00
537891,13319,2010-12-09 10:05:00
537892,12481,2010-12-09 10:13:00
537894,12621,2010-12-09 10:16:00
537895,14299,2010-12-09 10:30:00
537896,18071,2010-12-09 10:33:00
537897,12683,2010-12-09 10:37:00
537898,17377,2010-12-09 10:42:00
537899,12755,2010-12-09 10:44:00
537900,15983,2010-12-09 10:45:00
537901,13854,2010-12-09 10:48:00
537915,12797,2010-12-09 10:55:00
537955,16782,2010-12-09 11:28:00
537963,13369,2010-12-09 11:30:00
537967,12494,2010-12-09 11:31:00
537981,17857,2010-12-09 11:35:00
537995,12712,2010-12-09 11:39:00
538000,12748,2010-12-09 11:44:00
538002,14932,2010-12-09 11:48:00
538003,12429,2010-12-09 12:05:00
538005,13090,2010-12-09 12:12:00
538006,14987,2010-12-09 12:13:00
538007,14355,2010-12-09 12:16:00
538008,12683,2010-12-09 12:17:00
538009,14911,2010-12-09 12:17:00
538010,17526,2010-12-09 12:20:00
538011,14896,2010-12-09 12:24:00
538012,14527,2010-12-09 12:32:00
538013,17062,2010-12-09 12:37:00
538014,14440,2010-12-09 12:49:00
538015,13240,2010-12-09 12:49:00
538032,14479,2010-12-09 12:59:00
538035,16065,2010-12-09 13:03:00
538037,17430,2010-12-09 13:05:00
538040,16520,2010-12-09 13:08:00
538048,15945,2010-12-09 13:14:00
538049,12748,2010-12-09 13:21:00
538050,12748,2010-12-09 13:22:00
538051,18041,2010-12-09 13:24:00
538053,15856,2010-12-09 13:34:00
538056,17198,2010-12-09 13:34:00
538057,13102,2010-12-09 13:38:00
538063,18102,2010-12-09 13:44:00
538064,15271,2010-12-09 13:47:00
538065,13982,2010-12-09 13:57:00
538067,15288,2010-12-09 13:59:00
538068,17978,2010-12-09 14:05:00
538069,16795,2010-12-09 14:08:00
538070,16519,2010-12-09 14:08:00
538073,17816,2010-12-09 14:10:00
538076,15311,2010-12-09 14:15:00
538077,14667,2010-12-09 14:19:00
538078,16255,2010-12-09 14:25:00
538079,17671,2010-12-09 14:27:00
538080,17646,2010-12-09 14:28:00
538086,12872,2010-12-09 14:44:00
538087,17339,2010-12-09 14:44:00
538093,12682,2010-12-09 14:49:00
538094,13117,2010-12-09 14:50:00
538095,17097,2010-12-09 14:55:00
538097,15192,2010-12-09 14:56:00
538101,15380,2010-12-09 15:01:00
538104,17950,2010-12-09 15:16:00
538106,17950,2010-12-09 15:20:00
538107,12826,2010-12-09 15:21:00
538108,17456,2010-12-09 15:23:00
538113,15811,2010-12-09 15:29:00
538116,13327,2010-12-09 15:32:00
538117,13327,2010-12-09 15:33:00
538120,17017,2010-12-09 15:35:00
538125,18225,2010-12-09 15:46:00
538126,17838,2010-12-09 15:50:00
538145,15211,2010-12-09 16:08:00
538146,15596,2010-12-09 16:10:00
538147,13090,2010-12-09 16:11:00
538151,16163,2010-12-09 16:28:00
538155,16907,2010-12-09 16:52:00
538156,15555,2010-12-09 16:53:00
538157,17576,2010-12-09 16:57:00
538163,17841,2010-12-09 17:27:00
538165,14031,2010-12-09 17:34:00
538166,17965,2010-12-09 18:09:00
538167,14713,2010-12-09 18:58:00
538168,14702,2010-12-09 19:23:00
538169,13230,2010-12-09 19:28:00
538170,13969,2010-12-09 19:32:00
538171,17530,2010-12-09 20:01:00
